tree
version=v4
num_class=1
num_tree_per_iteration=1
label_index=0
max_feature_idx=24
objective=binary sigmoid:1
feature_names=Column_0 Column_1 Column_2 Column_3 Column_4 Column_5 Column_6 Column_7 Column_8 Column_9 Column_10 Column_11 Column_12 Column_13 Column_14 Column_15 Column_16 Column_17 Column_18 Column_19 Column_20 Column_21 Column_22 Column_23 Column_24
feature_infos=[0.61538461538461542:1] [0.61538461538461542:1] [0.30987563729286194:1.0000003576278687] none none none [0:1] [0:1] none none none none [0:1] [0:1] none [0:1] none [0:1] [0:1] [0:1] none [0:1] [0:1] none [0.8571428571428571:1]
tree_sizes=759 883 881 883 777 881 883 774 881 777 886 886 874 876 875 879 878 880 875 879 875 888 885 877 882 880 886 889 882 876 885 875 890 882 887 886 883 886 887 898 886 887 886 879 881 896 896 889 887 887 879 894 899 902 904 907 899 907 907 905 907 905 909 911 914 907 913 910 913 914 913 914 910 911 919 919 919 921 922 920 922 921 924 920 925 926 923 929 927 926 931 927 930 930 926 932 932 934 935 936 935 936 940 943 936 937 939 931 940 938 934 927 930 928 826 828 715 603 602 607

Tree=0
num_leaves=6
num_cat=0
split_feature=1 12 0 0 2
split_gain=1572.04 131.634 153.981 616.341 2.84217e-14
threshold=0.98000000000000009 1.0000000180025095e-35 0.84222222222222232 0.81992797118847549 0.86236387491226207
decision_type=2 2 2 2 2
left_child=1 4 3 -3 -1
right_child=-2 2 -4 -5 -6
leaf_value=-2.02870808147176 -1.1359710939386951 -2.02870808147176 -2.02870808147176 -1.1359710939386951 -2.02870808147176
leaf_weight=187.62525226920843 23.747196108102798 22.178985044360161 29.796010211110115 11.873598054051397 1.9042562916874874
leaf_count=1675 212 198 266 106 17
internal_value=-1.91396 -1.98687 -1.86269 -1.71742 -2.02871
internal_weight=277.125 253.378 63.8486 34.0526 189.53
internal_count=2474 2262 570 304 1692
is_linear=0
shrinkage=1


Tree=1
num_leaves=7
num_cat=0
split_feature=1 12 0 0 2 1
split_gain=780.279 112.395 106.868 273.949 1.13687e-13 2.84217e-14
threshold=0.98000000000000009 1.0000000180025095e-35 0.84222222222222232 0.81992797118847549 1.0000001788139345 0.93475177304964541
decision_type=2 2 2 2 2 2
left_child=1 5 3 -3 -2 -1
right_child=4 2 -4 -5 -6 -7
leaf_value=-0.11315052878800563 0.41141963357266853 -0.11315052878800563 -0.11315052878800563 0.41141963357266853 0.41141963357266853 -0.11315052878800563
leaf_weight=161.56928943097591 36.428489059209824 20.337393075227737 27.321952313184738 19.502120405435562 2.5757517516612998 12.22297866642475
leaf_count=1573 198 198 266 106 14 119
internal_value=-0.00352446 -0.0706933 0.0391724 0.143636 0.41142 -0.113151
internal_weight=279.958 240.954 67.1615 39.8395 39.0042 173.792
internal_count=2474 2262 570 304 212 1692
is_linear=0
shrinkage=0.1


Tree=2
num_leaves=7
num_cat=0
split_feature=1 12 0 0 0 0
split_gain=543.483 99.84 84.6344 180.964 5.68434e-14 2.84217e-14
threshold=0.98000000000000009 1.0000000180025095e-35 0.84222222222222232 0.81992797118847549 0.93475177304964541 0.63448020717721065
decision_type=2 2 2 2 2 2
left_child=1 5 3 -3 -2 -1
right_child=4 2 -4 -5 -6 -7
leaf_value=-0.11174363624351052 0.30638051515053549 -0.11174363624351052 -0.11174363624351052 0.30638051515053549 0.30638051515053549 -0.11174363624351052
leaf_weight=6.8656220883131018 8.3546834886074048 18.62182429432869 25.017198294401169 23.305169731378555 38.255655974149704 152.26633097231388
leaf_count=73 38 198 266 106 174 1619
internal_value=-0.00453861 -0.0686411 0.0338172 0.120671 0.306381 -0.111744
internal_weight=272.686 226.076 66.9442 41.927 46.6103 159.132
internal_count=2474 2262 570 304 212 1692
is_linear=0
shrinkage=0.1


Tree=3
num_leaves=7
num_cat=0
split_feature=1 12 0 0 2 2
split_gain=415.692 89.4291 69.8935 133.849 5.68434e-14 2.84217e-14
threshold=0.98000000000000009 1.0000000180025095e-35 0.84222222222222232 0.81992797118847549 0.99999985098838817 0.77586436271667492
decision_type=2 2 2 2 2 2
left_child=1 5 3 -3 -2 -1
right_child=4 2 -4 -5 -6 -7
leaf_value=-0.11050202579257998 0.25191802437516614 -0.11050202579257998 -0.11050202579257998 0.25191802437516614 0.25191802437516614 -0.11050202579257998
leaf_weight=141.73911690711975 22.74125449359417 17.029335647821426 22.877794355154037 25.374452382326126 28.007650271058083 3.7842968106269828
leaf_count=1648 95 198 266 106 117 44
internal_value=-0.00502231 -0.0668778 0.0303679 0.10637 0.251918 -0.110502
internal_weight=261.554 210.805 65.2816 42.4038 50.7489 145.523
internal_count=2474 2262 570 304 212 1692
is_linear=0
shrinkage=0.1


Tree=4
num_leaves=6
num_cat=0
split_feature=1 12 0 0 0
split_gain=333.26 80.3827 59.0608 104.856 3.55271e-15
threshold=0.98000000000000009 1.0000000180025095e-35 0.84222222222222232 0.81992797118847549 0.87750000000000006
decision_type=2 2 2 2 2
left_child=1 -1 3 -3 -4
right_child=-2 2 4 -5 -6
leaf_value=-0.10940334826447631 0.21808718700967608 -0.10940334826447631 -0.1094033482644762 0.21808718700967608 -0.10940334826447631
leaf_weight=132.9295999109745 52.635449230670929 15.555591478943823 3.613925293087962 26.317724615335464 17.283990532159805
leaf_count=1692 212 198 46 106 220
internal_value=-0.00528478 -0.0653626 0.0279017 0.0964272 -0.109403
internal_weight=248.336 195.701 62.7712 41.8733 20.8979
internal_count=2474 2262 570 304 266
is_linear=0
shrinkage=0.1


Tree=5
num_leaves=7
num_cat=0
split_feature=1 12 0 0 0 2
split_gain=274.886 72.3811 50.6476 85.0572 2.84217e-14 3.55271e-15
threshold=0.98000000000000009 1.0000000180025095e-35 0.84222222222222232 0.81992797118847549 0.98000000000000009 0.67513513565063488
decision_type=2 2 2 2 2 2
left_child=1 -1 3 -3 -2 -4
right_child=4 2 5 -5 -6 -7
leaf_value=-0.10842887385865528 0.19494861967873942 -0.10842887385865528 -0.10842887385865521 0.19494861967873942 0.19494861967873942 -0.10842887385865528
leaf_weight=121.30530515313148 16.239089965820312 14.19530166685581 5.2336213216185596 26.482208251953125 36.725326538085938 13.83683445304632
leaf_count=1692 65 198 73 106 147 193
internal_value=-0.0054353 -0.0640546 0.0260377 0.0890784 0.194949 -0.108429
internal_weight=234.018 181.053 59.748 40.6775 52.9644 19.0705
internal_count=2474 2262 570 304 212 266
is_linear=0
shrinkage=0.1


Tree=6
num_leaves=7
num_cat=0
split_feature=1 12 0 0 0 0
split_gain=231.095 65.2448 43.8813 70.62 1.42109e-14 3.55271e-15
threshold=0.98000000000000009 1.0000000180025095e-35 0.84222222222222232 0.81992797118847549 0.91833333333333333 0.95916666666666683
decision_type=2 2 2 2 2 2
left_child=1 4 3 -3 -1 -4
right_child=-2 2 5 -5 -6 -7
leaf_value=-0.10756273345560514 0.17813103163054078 -0.10756273345560514 -0.10756273345560513 0.17813103163054078 -0.10756273345560514 -0.10756273345560514
leaf_weight=101.90644183009863 52.20117199420929 12.94257567822933 14.184540010988714 26.100585997104645 8.6937503293156606 3.2029606476426116
leaf_count=1559 212 198 217 106 133 49
internal_value=-0.00552324 -0.0629196 0.0245777 0.0834252 -0.107563 -0.107563
internal_weight=219.232 167.031 56.4307 39.0432 110.6 17.3875
internal_count=2474 2262 570 304 1692 266
is_linear=0
shrinkage=0.1


Tree=7
num_leaves=6
num_cat=0
split_feature=1 12 0 0 0
split_gain=196.938 58.8522 38.3073 59.6091 3.55271e-15
threshold=0.98000000000000009 1.0000000180025095e-35 0.84222222222222232 0.81992797118847549 0.90731292517006812
decision_type=2 2 2 2 2
left_child=1 -1 3 -3 -4
right_child=-2 2 4 -5 -6
leaf_value=-0.10679149149978218 0.1653825990612478 -0.10679149149978218 -0.10679149149978218 0.1653825990612478 -0.10679149149978218
leaf_weight=100.76097375154495 50.677879929542542 11.79117777943611 7.26527115702629 25.338939964771271 8.5754020214080793
leaf_count=1692 212 198 122 106 144
internal_value=-0.00557411 -0.0619302 0.0234048 0.07895 -0.106791
internal_weight=204.41 153.732 52.9708 37.1301 15.8407
internal_count=2474 2262 570 304 266
is_linear=0
shrinkage=0.1


Tree=8
num_leaves=7
num_cat=0
split_feature=1 12 0 0 2 2
split_gain=169.541 53.1112 33.635 50.9347 1.42109e-14 1.42109e-14
threshold=0.98000000000000009 1.0000000180025095e-35 0.84222222222222232 0.81992797118847549 0.8399026393890382 0.99999985098838817
decision_type=2 2 2 2 2 2
left_child=1 4 3 -3 -1 -2
right_child=5 2 -4 -5 -6 -7
leaf_value=-0.10610360388061911 0.15541629374835192 -0.10610360388061911 -0.10610360388061911 0.15541629374835192 -0.10610360388061911 0.15541629374835192
leaf_weight=90.648867458105087 21.79555743932724 10.734734304249285 14.421410731971262 24.31925356388092 1.0843165963888157 26.842949688434601
leaf_count=1672 95 198 266 106 20 117
internal_value=-0.00560216 -0.0610641 0.0224445 0.0753299 -0.106104 0.155416
internal_weight=189.847 141.209 49.4754 35.054 91.7332 48.6385
internal_count=2474 2262 570 304 1692 212
is_linear=0
shrinkage=0.1


Tree=9
num_leaves=6
num_cat=0
split_feature=1 12 0 0 0
split_gain=147.104 47.9472 29.6668 43.9325 1.42109e-14
threshold=0.98000000000000009 1.0000000180025095e-35 0.84222222222222232 0.81992797118847549 0.98000000000000009
decision_type=2 2 2 2 2
left_child=1 -1 3 -3 -2
right_child=4 2 -4 -5 -6
leaf_value=-0.10548917020251275 0.14743960270697865 -0.10548917020251275 -0.10548917020251275 0.14743960270697865 0.14743960270697865
leaf_weight=83.462388709187508 14.184894412755964 9.7668752744793874 13.121155671775339 23.132289350032806 32.079684287309647
leaf_count=1692 65 198 266 106 147
internal_value=-0.00561585 -0.060303 0.0216464 0.0723519 0.14744
internal_weight=175.747 129.483 46.0203 32.8992 46.2646
internal_count=2474 2262 570 304 212
is_linear=0
shrinkage=0.1


Tree=10
num_leaves=7
num_cat=0
split_feature=1 12 0 0 0 0
split_gain=128.43 43.2973 26.2624 38.1731 1.42109e-14 1.42109e-14
threshold=0.98000000000000009 1.0000000180025095e-35 0.84222222222222232 0.81992797118847549 0.91833333333333333 0.93475177304964541
decision_type=2 2 2 2 2 2
left_child=1 4 3 -3 -1 -2
right_child=5 2 -4 -5 -6 -7
leaf_value=-0.10493961508729187 0.14093633144569115 -0.10493961508729183 -0.10493961508729187 0.14093633144569115 -0.10493961508729187 0.14093633144569115
leaf_weight=69.929430648684502 7.8315288424491873 8.8813516795635241 11.931512862443922 21.845843613147736 5.9657564312219611 35.860158383846283
leaf_count=1559 38 198 266 106 133 174
internal_value=-0.00562041 -0.0596322 0.0209753 0.0698686 -0.10494 0.140936
internal_weight=162.246 118.554 42.6587 30.7272 75.8952 43.6917
internal_count=2474 2262 570 304 1692 212
is_linear=0
shrinkage=0.1


Tree=11
num_leaves=7
num_cat=0
split_feature=1 12 0 0 2 2
split_gain=112.691 39.1071 23.318 33.3651 1.42109e-14 1.42109e-14
threshold=0.98000000000000009 1.0000000180025095e-35 0.84222222222222232 0.81992797118847549 0.73271673917770397 0.78903868794441234
decision_type=2 2 2 2 2 2
left_child=1 4 3 -3 -1 -2
right_child=5 2 -4 -5 -6 -7
leaf_value=-0.10444752507781463 0.13555502178667778 -0.10444752507781459 -0.10444752507781463 0.13555502178667778 -0.10444752507781463 0.13555502178667778
leaf_weight=64.617636222392321 4.6438797712326041 8.0721084997057932 10.844347782433031 20.510468989610672 4.3622000478208056 36.377058207988739
leaf_count=1585 24 198 266 106 107 188
internal_value=-0.00561917 -0.0590392 0.0204053 0.067775 -0.104448 0.135555
internal_weight=149.428 108.407 39.4269 28.5826 68.9798 41.0209
internal_count=2474 2262 570 304 1692 212
is_linear=0
shrinkage=0.1


Tree=12
num_leaves=7
num_cat=0
split_feature=2 1 0 2 21 2
split_gain=99.4655 28.4443 48.5085 1.22039 1.13054 0.299614
threshold=0.62621980905532848 0.98000000000000009 0.84222222222222232 0.61034840345382702 1.0000000180025095e-35 0.64365282654762279
decision_type=2 2 2 2 2 2
left_child=3 2 5 -1 -5 -2
right_child=1 -3 -4 4 -6 -7
leaf_value=-0.1040064308565242 0.093318043252312591 0.1310477537348598 -0.1040064308565242 -0.10400643085652417 0.037098765109490221 0.12670165790827895
leaf_weight=58.44451542198658 3.2303480207920101 38.327181398868561 19.037060156464577 1.0740753784775725 1.2046364322304726 16.024904116988182
leaf_count=1578 29 212 514 29 17 95
internal_value=-0.00561427 0.0701459 0.00918866 -0.101207 -0.0294115 0.121101
internal_weight=137.343 76.6195 38.2923 60.7232 2.27871 19.2553
internal_count=2474 850 638 1624 46 124
is_linear=0
shrinkage=0.1


Tree=13
num_leaves=7
num_cat=0
split_feature=2 1 0 2 21 2
split_gain=88.6592 24.9034 42.7076 1.20243 1.01146 0.3405
threshold=0.62621980905532848 0.98000000000000009 0.84222222222222232 0.61034840345382702 1.0000000180025095e-35 0.65268626809120189
decision_type=2 2 2 2 2 2
left_child=3 2 5 -1 -5 -2
right_child=1 -3 -4 4 -6 -7
leaf_value=-0.10361066318084063 0.096745106481043272 0.12723433718809476 -0.10361066318084063 -0.10361066318084061 0.033313339473603584 0.12575254223895646
leaf_weight=53.074480645358562 6.0909033119678524 35.665147960186005 17.287885330617428 0.97538652643561286 1.207228098064661 12.057358682155607
leaf_count=1578 51 212 514 29 17 73
internal_value=-0.00560149 0.0682425 0.00886946 -0.100619 -0.0278765 0.116017
internal_weight=126.358 71.1013 35.4361 55.2571 2.18261 18.1483
internal_count=2474 850 638 1624 46 124
is_linear=0
shrinkage=0.1


Tree=14
num_leaves=7
num_cat=0
split_feature=2 1 0 2 0 2
split_gain=79.1182 22.222 37.3424 0.866622 0.67074 0.617968
threshold=0.62330761551857006 0.98000000000000009 0.84222222222222232 0.61034840345382702 0.82480818414322254 0.64365282654762279
decision_type=2 2 2 2 2 2
left_child=3 2 5 -1 -5 -2
right_child=1 -3 -4 4 -6 -7
leaf_value=-0.10325529385137869 0.070927521799126828 0.12398057738690837 -0.10325529385137869 0.026044482153054573 -0.10379192816003634 0.11827461552370476
leaf_weight=48.180634416639805 3.4306060001254108 33.074114084243774 15.785416979342697 0.93707034364342578 0.69150881469249725 14.031715124845503
leaf_count=1578 36 212 517 16 20 95
internal_value=-0.00558621 0.0659442 0.00821085 -0.10083 -0.0290852 0.108973
internal_weight=116.131 66.3219 33.2477 49.8092 1.62858 17.4623
internal_count=2474 860 648 1614 36 131
is_linear=0
shrinkage=0.1


Tree=15
num_leaves=7
num_cat=0
split_feature=2 1 0 2 21 2
split_gain=70.7186 19.3855 33.2555 1.15319 0.894923 0.447446
threshold=0.62621980905532848 0.98000000000000009 0.84222222222222232 0.61034840345382702 1.0000000180025095e-35 0.65268626809120189
decision_type=2 2 2 2 2 2
left_child=3 2 5 -1 -5 -2
right_child=1 -3 -4 4 -6 -7
leaf_value=-0.10293593308471619 0.084255871513020428 0.12118438125574667 -0.10293593308471619 -0.10318163293987355 0.031069069887225055 0.11916919007051884
leaf_weight=43.724002227187157 5.6665035709738794 30.581459224224091 14.242165490984915 0.86241638287901801 1.1703970804810524 10.422524735331534
leaf_count=1578 51 212 514 29 17 73
internal_value=-0.00556812 0.065002 0.00835607 -0.0995129 -0.0258865 0.106873
internal_weight=106.669 60.9127 30.3312 45.7568 2.03281 16.089
internal_count=2474 850 638 1624 46 124
is_linear=0
shrinkage=0.1


Tree=16
num_leaves=7
num_cat=0
split_feature=2 1 0 2 21 2
split_gain=63.2038 17.2372 29.3551 1.1398 0.802704 0.505615
threshold=0.62621980905532848 0.98000000000000009 0.84222222222222232 0.61034840345382702 1.0000000180025095e-35 0.65268626809120189
decision_type=2 2 2 2 2 2
left_child=3 2 5 -1 -5 -2
right_child=1 -3 -4 4 -6 -7
leaf_value=-0.10264876357763915 0.078327626602593001 0.11876660838867131 -0.10264876357763915 -0.10286980067765841 0.027906483443047511 0.11632916786480695
leaf_weight=39.668157901614904 5.4951309934258488 28.205448985099792 12.921060305088757 0.78259155713021633 1.1726122312247753 9.6490979567170125
leaf_count=1578 51 212 514 29 17 73
internal_value=-0.00554928 0.0635575 0.00807265 -0.0989749 -0.0244381 0.10254
internal_weight=97.8941 56.2707 28.0653 41.6234 1.9552 15.1442
internal_count=2474 850 638 1624 46 124
is_linear=0
shrinkage=0.1


Tree=17
num_leaves=7
num_cat=0
split_feature=2 1 0 0 2 0
split_gain=56.5376 15.6298 25.6622 5.51527 0.842519 0.614176
threshold=0.62330761551857006 0.98000000000000009 0.84222222222222232 0.81992797118847549 0.61034840345382702 0.82480818414322254
decision_type=2 2 2 2 2 2
left_child=4 2 3 -2 -1 -6
right_child=1 -3 -4 -5 5 -7
leaf_value=-0.10239035759537879 -0.10610666170436839 0.11666503789718599 -0.10239035110834077 0.11457300076060782 0.028772939218336208 -0.10338113954971893
leaf_weight=35.979203023016453 1.2371845543384576 25.957367479801178 11.787832668051122 13.385429061949251 0.86654561012983211 0.59185957722365856
leaf_count=1578 24 212 517 107 16 20
internal_value=-0.00552846 0.0615587 0.00739764 0.0959018 -0.0993701 -0.0248587
internal_weight=89.8054 52.3678 26.4104 14.6226 37.4376 1.45841
internal_count=2474 860 648 131 1614 36
is_linear=0
shrinkage=0.1


Tree=18
num_leaves=7
num_cat=0
split_feature=2 1 0 0 2 0
split_gain=50.7295 13.659 23.1964 4.56399 1.08525 0.73722
threshold=0.62621980905532848 0.98000000000000009 0.84222222222222232 0.81992797118847549 0.61034840345382702 0.82480818414322254
decision_type=2 2 2 2 2 2
left_child=4 2 3 -2 -1 -6
right_child=1 -3 -4 -5 5 -7
leaf_value=-0.10215771365559789 -0.10577152729094062 0.11482993269383646 -0.10215772266461501 0.11364907543305024 0.027715750976470544 -0.10331569486465253
leaf_weight=32.625690512359142 1.0283585712313676 23.843216896057129 10.627126060426233 12.12517838180065 1.1162078026682127 0.69782321900129307
leaf_count=1578 20 212 514 104 21 25
internal_value=-0.00551535 0.0613456 0.00772061 0.0964945 -0.0979719 -0.0226896
internal_weight=82.0636 47.6239 23.7807 13.1535 34.4397 1.81403
internal_count=2474 850 638 124 1624 46
is_linear=0
shrinkage=0.1


Tree=19
num_leaves=7
num_cat=0
split_feature=2 1 0 0 2 21
split_gain=45.5152 12.381 20.5082 4.38299 0.826997 0.518717
threshold=0.62330761551857006 0.98000000000000009 0.84222222222222232 0.81992797118847549 0.61034840345382702 1.0000000180025095e-35
decision_type=2 2 2 2 2 2
left_child=4 2 3 -2 -1 -6
right_child=1 -3 -4 -5 5 -7
leaf_value=-0.10194817216138 -0.10494522419633814 0.11322115372459662 -0.10194815389012646 0.10995249581874152 -0.10249613472954643 0.025415183392453768
leaf_weight=29.578533511608843 1.0352149307727838 21.865023761987686 9.6907245013862831 11.407789111137388 0.50458490103483089 0.85298002138733864
leaf_count=1578 24 212 517 107 22 14
internal_value=-0.00550093 0.0598496 0.00712589 0.0920737 -0.0984454 -0.0221274
internal_weight=74.9349 43.9988 22.1337 12.443 30.9361 1.35756
internal_count=2474 860 648 131 1614 36
is_linear=0
shrinkage=0.1


Tree=20
num_leaves=7
num_cat=0
split_feature=2 1 0 2 0 2
split_gain=40.8974 10.8422 18.611 1.03408 0.666677 0.458452
threshold=0.62621980905532848 0.98000000000000009 0.84222222222222232 0.61034840345382702 0.82480818414322254 0.65268626809120189
decision_type=2 2 2 2 2 2
left_child=3 2 5 -1 -5 -2
right_child=1 -3 -4 4 -6 -7
leaf_value=-0.10175936043269283 0.067236444478793608 0.11180586552711785 -0.10175936043269285 0.026975982491356815 -0.10312616611744518 0.10904591596522815
leaf_weight=26.810896631330255 4.222647391259672 20.021867215633392 8.7330803982913476 1.065501121804117 0.62483574077486981 6.9217572063207626
leaf_count=1578 51 212 514 21 25 73
internal_value=-0.00548766 0.0598655 0.00754786 -0.0969766 -0.0211165 0.0932042
internal_weight=68.4006 39.8994 19.8775 28.5012 1.69034 11.1444
internal_count=2474 850 638 1624 46 124
is_linear=0
shrinkage=0.1


Tree=21
num_leaves=7
num_cat=0
split_feature=2 21 12 0 6 0
split_gain=36.6815 10.6773 5.74413 8.58266 4.72183 0.000641416
threshold=0.61034840345382702 1.0000000180025095e-35 1.0000000180025095e-35 0.98000000000000009 1.0000000180025095e-35 0.85410334346504568
decision_type=2 2 2 2 2 2
left_child=-1 5 3 -3 -4 -2
right_child=1 2 4 -5 -6 -7
leaf_value=-0.1015891308696046 -0.10432897209113907 -0.10204582187755534 -0.10158913086960429 0.11055701612166516 0.10380678518066627 -0.10158851914842489
leaf_weight=24.29808278940618 1.2790488060563796 4.0940943686291567 1.1702498681843305 3.5412163808941841 25.681612763553858 2.5705070290714502
leaf_count=1578 35 246 76 41 331 167
internal_value=-0.00546397 0.0554608 0.0730927 -0.00344176 0.0948553 -0.102499
internal_weight=62.6348 38.3367 34.4872 7.63531 26.8519 3.84956
internal_count=2474 896 694 287 407 202
is_linear=0
shrinkage=0.1


Tree=22
num_leaves=7
num_cat=0
split_feature=2 1 0 0 0 12
split_gain=32.9418 9.72512 14.4813 4.76744 7.35457e-06 1.07083e-06
threshold=0.61034840345382702 0.98000000000000009 0.84222222222222232 0.81992797118847549 0.87228260869565222 1.0000000180025095e-35
decision_type=2 2 2 2 2 2
left_child=-1 2 3 -2 -4 -3
right_child=1 5 4 -5 -6 -7
leaf_value=-0.10143562578679742 -0.10405658052906637 0.10945206187032133 -0.10186502690877514 0.10243820697239799 -0.10146181773085922 0.10951608921362395
leaf_weight=22.017393596470356 1.2653023097664142 3.2349147424101838 0.48306156042963166 9.6083078160881978 7.1206607753410935 13.567466743290424
leaf_count=1578 37 41 28 116 503 171
internal_value=-0.00545423 0.0544459 0.00437902 0.0784095 -0.101487 0.109504
internal_weight=57.2971 35.2797 18.4773 10.8736 7.60372 16.8024
internal_count=2474 896 684 153 531 212
is_linear=0
shrinkage=0.1


Tree=23
num_leaves=7
num_cat=0
split_feature=2 1 0 0 2 1
split_gain=29.6676 7.99743 13.5491 3.01134 0.845071 0.579978
threshold=0.62621980905532848 0.98000000000000009 0.84222222222222232 0.81992797118847549 0.61034840345382702 0.82767762460233307
decision_type=2 2 2 2 2 2
left_child=4 2 3 -2 -1 -6
right_child=1 -3 -4 -5 5 -7
leaf_value=-0.10129714335685534 -0.10408592199647318 0.10851802163780333 -0.10133255143283647 0.10526469592015818 -0.10345155329255458 0.0275981053425669
leaf_weight=19.948010316118602 0.75060288608074088 15.334453448653221 6.6412385180592546 8.119550444185732 0.54263263568282016 0.89422719646245241
leaf_count=1578 20 212 514 104 19 27
internal_value=-0.00544637 0.0573064 0.00667904 0.0875492 -0.0959619 -0.021893
internal_weight=52.2307 30.8458 15.5114 8.87015 21.3849 1.43686
internal_count=2474 850 638 124 1624 46
is_linear=0
shrinkage=0.1


Tree=24
num_leaves=7
num_cat=0
split_feature=2 1 0 0 1 12
split_gain=26.7002 7.88417 11.6723 3.81242 7.42954e-06 5.64791e-07
threshold=0.61034840345382702 0.98000000000000009 0.84222222222222232 0.81992797118847549 0.87228260869565222 1.0000000180025095e-35
decision_type=2 2 2 2 2 2
left_child=-1 2 3 -2 -4 -3
right_child=1 5 4 -5 -6 -7
leaf_value=-0.10117218079758782 -0.1033100722200864 0.1076008870387478 -0.1018905240309165 0.098396465291494484 -0.1012062885477187 0.10765186298295958
leaf_weight=18.070866007357836 1.0576368663460005 2.6916335523128501 0.16292312089353878 8.2183902934193593 6.1084079705178738 11.290689714252949
leaf_count=1578 37 41 10 116 521 171
internal_value=-0.00543264 0.0531557 0.00415417 0.0753982 -0.101224 0.107642
internal_weight=47.6005 29.5297 15.5474 9.27603 6.27133 13.9823
internal_count=2474 896 684 153 531 212
is_linear=0
shrinkage=0.1


Tree=25
num_leaves=7
num_cat=0
split_feature=2 1 0 0 2 1
split_gain=24.0734 6.44067 10.9338 2.39238 0.749331 0.510235
threshold=0.62621980905532848 0.98000000000000009 0.84222222222222232 0.81992797118847549 0.61034840345382702 0.82767762460233307
decision_type=2 2 2 2 2 2
left_child=4 2 3 -2 -1 -6
right_child=1 -3 -4 -5 5 -7
leaf_value=-0.10105939456472424 -0.10332089231338522 0.10686217594609773 -0.10108826250531339 0.10190094353357942 -0.10319598264532029 0.02548574697057987
leaf_weight=16.368516197428111 0.61908210813999165 12.739340119063854 5.4498387929052114 6.8905270844697952 0.49216597341000923 0.82404323574155569
leaf_count=1578 20 212 514 104 19 27
internal_value=-0.00542498 0.0563694 0.00673427 0.0849827 -0.0952223 -0.0226318
internal_weight=43.3835 25.6988 12.9594 7.50961 17.6847 1.31621
internal_count=2474 850 638 124 1624 46
is_linear=0
shrinkage=0.1


Tree=26
num_leaves=7
num_cat=0
split_feature=2 1 0 1 1 12
split_gain=21.6547 6.43329 9.40809 3.31481 8.44224e-06 3.00562e-07
threshold=0.61034840345382702 0.98000000000000009 0.84222222222222232 0.82767762460233307 0.87228260869565222 1.0000000180025095e-35
decision_type=2 2 2 2 2 2
left_child=-1 2 3 -2 -4 -3
right_child=1 5 4 -5 -6 -7
leaf_value=-0.10095756080974583 -0.10497125414972763 0.10613371504545853 -0.10174944614893318 0.095877902015020292 -0.10098839223471685 0.10617454614358497
leaf_weight=14.825024250894783 0.93091013282537449 2.2325475104153147 0.15011231321841467 7.0050035677850246 5.0227047894150019 9.3661369867622852
leaf_count=1578 31 41 10 122 521 171
internal_value=-0.00541092 0.0519193 0.00392086 0.0723176 -0.10101 0.106167
internal_weight=39.5324 24.7074 13.1087 7.93591 5.17282 11.5987
internal_count=2474 896 684 153 531 212
is_linear=0
shrinkage=0.1


Tree=27
num_leaves=7
num_cat=0
split_feature=2 22 12 0 7 0
split_gain=19.5038 5.8751 3.31402 4.76899 2.44912 0.000158263
threshold=0.61034840345382702 1.0000000180025095e-35 1.0000000180025095e-35 0.98000000000000009 1.0000000180025095e-35 0.85410334346504568
decision_type=2 2 2 2 2 2
left_child=-1 2 3 -2 -4 -3
right_child=1 5 4 -5 -6 -7
leaf_value=-0.10086560790844992 -0.10185982443329028 -0.10263563059333583 0.097858496003155007 0.10551607223378867 -0.10086547735695138 -0.10089122129473733
leaf_weight=13.425843799486755 2.4422028250992343 0.80981985479593221 15.215680113062261 2.0313132815063 0.64651984721422273 1.4537401562556622
leaf_count=1578 246 35 331 41 76 167
internal_value=-0.00540306 0.0513096 0.0683205 -0.00769555 0.0897588 -0.101515
internal_weight=36.0251 22.5993 20.3357 4.47352 15.8622 2.26356
internal_count=2474 896 694 287 407 202
is_linear=0
shrinkage=0.1


Tree=28
num_leaves=7
num_cat=0
split_feature=2 1 0 0 0 12
split_gain=17.5424 5.36595 7.71464 2.7174 5.99261e-06 7.5831e-07
threshold=0.61034840345382702 0.98000000000000009 0.84222222222222232 0.81992797118847549 0.87228260869565222 1.0000000180025095e-35
decision_type=2 2 2 2 2 2
left_child=-1 2 3 -2 -4 -3
right_child=1 5 4 -5 -6 -7
leaf_value=-0.10078255470421596 -0.10250367474516012 0.10496369455217765 -0.10126777551837647 0.093254493230708377 -0.1008240582522557 0.10503494689440117
leaf_weight=12.157707785256205 0.80502706859260786 1.8471871130168436 0.32932537887245406 5.9515599459409714 4.0167927476577461 7.8041086122393608
leaf_count=1578 37 41 28 116 503 171
internal_value=-0.00539446 0.0504839 0.00307601 0.0699305 -0.100858 0.105021
internal_weight=32.9117 20.754 11.1027 6.75659 4.34612 9.6513
internal_count=2474 896 684 153 531 212
is_linear=0
shrinkage=0.1


Tree=29
num_leaves=7
num_cat=0
split_feature=2 1 0 0 2 0
split_gain=15.8436 4.35 7.26548 1.68508 0.560381 0.384875
threshold=0.62621980905532848 0.98000000000000009 0.84222222222222232 0.81992797118847549 0.61034840345382702 0.82480818414322254
decision_type=2 2 2 2 2 2
left_child=4 2 3 -2 -1 -6
right_child=1 -3 -4 -5 5 -7
leaf_value=-0.10070753119086617 -0.10244582088085115 0.10452071037935518 -0.10075743903801722 0.097322461666712601 0.023391823501205982 -0.10217103626766844
leaf_weight=11.008527056314053 0.46168188005685795 8.7725444100797176 3.7594130127690732 4.9437031932175159 0.64808809477835783 0.39163399022072554
leaf_count=1578 20 212 514 104 21 25
internal_value=-0.00538711 0.0541864 0.00600637 0.08026 -0.0940797 -0.0239042
internal_weight=29.9856 17.9373 9.1648 5.40539 12.0482 1.03972
internal_count=2474 850 638 124 1624 46
is_linear=0
shrinkage=0.1


Tree=30
num_leaves=7
num_cat=0
split_feature=2 1 0 1 0 12
split_gain=14.2425 4.41406 6.16275 2.53239 3.26984e-06 4.07595e-07
threshold=0.61034840345382702 0.98000000000000009 0.84222222222222232 0.82767762460233307 0.87228260869565222 1.0000000180025095e-35
decision_type=2 2 2 2 2 2
left_child=-1 2 3 -2 -4 -3
right_child=1 5 4 -5 -6 -7
leaf_value=-0.10063974877744196 -0.10486504706551703 0.10402557807787885 -0.10103550135289725 0.091725233187642113 -0.10067363154606751 0.10408306543478636
leaf_weight=9.9672948410734552 0.7526066284626739 1.5252146683633316 0.27018828783184323 5.0652664434164762 3.2932044640183449 6.4449853263795376
leaf_count=1578 31 41 28 122 503 171
internal_value=-0.00537278 0.0493519 0.00286242 0.0662941 -0.100701 0.104072
internal_weight=27.3188 17.3515 9.38127 5.81787 3.56339 7.9702
internal_count=2474 896 684 153 531 212
is_linear=0
shrinkage=0.1


Tree=31
num_leaves=7
num_cat=0
split_feature=2 1 0 0 2 1
split_gain=12.8409 3.56466 5.83446 1.4889 0.50789 0.316939
threshold=0.62621980905532848 0.98000000000000009 0.84222222222222232 0.81992797118847549 0.61034840345382702 0.82767762460233307
decision_type=2 2 2 2 2 2
left_child=4 2 3 -2 -1 -6
right_child=1 -3 -4 -5 5 -7
leaf_value=-0.10057850315687454 -0.10227016756295133 0.10366957616185379 -0.10061927597095213 0.09510598564214609 -0.10217904975705956 0.019674597996332737
leaf_weight=9.023994161747396 0.42054676450788786 7.2383058667182922 3.0819357573054731 4.190173301845789 0.32929190155118782 0.60676302434876561
leaf_count=1578 20 212 514 104 19 27
internal_value=-0.00536489 0.053298 0.00590161 0.0771032 -0.0933056 -0.0231919
internal_weight=24.891 14.931 7.69266 4.61072 9.96005 0.936055
internal_count=2474 850 638 124 1624 46
is_linear=0
shrinkage=0.1


Tree=32
num_leaves=7
num_cat=0
split_feature=2 21 13 0 18 0
split_gain=11.5649 3.67198 2.16639 2.97077 1.67915 6.36993e-05
threshold=0.61034840345382702 1.0000000180025095e-35 1.0000000180025095e-35 0.98000000000000009 1.0000000180025095e-35 0.85410334346504568
decision_type=2 2 2 2 2 2
left_child=-1 5 4 -4 -3 -2
right_child=1 2 3 -5 -6 -7
leaf_value=-0.10052314269143699 -0.10189273645538879 -0.10102874971120174 -0.10211838251352515 0.10327059350873913 0.095549537929799283 -0.10055008590489899
leaf_weight=8.1695155352354067 0.58340343181043575 0.4548562625423046 1.6008479543961593 1.2573523260653019 9.7228405997157097 0.89609723584726453
leaf_count=1578 35 54 246 41 353 167
internal_value=-0.00534901 0.0482166 0.0651609 -0.0117656 0.0867642 -0.10108
internal_weight=22.6849 14.5154 13.0359 2.8582 10.1777 1.4795
internal_count=2474 896 694 287 407 202
is_linear=0
shrinkage=0.1


Tree=33
num_leaves=7
num_cat=0
split_feature=2 1 0 1 0 12
split_gain=10.4113 3.363 4.58877 1.91363 1.70136e-06 3.92153e-07
threshold=0.61034840345382702 0.98000000000000009 0.84222222222222232 0.82767762460233307 0.87228260869565222 1.0000000180025095e-35
decision_type=2 2 2 2 2 2
left_child=-1 2 3 -2 -4 -3
right_child=1 5 4 -5 -6 -7
leaf_value=-0.1004731154248823 -0.10447025890263623 0.10294968884139122 -0.10081308305283927 0.088107793474462626 -0.10051652021158759 0.10301483446996365
leaf_weight=7.3955768784508136 0.59269765205681135 1.1410650163888929 0.20950338104739819 3.9870602991431952 2.5241937222890556 4.8580285850912333
leaf_count=1578 31 41 28 122 503 171
internal_value=-0.00534126 0.0475078 0.00198647 0.063185 -0.100539 0.103002
internal_weight=20.7081 13.3125 7.31346 4.57976 2.7337 5.99909
internal_count=2474 896 684 153 531 212
is_linear=0
shrinkage=0.1


Tree=34
num_leaves=7
num_cat=0
split_feature=2 21 13 0 7 0
split_gain=9.38099 3.1008 1.72503 2.42107 1.41111 5.94541e-05
threshold=0.61034840345382702 1.0000000180025095e-35 1.0000000180025095e-35 0.98000000000000009 1.0000000180025095e-35 0.79622641509433978
decision_type=2 2 2 2 2 2
left_child=-1 5 4 -4 -3 -2
right_child=1 2 3 -5 -6 -7
leaf_value=-0.10042788215947729 -0.10211453790746056 0.093847845402970212 -0.10175928794151264 0.10266113406240081 -0.10052038124461066 -0.10059449173870183
leaf_weight=6.6946551706641939 0.35871471231803009 8.1709197098389232 1.3157313195988545 1.0352325476706028 0.39140832424163896 0.91030675964429975
leaf_count=1578 19 331 246 41 76 183
internal_value=-0.00533258 0.046926 0.06413 -0.011744 0.0849627 -0.101024
internal_weight=18.877 12.1823 10.9133 2.35096 8.56233 1.26902
internal_count=2474 896 694 287 407 202
is_linear=0
shrinkage=0.1


Tree=35
num_leaves=7
num_cat=0
split_feature=2 1 0 0 0 12
split_gain=8.44398 2.83361 3.77702 1.63482 1.54896e-06 4.2385e-07
threshold=0.61034840345382702 0.98000000000000009 0.84222222222222232 0.81992797118847549 0.87228260869565222 1.0000000180025095e-35
decision_type=2 2 2 2 2 2
left_child=-1 2 3 -2 -4 -3
right_child=1 5 4 -5 -6 -7
leaf_value=-0.10038700108986719 -0.10172093370934097 0.10240149143459641 -0.10073484934899142 0.086695645938669241 -0.10043923905035468 0.10247609169288036
leaf_weight=6.0599159114062813 0.53323388379067038 0.93897118419408787 0.19352585938759181 3.376177778467536 2.1084041376598179 4.0319773927330971
leaf_count=1578 37 41 28 116 503 171
internal_value=-0.00532449 0.0461919 0.00115878 0.0609961 -0.100464 0.102462
internal_weight=17.2422 11.1823 6.21134 3.90941 2.30193 4.97095
internal_count=2474 896 684 153 531 212
is_linear=0
shrinkage=0.1


Tree=36
num_leaves=7
num_cat=0
split_feature=2 1 0 1 0 12
split_gain=7.60995 2.58039 3.37487 1.53989 1.14581e-06 3.11669e-07
threshold=0.61034840345382702 0.98000000000000009 0.84222222222222232 0.82767762460233307 0.87228260869565222 1.0000000180025095e-35
decision_type=2 2 2 2 2 2
left_child=-1 2 3 -2 -4 -3
right_child=1 5 4 -5 -6 -7
leaf_value=-0.10035004128101213 -0.10412575563064604 0.10216774327332721 -0.10066448067563427 0.085092549017666511 -0.100397284172919 0.10223492048890821
leaf_weight=5.4851558050140747 0.49834868079051231 0.8514611106365918 0.17522562458179924 3.1403084490448236 1.9085196631494907 3.6564520038664341
leaf_count=1578 31 41 28 122 503 171
internal_value=-0.00531641 0.0456375 0.00106192 0.0591773 -0.10042 0.102222
internal_weight=15.7155 10.2303 5.7224 3.63866 2.08375 4.50791
internal_count=2474 896 684 153 531 212
is_linear=0
shrinkage=0.1


Tree=37
num_leaves=7
num_cat=0
split_feature=2 1 0 0 2 21
split_gain=6.8693 2.06786 3.22041 0.966658 0.320183 0.193035
threshold=0.62621980905532848 0.98000000000000009 0.84222222222222232 0.81992797118847549 0.61034840345382702 1.0000000180025095e-35
decision_type=2 2 2 2 2 2
left_child=4 2 3 -2 -1 -6
right_child=1 -3 -4 -5 5 -7
leaf_value=-0.10031661515429474 -0.10169577837784478 0.10200629299368194 -0.10036950540930588 0.090261689522459221 -0.10112355799914952 0.014998333154157351
leaf_weight=4.9647436081431815 0.29231407400220488 4.0871235076338053 1.7965393066406248 2.5582965686917305 0.21806627511978138 0.41672577708959579
leaf_count=1578 20 212 514 104 29 17
internal_value=-0.00530662 0.0501225 0.0044912 0.0705775 -0.0917661 -0.0248923
internal_weight=14.3338 8.73427 4.64715 2.85061 5.59954 0.634792
internal_count=2474 850 638 124 1624 46
is_linear=0
shrinkage=0.1


Tree=38
num_leaves=7
num_cat=0
split_feature=2 1 0 1 0 12
split_gain=6.17894 2.14457 2.69888 1.3476 7.80264e-07 1.69515e-07
threshold=0.61034840345382702 0.98000000000000009 0.84222222222222232 0.82767762460233307 0.87228260869565222 1.0000000180025095e-35
decision_type=2 2 2 2 2 2
left_child=-1 2 3 -2 -4 -3
right_child=1 5 4 -5 -6 -7
leaf_value=-0.1002863986167048 -0.10422771376762517 0.10176740161325354 -0.10056639698179835 0.082199065606131341 -0.10032503871775977 0.10182205323193914
leaf_weight=4.4935705298557886 0.45238329609855865 0.69968629814684424 0.14649092382751394 2.7135856002569199 1.5635912292636929 3.0052035581320524
leaf_count=1578 31 41 28 122 503 171
internal_value=-0.00528806 0.0444596 0.000882663 0.0555607 -0.100346 0.101812
internal_weight=13.0745 8.58094 4.87605 3.16597 1.71008 3.70489
internal_count=2474 896 684 153 531 212
is_linear=0
shrinkage=0.1


Tree=39
num_leaves=7
num_cat=0
split_feature=2 21 12 0 18 0
split_gain=5.56546 2.02298 1.17001 1.52195 0.991019 4.43819e-05
threshold=0.61034840345382702 1.0000000180025095e-35 1.0000000180025095e-35 0.98000000000000009 1.0000000180025095e-35 0.79622641509433978
decision_type=2 2 2 2 2 2
left_child=-1 5 3 -3 -4 -2
right_child=1 2 4 -5 -6 -7
leaf_value=-0.10025907262335557 -0.10185624144258312 -0.10182344230822123 -0.10065804970994972 0.10159639239453665 0.092803080138104371 -0.10035813978945661
leaf_weight=4.0670028361491859 0.30801692605018605 0.87577554211020447 0.27893523219972838 0.63411374948918819 5.2198113203048706 0.55241394322365522
leaf_count=1578 19 246 54 41 353 183
internal_value=-0.00527644 0.0438138 0.0615793 -0.0163925 0.0829894 -0.100894
internal_weight=11.9361 7.86907 7.00864 1.50989 5.49875 0.860431
internal_count=2474 896 694 287 407 202
is_linear=0
shrinkage=0.1


Tree=40
num_leaves=7
num_cat=0
split_feature=2 1 0 0 0 12
split_gain=5.01254 1.81129 2.23633 1.15964 3.75152e-07 1.55085e-07
threshold=0.61034840345382702 0.98000000000000009 0.84222222222222232 0.81992797118847549 0.87228260869565222 1.0000000180025095e-35
decision_type=2 2 2 2 2 2
left_child=-1 2 3 -2 -4 -3
right_child=1 5 4 -5 -6 -7
leaf_value=-0.10023435817163294 -0.10143779202132963 0.10144217452904143 -0.10046304390592975 0.081350069288397553 -0.10027841138657317 0.10149981118497593
leaf_weight=3.6808373937383294 0.40880026598461006 0.57459775358438525 0.12001437484286714 2.2987707182765007 1.3255267450585959 2.4894446795806289
leaf_count=1578 37 41 28 116 503 171
internal_value=-0.00526896 0.0431646 0.00013451 0.053752 -0.100294 0.101489
internal_weight=10.898 7.21715 4.15311 2.70757 1.44554 3.06404
internal_count=2474 896 684 153 531 212
is_linear=0
shrinkage=0.1


Tree=41
num_leaves=7
num_cat=0
split_feature=2 1 0 2 1 21
split_gain=4.52561 1.28244 2.44127 0.41935 0.366088 0.449529
threshold=0.63312172889709484 0.98000000000000009 0.84222222222222232 0.61034840345382702 0.82767762460233307 1.0000000180025095e-35
decision_type=2 2 2 2 2 2
left_child=3 2 -2 -1 -5 -6
right_child=1 -3 -4 4 5 -7
leaf_value=-0.10021200035381182 0.083776078977092661 0.10134529844009842 -0.10025823954360269 -0.10428008335655103 -0.10116686812140321 0.092553568850690521
leaf_weight=3.3312645619735122 1.7220476516522469 2.7761914944276214 1.2397189789917318 0.33745427313260723 0.17903691087849438 0.36195512721315026
leaf_count=1578 107 212 511 25 26 15
internal_value=-0.00525817 0.0525149 0.00674407 -0.0840045 -0.0225422 0.0284434
internal_weight=9.94767 5.73796 2.96177 4.20971 0.878446 0.540992
internal_count=2474 830 618 1644 66 41
is_linear=0
shrinkage=0.1


Tree=42
num_leaves=7
num_cat=0
split_feature=2 1 0 22 2 0
split_gain=4.07247 1.31621 1.92222 0.706833 0.222864 0.134744
threshold=0.62621980905532848 0.98000000000000009 0.84222222222222232 1.0000000180025095e-35 0.61034840345382702 0.82480818414322254
decision_type=2 2 2 2 2 2
left_child=4 2 3 -2 -1 -6
right_child=1 -3 -4 -5 5 -7
leaf_value=-0.10019178738100572 0.085640103409293428 0.10121563895771231 -0.10023340115100579 -0.10141143646263649 0.01361833327972088 -0.1009583679412811
leaf_weight=3.0148301662411545 1.7247909316793086 2.5150560680776834 1.1277266197139395 0.22882108110934485 0.30219717440195371 0.15543146058917046
leaf_count=1578 104 212 514 20 21 25
internal_value=-0.00524924 0.0475366 0.00372251 0.0637313 -0.0903216 -0.0252971
internal_weight=9.06885 5.59639 3.08134 1.95361 3.47246 0.457629
internal_count=2474 850 638 124 1624 46
is_linear=0
shrinkage=0.1


Tree=43
num_leaves=7
num_cat=0
split_feature=2 1 0 0 2 1
split_gain=3.69862 1.04808 1.97819 0.553662 0.354537 0.327224
threshold=0.63312172889709484 0.98000000000000009 0.84222222222222232 0.81992797118847549 0.61034840345382702 0.82767762460233307
decision_type=2 2 2 2 2 2
left_child=4 2 3 -2 -1 -6
right_child=1 -3 -4 -5 5 -7
leaf_value=-0.10017350263502621 -0.10137172873303855 0.1010986249977381 -0.10021133979527813 0.1014679093363946 -0.10437064387481705 0.028206333753798593
leaf_weight=2.7284037172794346 0.1496868543326858 2.2782169058918953 1.0154471514979375 1.3322205850854514 0.30620428617112327 0.47491309582255781
leaf_count=1578 13 212 511 94 25 41
internal_value=-0.00522722 0.0520501 0.00730545 0.0809792 -0.0831672 -0.0237649
internal_weight=8.28509 4.77557 2.49735 1.48191 3.50952 0.781117
internal_count=2474 830 618 107 1644 66
is_linear=0
shrinkage=0.1


Tree=44
num_leaves=7
num_cat=0
split_feature=2 1 0 0 2 1
split_gain=3.31651 0.94727 1.78849 0.500246 0.347248 0.293523
threshold=0.63312172889709484 0.98000000000000009 0.84222222222222232 0.81992797118847549 0.61034840345382702 0.82767762460233307
decision_type=2 2 2 2 2 2
left_child=4 2 3 -2 -1 -6
right_child=1 -3 -4 -5 5 -7
leaf_value=-0.10015696802473986 -0.1012397941221041 0.10099298440241222 -0.10019119566759441 0.10132629503086099 -0.10395965077210356 0.025552826847139123
leaf_weight=2.4691486512310807 0.13560978835448656 2.0634624548256397 0.91898991796188045 1.2070420449599621 0.27810468198731531 0.47197224467527121
leaf_count=1578 13 212 511 94 25 41
internal_value=-0.00520356 0.0519979 0.00729616 0.0808668 -0.0820551 -0.0224663
internal_weight=7.54433 4.3251 2.26164 1.34265 3.21923 0.750077
internal_count=2474 830 618 107 1644 66
is_linear=0
shrinkage=0.1


Tree=45
num_leaves=7
num_cat=0
split_feature=2 21 12 0 6 0
split_gain=2.98581 1.21772 0.74177 0.870402 0.550468 1.57804e-05
threshold=0.61034840345382702 1.0000000180025095e-35 1.0000000180025095e-35 0.98000000000000009 1.0000000180025095e-35 0.79622641509433978
decision_type=2 2 2 2 2 2
left_child=-1 5 3 -3 -4 -2
right_child=1 2 4 -5 -6 -7
leaf_value=-0.10014200562119624 -0.1013196157810131 -0.10172512354598549 -0.10020938588329693 0.10086941025868763 0.09094661428452111 -0.10021885377055256
leaf_weight=2.2344949578400701 0.21973552671261121 0.53728714713361103 0.1584640555083755 0.35033855121582747 3.0532957087270916 0.31974809628445655
leaf_count=1578 19 246 76 41 331 183
internal_value=-0.00517722 0.0405663 0.0591528 -0.0217627 0.0815152 -0.100667
internal_weight=6.87336 4.63887 4.09939 0.887626 3.21176 0.539484
internal_count=2474 896 694 287 407 202
is_linear=0
shrinkage=0.1


Tree=46
num_leaves=7
num_cat=0
split_feature=2 21 12 0 18 0
split_gain=2.68934 1.08964 0.652132 0.786543 0.587671 1.16648e-05
threshold=0.61034840345382702 1.0000000180025095e-35 1.0000000180025095e-35 0.98000000000000009 1.0000000180025095e-35 0.79622641509433978
decision_type=2 2 2 2 2 2
left_child=-1 5 3 -3 -4 -2
right_child=1 2 4 -5 -6 -7
leaf_value=-0.10012846701270357 -0.10119254201319022 -0.10157014187641618 -0.10042338371187881 0.10078598501546213 0.090798030641650332 -0.10019801358981018
leaf_weight=2.0221140130888671 0.1990618985146283 0.48686164873652193 0.17052349681034717 0.31724846409633756 2.7946059354580939 0.28937716339714825
leaf_count=1578 19 246 54 41 353 183
internal_value=-0.00516992 0.0399291 0.05814 -0.0217338 0.079801 -0.100603
internal_weight=6.27979 4.25768 3.76924 0.80411 2.96513 0.488439
internal_count=2474 896 694 287 407 202
is_linear=0
shrinkage=0.1


Tree=47
num_leaves=7
num_cat=0
split_feature=2 1 0 0 0 12
split_gain=2.42247 0.977302 1.14274 0.677615 1.75873e-07 4.377e-08
threshold=0.61034840345382702 0.98000000000000009 0.84222222222222232 0.81992797118847549 0.87228260869565222 1.0000000180025095e-35
decision_type=2 2 2 2 2 2
left_child=-1 2 3 -2 -4 -3
right_child=1 5 4 -5 -6 -7
leaf_value=-0.10011623157127753 -0.1009342584900256 0.10071062857683633 -0.10031538856968712 0.07685751483857467 -0.10015577870261796 0.1007538532762402
leaf_weight=1.8298967184964565 0.25621320959180627 0.28726214356720459 0.076527650700881966 1.3125458015128968 0.70525509444996715 1.2698714355938137
leaf_count=1578 37 41 28 116 503 171
internal_value=-0.00516273 0.0393024 -0.00140136 0.0478202 -0.100171 0.100746
internal_weight=5.73757 3.90768 2.35054 1.56876 0.781783 1.55713
internal_count=2474 896 684 153 531 212
is_linear=0
shrinkage=0.1


Tree=48
num_leaves=7
num_cat=0
split_feature=2 1 0 0 13 0
split_gain=2.19302 0.666017 1.27828 0.335439 0.258231 0.388787
threshold=0.63312172889709484 0.98000000000000009 0.84222222222222232 0.81992797118847549 1.0000000180025095e-35 0.81992797118847549
decision_type=2 2 2 2 2 2
left_child=4 2 3 -2 5 -1
right_child=1 -3 -4 -5 -6 -7
leaf_value=-0.100446282828693 -0.10082780566242383 0.10067439447925189 -0.10014522789703305 0.10092543785810371 -0.10051381655122078 0.062347026470410405
leaf_weight=0.30970914731733512 0.091268791118636727 1.4099023137241602 0.6609447147930041 0.84888864401727915 1.6465827525826171 0.27873328351415694
leaf_count=185 13 212 511 94 1397 62
internal_value=-0.00514916 0.0505554 0.00642156 0.0813396 -0.0801938 -0.0233344
internal_weight=5.24603 3.011 1.6011 0.940157 2.23503 0.588442
internal_count=2474 830 618 107 1644 247
is_linear=0
shrinkage=0.1


Tree=49
num_leaves=7
num_cat=0
split_feature=2 1 0 1 0 13
split_gain=1.98469 0.803741 0.929004 0.586126 9.58339e-08 2.3932e-08
threshold=0.61034840345382702 0.98000000000000009 0.84222222222222232 0.82767762460233307 0.87228260869565222 1.0000000180025095e-35
decision_type=2 2 2 2 2 2
left_child=-1 2 3 -2 -4 -3
right_child=1 5 4 -5 -6 -7
leaf_value=-0.1000956899332418 -0.10269217458276399 0.10061631806405627 -0.10025809493411258 0.075492993528059785 -0.10012792682625141 0.10058101601383838
leaf_weight=1.50576486607315 0.22096839908044774 1.0410391255281863 0.062689325131941698 1.1218502912670372 0.57849048485513777 0.23547056829556834
leaf_count=1578 31 171 28 122 503 41
internal_value=-0.00514012 0.0387122 -0.00111293 0.0461716 -0.100141 0.10061
internal_weight=4.76627 3.26051 1.984 1.34282 0.64118 1.27651
internal_count=2474 896 684 153 531 212
is_linear=0
shrinkage=0.1


Tree=50
num_leaves=7
num_cat=0
split_feature=2 1 0 0 2 1
split_gain=1.78711 0.54515 1.03843 0.309298 0.221397 0.181113
threshold=0.63312172889709484 0.98000000000000009 0.84222222222222232 0.81992797118847549 0.61034840345382702 0.82767762460233307
decision_type=2 2 2 2 2 2
left_child=4 2 3 -2 -1 -6
right_child=1 -3 -4 -5 5 -7
leaf_value=-0.10008657870699787 -0.10081034564182048 0.10055144489075747 -0.1001188754407016 0.10077577929587636 -0.10266920037237888 0.022369406898153473
leaf_weight=1.362590158532839 0.085198315093293786 1.155670050997287 0.54126832686597481 0.71371069550514221 0.18064818752463896 0.32290301308967173
leaf_count=1578 13 212 511 94 25 41
internal_value=-0.00512423 0.050223 0.0068235 0.079278 -0.0791477 -0.022488
internal_weight=4.36199 2.49585 1.34018 0.798909 1.86614 0.503551
internal_count=2474 830 618 107 1644 66
is_linear=0
shrinkage=0.1


Tree=51
num_leaves=7
num_cat=0
split_feature=2 22 12 0 6 0
split_gain=1.61218 0.722517 0.434595 0.48911 0.356471 5.43681e-06
threshold=0.61034840345382702 1.0000000180025095e-35 1.0000000180025095e-35 0.98000000000000009 1.0000000180025095e-35 0.79622641509433978
decision_type=2 2 2 2 2 2
left_child=-1 2 3 -2 -4 -3
right_child=1 5 4 -5 -6 -7
leaf_value=-0.10007833130443365 -0.10125494859931752 -0.10093429588529848 -0.10013895914134029 0.10047514901213556 0.089158279487510386 -0.10012377533233706
leaf_weight=1.233018958300818 0.31865521409781705 0.1536867944523691 0.10531697468832169 0.19297478999942541 1.79487133026123 0.17932369571644813
leaf_count=1578 246 19 76 41 331 183
internal_value=-0.00509327 0.0375755 0.0566399 -0.0251671 0.0786666 -0.100498
internal_weight=3.97785 2.74483 2.41182 0.51163 1.90019 0.33301
internal_count=2474 896 694 287 407 202
is_linear=0
shrinkage=0.1


Tree=52
num_leaves=7
num_cat=0
split_feature=2 22 12 0 18 0
split_gain=1.45196 0.646195 0.381513 0.442159 0.379576 4.02154e-06
threshold=0.61034840345382702 1.0000000180025095e-35 1.0000000180025095e-35 0.98000000000000009 1.0000000180025095e-35 0.79622641509433978
decision_type=2 2 2 2 2 2
left_child=-1 2 3 -2 -4 -3
right_child=1 5 4 -5 -6 -7
leaf_value=-0.10007086788337682 -0.10113967742129648 -0.10084464029960348 -0.1002797544129178 0.10042972229478075 0.089053669504704627 -0.10011199664148113
leaf_weight=1.1157606755150484 0.28864308074116762 0.13917890319135029 0.11317529715597618 0.17468576785176992 1.644319589715451 0.16227691085077822
leaf_count=1578 246 19 54 41 353 183
internal_value=-0.00508586 0.0369319 0.0555802 -0.0251433 0.0768614 -0.10045
internal_weight=3.63804 2.52228 2.22082 0.463329 1.75749 0.301456
internal_count=2474 896 694 287 407 202
is_linear=0
shrinkage=0.1


Tree=53
num_leaves=7
num_cat=0
split_feature=1 13 0 0 15 2
split_gain=1.31767 0.768425 0.465591 0.796149 1.6591e-05 5.97584e-05
threshold=0.98000000000000009 1.0000000180025095e-35 0.84222222222222232 0.81992797118847549 1.0000000180025095e-35 0.62621980905532848
decision_type=2 2 2 2 2 2
left_child=1 2 3 -1 5 -3
right_child=-2 4 -4 -5 -6 -7
leaf_value=-0.10043917455286094 0.10041575117419772 -0.10015023442415505 -0.10012541858531961 0.1008511890786888 -0.10006483944532785 -0.10354575239316642
leaf_weight=0.27263727405807048 0.87325508589856315 0.22509138111490801 0.28765420860145241 0.70355873322114348 0.8978304176125671 0.067335748812183738
leaf_count=198 212 289 266 106 1400 3
internal_value=-0.00507856 -0.042617 0.0116863 0.0446337 -0.100278 -0.100932
internal_weight=3.32736 2.45411 1.26385 0.976196 1.19026 0.292427
internal_count=2474 2262 570 304 1692 292
is_linear=0
shrinkage=0.1


Tree=54
num_leaves=7
num_cat=0
split_feature=1 13 0 0 15 2
split_gain=1.19179 0.695142 0.421129 0.719865 1.22714e-05 4.40578e-05
threshold=0.98000000000000009 1.0000000180025095e-35 0.84222222222222232 0.81992797118847549 1.0000000180025095e-35 0.62621980905532848
decision_type=2 2 2 2 2 2
left_child=1 2 3 -1 5 -3
right_child=-2 4 -4 -5 -6 -7
leaf_value=-0.10039741744402381 0.10037603378122298 -0.10013596554479352 -0.10011347290670376 0.10077015216329865 -0.10005866205689889 -0.10319716158440942
leaf_weight=0.24678979581221983 0.79045063164085139 0.20369864092208489 0.26030976936453953 0.6370922033675015 0.81243813131004528 0.061123220599256456
leaf_count=198 212 289 266 106 1400 3
internal_value=-0.00507725 -0.0426003 0.0116784 0.0446019 -0.100251 -0.100843
internal_weight=3.0119 2.22145 1.14419 0.883882 1.07726 0.264822
internal_count=2474 2262 570 304 1692 292
is_linear=0
shrinkage=0.1


Tree=55
num_leaves=7
num_cat=0
split_feature=1 13 0 0 15 2
split_gain=1.07798 0.628861 0.380927 0.650935 9.07781e-06 3.24977e-05
threshold=0.98000000000000009 1.0000000180025095e-35 0.84222222222222232 0.81992797118847549 1.0000000180025095e-35 0.62621980905532848
decision_type=2 2 2 2 2 2
left_child=1 2 3 -1 5 -3
right_child=-2 4 -4 -5 -6 -7
leaf_value=-0.10035962483391554 0.10034011814269127 -0.10012305010213954 -0.10010266320362488 0.10069683198121422 -0.10005307670832833 -0.10288383567954613
leaf_weight=0.22338445880450353 0.71547230798751105 0.18433672096580322 0.23556215985445306 0.57686323532834649 0.73516338662011504 0.055466424848418683
leaf_count=198 212 289 266 106 1400 3
internal_value=-0.00507607 -0.0425851 0.0116712 0.0445731 -0.100227 -0.100762
internal_weight=2.72625 2.01078 1.03581 0.800248 0.974967 0.239803
internal_count=2474 2262 570 304 1692 292
is_linear=0
shrinkage=0.1


Tree=56
num_leaves=7
num_cat=0
split_feature=1 13 0 0 15 2
split_gain=0.975067 0.568911 0.344573 0.588641 6.71639e-06 2.39807e-05
threshold=0.98000000000000009 1.0000000180025095e-35 0.84222222222222232 0.81992797118847549 1.0000000180025095e-35 0.62621980905532848
decision_type=2 2 2 2 2 2
left_child=1 2 3 -1 5 -3
right_child=-2 4 -4 -5 -6 -7
leaf_value=-0.1003254246767193 0.10030764679000218 -0.10011136569226764 -0.1000928891356878 0.10063049215940954 -0.10004802102560464 -0.10260201221215
leaf_weight=0.20219201673171494 0.64758502482436586 0.16681323898956202 0.21316521783592179 0.5222940412349999 0.66523523326031853 0.050318928813794628
leaf_count=198 212 289 266 106 1400 3
internal_value=-0.005075 -0.0425714 0.0116647 0.044547 -0.100206 -0.100689
internal_weight=2.4676 1.82002 0.937651 0.724486 0.882367 0.217132
internal_count=2474 2262 570 304 1692 292
is_linear=0
shrinkage=0.1


Tree=57
num_leaves=7
num_cat=0
split_feature=1 12 0 0 15 2
split_gain=0.882011 0.514686 0.311698 0.532339 4.96964e-06 1.77027e-05
threshold=0.98000000000000009 1.0000000180025095e-35 0.84222222222222232 0.81992797118847549 1.0000000180025095e-35 0.62621980905532848
decision_type=2 2 2 2 2 2
left_child=1 4 3 -3 5 -1
right_child=-2 2 -4 -5 -6 -7
leaf_value=-0.10010078260497955 0.10027828565042472 -0.10029447328456949 -0.10008404562097545 0.10057048011570024 -0.10004345728736957 -0.10234838439123897
leaf_weight=0.15095401066355429 0.58612200873903919 0.18300448925583623 0.19289604120422155 0.47285886947065592 0.60195581475272775 0.04563753108959645
leaf_count=289 212 198 266 106 1400 3
internal_value=-0.00507403 -0.042559 0.0116588 0.0445235 -0.100186 -0.100623
internal_weight=2.23343 1.64731 0.848759 0.655863 0.798547 0.196592
internal_count=2474 2262 570 304 1692 292
is_linear=0
shrinkage=0.1


Tree=58
num_leaves=7
num_cat=0
split_feature=1 13 0 0 15 2
split_gain=0.797858 0.465636 0.281966 0.481446 3.6778e-06 1.30727e-05
threshold=0.98000000000000009 1.0000000180025095e-35 0.84222222222222232 0.81992797118847549 1.0000000180025095e-35 0.62621980905532848
decision_type=2 2 2 2 2 2
left_child=1 2 3 -1 5 -3
right_child=-2 4 -4 -5 -6 -7
leaf_value=-0.10026646710188709 0.10025173148688026 -0.10009120814932847 -0.10007604045888559 0.10051617786747065 -0.10003931482117737 -0.10212000553154231
leaf_weight=0.1656332110578661 0.53047845303080965 0.13660123775480337 0.17455280583817512 0.42807979299686849 0.54469352675368998 0.041382191993761808
leaf_count=198 212 289 266 106 1400 3
internal_value=-0.00507315 -0.0425478 0.0116534 0.0445021 -0.100168 -0.100563
internal_weight=2.02142 1.49094 0.768266 0.593713 0.722677 0.177983
internal_count=2474 2262 570 304 1692 292
is_linear=0
shrinkage=0.1


Tree=59
num_leaves=7
num_cat=0
split_feature=1 12 0 0 15 2
split_gain=0.721753 0.421267 0.255077 0.435439 2.72206e-06 9.65654e-06
threshold=0.98000000000000009 1.0000000180025095e-35 0.84222222222222232 0.81992797118847549 1.0000000180025095e-35 0.62621980905532848
decision_type=2 2 2 2 2 2
left_child=1 4 3 -3 5 -1
right_child=-2 2 -4 -5 -6 -7
leaf_value=-0.10008254721567247 0.10022772245366994 -0.10024112084693869 -0.1000687973607734 0.10046704628480269 -0.10003556914414886 -0.10191426322153577
leaf_weight=0.12361206830246352 0.4801058873999865 0.14990709759877063 0.15795275860000402 0.38752240780740976 0.49287659575929865 0.03751589878811501
leaf_count=289 212 198 266 106 1400 3
internal_value=-0.00507236 -0.0425377 0.0116486 0.0444828 -0.100152 -0.100509
internal_weight=1.82949 1.34939 0.695382 0.53743 0.654005 0.161128
internal_count=2474 2262 570 304 1692 292
is_linear=0
shrinkage=0.1


Tree=60
num_leaves=7
num_cat=0
split_feature=1 12 0 0 15 2
split_gain=0.652923 0.381131 0.230756 0.393845 2.0147e-06 7.13526e-06
threshold=0.98000000000000009 1.0000000180025095e-35 0.84222222222222232 0.81992797118847549 1.0000000180025095e-35 0.62621980905532848
decision_type=2 2 2 2 2 2
left_child=1 4 3 -3 5 -1
right_child=-2 2 -4 -5 -6 -7
leaf_value=-0.10007469134362375 0.10020600084638065 -0.10021818579998798 -0.10006224555370405 0.10042259209586812 -0.10003218851765605 -0.10172884286458231
leaf_weight=0.11185715149622388 0.43450715753715496 0.13567101294756867 0.14293044767691754 0.35079209576360881 0.44598750970908441 0.034004513116087765
leaf_count=289 212 198 266 106 1400 3
internal_value=-0.00507165 -0.0425285 0.0116442 0.0444653 -0.100138 -0.10046
internal_weight=1.65575 1.22124 0.629394 0.486463 0.591849 0.145862
internal_count=2474 2262 570 304 1692 292
is_linear=0
shrinkage=0.1


Tree=61
num_leaves=7
num_cat=0
split_feature=1 12 0 0 15 2
split_gain=0.59067 0.344823 0.208759 0.356237 1.49144e-06 5.27346e-06
threshold=0.98000000000000009 1.0000000180025095e-35 0.84222222222222232 0.81992797118847549 1.0000000180025095e-35 0.62621980905532848
decision_type=2 2 2 2 2 2
left_child=1 4 3 -3 5 -1
right_child=-2 2 -4 -5 -6 -7
leaf_value=-0.10006759659344402 0.10018636076262998 -0.10019743000454738 -0.10005632529012748 0.10038236955993314 -0.10002911767464684 -0.10156166186137838
leaf_weight=0.10121935413917516 0.39323149458505224 0.12278434506151825 0.12933608461753465 0.31753053120337427 0.40355793444905419 0.03081662513432093
leaf_count=289 212 198 266 106 1400 3
internal_value=-0.005071 -0.0425202 0.0116403 0.0444495 -0.100125 -0.100416
internal_weight=1.49848 1.10524 0.569651 0.440315 0.535594 0.132036
internal_count=2474 2262 570 304 1692 292
is_linear=0
shrinkage=0.1


Tree=62
num_leaves=7
num_cat=0
split_feature=1 12 0 0 15 2
split_gain=0.534362 0.311977 0.188862 0.322232 1.10406e-06 3.89841e-06
threshold=0.98000000000000009 1.0000000180025095e-35 0.84222222222222232 0.81992797118847549 1.0000000180025095e-35 0.62621980905532848
decision_type=2 2 2 2 2 2
left_child=1 4 3 -3 5 -1
right_child=-2 2 -4 -5 -6 -7
leaf_value=-0.10006116864644249 0.10016859610251667 -0.10017864883343441 -0.10005096332452718 0.10034597860363857 -0.10002635278429264 -0.10141088534872711
leaf_weight=0.091592642362229415 0.35587046283762913 0.11111963901203126 0.11703408160246909 0.28741241293027997 0.36516390036558721 0.027923384477617219
leaf_count=289 212 198 266 106 1400 3
internal_value=-0.00507042 -0.0425127 0.0116367 0.0444352 -0.100113 -0.100377
internal_weight=1.35612 1.00025 0.515566 0.398532 0.48468 0.119516
internal_count=2474 2262 570 304 1692 292
is_linear=0
shrinkage=0.1


Tree=63
num_leaves=7
num_cat=0
split_feature=1 12 0 0 15 2
split_gain=0.483431 0.282263 0.170864 0.291481 8.17407e-07 2.88245e-06
threshold=0.98000000000000009 1.0000000180025095e-35 0.84222222222222232 0.81992797118847549 1.0000000180025095e-35 0.62621980905532848
decision_type=2 2 2 2 2 2
left_child=1 4 3 -3 5 -1
right_child=-2 2 -4 -5 -6 -7
leaf_value=-0.10005535629395741 0.10015252605697861 -0.10016165421348391 -0.10004610825063057 0.10031304667938318 -0.10002384182584029 -0.10127484935281594
leaf_weight=0.082881018810439855 0.32205395353958011 0.10056140246160794 0.10590169121860527 0.26014252984896302 0.33042183116776869 0.025298333406681195
leaf_count=289 212 198 266 106 1400 3
internal_value=-0.00506989 -0.0425059 0.0116335 0.0444223 -0.100102 -0.100341
internal_weight=1.22726 0.905207 0.466606 0.360704 0.438601 0.108179
internal_count=2474 2262 570 304 1692 292
is_linear=0
shrinkage=0.1


Tree=64
num_leaves=7
num_cat=0
split_feature=1 12 0 0 15 2
split_gain=0.437361 0.255381 0.154583 0.263673 6.05166e-07 2.13169e-06
threshold=0.98000000000000009 1.0000000180025095e-35 0.84222222222222232 0.81992797118847549 1.0000000180025095e-35 0.62621980905532848
decision_type=2 2 2 2 2 2
left_child=1 4 3 -3 5 -1
right_child=-2 2 -4 -5 -6 -7
leaf_value=-0.10005008689244553 0.10013799208257231 -0.10014627315089304 -0.10004171762044121 0.10028325447889162 -0.10002157642242493 -0.10115208750483017
leaf_weight=0.074997594958404079 0.29144661978352815 0.091004983230959624 0.095827804412692785 0.23545307759195566 0.29898447636514902 0.022917246547876857
leaf_count=289 212 198 266 106 1400 3
internal_value=-0.00506941 -0.0424997 0.0116305 0.0444106 -0.100092 -0.100308
internal_weight=1.11063 0.819185 0.422286 0.326458 0.396899 0.0979148
internal_count=2474 2262 570 304 1692 292
is_linear=0
shrinkage=0.1


Tree=65
num_leaves=7
num_cat=0
split_feature=1 12 0 0 15 2
split_gain=0.395687 0.231061 0.139855 0.238523 4.48111e-07 1.5767e-06
threshold=0.98000000000000009 1.0000000180025095e-35 0.84222222222222232 0.81992797118847549 1.0000000180025095e-35 0.62621980905532848
decision_type=2 2 2 2 2 2
left_child=1 4 3 -3 5 -1
right_child=-2 2 -4 -5 -6 -7
leaf_value=-0.1000453325166266 0.10012483964580242 -0.1001323581409124 -0.1000377519247123 0.10025629650886632 -0.10001952208256951 -0.10104127390333695
leaf_weight=0.067863694072002545 0.26374467683490366 0.082355574908433482 0.086711848780396394 0.21310112660285085 0.27053761002025567 0.020757967155077495
leaf_count=289 212 198 266 106 1400 3
internal_value=-0.00506898 -0.0424941 0.0116279 0.0444 -0.100083 -0.100279
internal_weight=1.00507 0.741328 0.382169 0.295457 0.359159 0.0886217
internal_count=2474 2262 570 304 1692 292
is_linear=0
shrinkage=0.1


Tree=66
num_leaves=7
num_cat=0
split_feature=1 12 0 0 15 2
split_gain=0.357988 0.209058 0.126532 0.215778 3.31822e-07 1.16639e-06
threshold=0.98000000000000009 1.0000000180025095e-35 0.84222222222222232 0.81992797118847549 1.0000000180025095e-35 0.62621980905532848
decision_type=2 2 2 2 2 2
left_child=1 4 3 -3 5 -1
right_child=-2 2 -4 -5 -6 -7
leaf_value=-0.10004102196930775 0.10011295360836257 -0.10011976624564495 -0.1000341552374182 0.10023190608797977 -0.10001766015183491 -0.10094121608385163
leaf_weight=0.061408120760461316 0.2386729532154277 0.074527302494971082 0.078462802062858827 0.19286641024518758 0.24479687123675831 0.018800256904796697
leaf_count=289 212 198 266 106 1400 3
internal_value=-0.00506859 -0.0424891 0.0116255 0.0443904 -0.100075 -0.100252
internal_weight=0.909535 0.670862 0.345857 0.267394 0.325005 0.0802084
internal_count=2474 2262 570 304 1692 292
is_linear=0
shrinkage=0.1


Tree=67
num_leaves=7
num_cat=0
split_feature=1 12 0 0 15 2
split_gain=0.323885 0.189152 0.11448 0.195205 2.45712e-07 8.62991e-07
threshold=0.98000000000000009 1.0000000180025095e-35 0.84222222222222232 0.81992797118847549 1.0000000180025095e-35 0.62621980905532848
decision_type=2 2 2 2 2 2
left_child=1 4 3 -3 5 -1
right_child=-2 2 -4 -5 -6 -7
leaf_value=-0.1000371199090415 0.10010218789604551 -0.10010837180591217 -0.10003090215517473 0.10020983182554849 -0.10001598196546638 -0.10085086748929067
leaf_weight=0.055566420604009181 0.21598226664355025 0.06744237725797575 0.070998269293340854 0.17454922816250473 0.2215049028309295 0.017025640554493293
leaf_count=289 212 198 266 106 1400 3
internal_value=-0.00506823 -0.0424845 0.0116233 0.0443817 -0.100068 -0.100228
internal_weight=0.823069 0.607087 0.31299 0.241992 0.294097 0.0725921
internal_count=2474 2262 570 304 1692 292
is_linear=0
shrinkage=0.1


Tree=68
num_leaves=7
num_cat=0
split_feature=1 12 0 0 15 2
split_gain=0.293034 0.171142 0.103576 0.176597 1.81955e-07 6.38577e-07
threshold=0.98000000000000009 1.0000000180025095e-35 0.84222222222222232 0.81992797118847549 1.0000000180025095e-35 0.62621980905532848
decision_type=2 2 2 2 2 2
left_child=1 4 3 -3 5 -1
right_child=-2 2 -4 -5 -6 -7
leaf_value=-0.10003358077006147 0.1000924521617074 -0.1000980589071495 -0.10002796136080616 0.10018986837589282 -0.10001445308501374 -0.10076924302284128
leaf_weight=0.050280264258617535 0.19544687040615827 0.061030353070236742 0.064243683096719906 0.15796854917425662 0.20042882450798061 0.015417279690154828
leaf_count=289 212 198 266 106 1400 3
internal_value=-0.00506791 -0.0424804 0.0116214 0.0443739 -0.100062 -0.100206
internal_weight=0.744816 0.549369 0.283243 0.218999 0.266126 0.0656975
internal_count=2474 2262 570 304 1692 292
is_linear=0
shrinkage=0.1


Tree=69
num_leaves=7
num_cat=0
split_feature=1 12 0 0 15 2
split_gain=0.265124 0.154848 0.0937118 0.159766 1.34753e-07 4.72559e-07
threshold=0.98000000000000009 1.0000000180025095e-35 0.84222222222222232 0.81992797118847549 1.0000000180025095e-35 0.62621980905532848
decision_type=2 2 2 2 2 2
left_child=1 4 3 -3 5 -1
right_child=-2 2 -4 -5 -6 -7
leaf_value=-0.100030396679457 0.10008365149185552 -0.10008872909730487 -0.10002530093021818 0.10017179461254631 -0.10001308225842781 -0.10069551337388366
leaf_weight=0.045496841426938772 0.17686240648617968 0.055227433578693308 0.058131556113949046 0.14296032988931984 0.18135786456696223 0.013959826363134198
leaf_count=289 212 198 266 106 1400 3
internal_value=-0.00506762 -0.0424767 0.0116196 0.0443668 -0.100056 -0.100187
internal_weight=0.673996 0.497134 0.256319 0.198188 0.240815 0.0594567
internal_count=2474 2262 570 304 1692 292
is_linear=0
shrinkage=0.1


Tree=70
num_leaves=7
num_cat=0
split_feature=1 12 0 0 15 2
split_gain=0.239874 0.140106 0.0847876 0.144541 9.97887e-08 3.49756e-07
threshold=0.98000000000000009 1.0000000180025095e-35 0.84222222222222232 0.81992797118847549 1.0000000180025095e-35 0.62621980905532848
decision_type=2 2 2 2 2 2
left_child=1 4 3 -3 5 -1
right_child=-2 2 -4 -5 -6 -7
leaf_value=-0.10002750325205674 0.10007568262971984 -0.10008028745544223 -0.10002289177454621 0.10015544925878156 -0.10001184221087825 -0.10062890015116276
leaf_weight=0.041168373427353799 0.1600438168970868 0.049975849411566742 0.05260080959124025 0.12937589595094323 0.16410131877637468 0.012639309476071503
leaf_count=289 212 198 266 106 1400 3
internal_value=-0.00506736 -0.0424733 0.011618 0.0443603 -0.100051 -0.100169
internal_weight=0.609905 0.449862 0.231953 0.179352 0.217909 0.0538077
internal_count=2474 2262 570 304 1692 292
is_linear=0
shrinkage=0.1


Tree=71
num_leaves=7
num_cat=0
split_feature=1 12 0 0 15 2
split_gain=0.217031 0.126768 0.0767138 0.130769 7.39024e-08 2.58887e-07
threshold=0.98000000000000009 1.0000000180025095e-35 0.84222222222222232 0.81992797118847549 1.0000000180025095e-35 0.62621980905532848
decision_type=2 2 2 2 2 2
left_child=1 4 3 -3 5 -1
right_child=-2 2 -4 -5 -6 -7
leaf_value=-0.10002487914410657 0.10006847283780261 -0.10007264723498413 -0.10002071289618582 0.10014064946922628 -0.10001070980380485 -0.10056869632711472
leaf_weight=0.037251610978273675 0.14482353325001895 0.045223294997413177 0.047596164862625301 0.11708056839415804 0.14848660431744065 0.011443018629506696
leaf_count=289 212 198 266 106 1400 3
internal_value=-0.00506713 -0.0424702 0.0116165 0.0443545 -0.100046 -0.100153
internal_weight=0.551905 0.407081 0.2099 0.162304 0.197181 0.0486946
internal_count=2474 2262 570 304 1692 292
is_linear=0
shrinkage=0.1


Tree=72
num_leaves=7
num_cat=0
split_feature=1 12 0 0 15 2
split_gain=0.196365 0.1147 0.0694093 0.11831 5.47353e-08 1.91634e-07
threshold=0.98000000000000009 1.0000000180025095e-35 0.84222222222222232 0.81992797118847549 1.0000000180025095e-35 0.62621980905532848
decision_type=2 2 2 2 2 2
left_child=1 4 3 -3 5 -1
right_child=-2 2 -4 -5 -6 -7
leaf_value=-0.10002251774519087 0.10006195482950826 -0.10006573601900969 -0.10001874047942638 0.10012726300065995 -0.10000969277569977 -0.100514288176889
leaf_weight=0.033707406983012334 0.13104985223617405 0.040922412830695976 0.043067597565823235 0.10595232236664742 0.1343575359787792 0.010359390937082935
leaf_count=289 212 198 266 106 1400 3
internal_value=-0.00506691 -0.0424675 0.0116152 0.0443493 -0.100041 -0.100138
internal_weight=0.499417 0.368367 0.189942 0.146875 0.178424 0.0440668
internal_count=2474 2262 570 304 1692 292
is_linear=0
shrinkage=0.1


Tree=73
num_leaves=7
num_cat=0
split_feature=1 12 0 0 15 2
split_gain=0.177667 0.103782 0.0628007 0.10704 4.05414e-08 1.41864e-07
threshold=0.98000000000000009 1.0000000180025095e-35 0.84222222222222232 0.81992797118847549 1.0000000180025095e-35 0.62621980905532848
decision_type=2 2 2 2 2 2
left_child=1 4 3 -3 5 -1
right_child=-2 2 -4 -5 -6 -7
leaf_value=-0.1000203799904965 0.100056058549571 -0.10005948089048187 -0.10001695852440502 0.10011515345576094 -0.10000877074809274 -0.10046511178953305
leaf_weight=0.03050034299667459 0.11858544684946537 0.037030326690000948 0.038969833025475964 0.095880633452907205 0.12157278957602102 0.0093779194212402217
leaf_count=289 212 198 266 106 1400 3
internal_value=-0.00506672 -0.042465 0.011614 0.0443445 -0.100037 -0.100125
internal_weight=0.451917 0.333332 0.171881 0.132911 0.161451 0.0398783
internal_count=2474 2262 570 304 1692 292
is_linear=0
shrinkage=0.1


Tree=74
num_leaves=7
num_cat=0
split_feature=1 12 0 0 15 2
split_gain=0.160751 0.0939026 0.0568216 0.0968442 3.00268e-08 1.05028e-07
threshold=0.98000000000000009 1.0000000180025095e-35 0.84222222222222232 0.81992797118847549 1.0000000180025095e-35 0.62621980905532848
decision_type=2 2 2 2 2 2
left_child=1 4 3 -3 5 -1
right_child=-2 2 -4 -5 -6 -7
leaf_value=-0.10001843895223513 0.10005071218226427 -0.10005382009744312 -0.10001534391032199 0.10010419676861969 -0.1000079348165039 -0.10042065496535135
leaf_weight=0.027598359956755303 0.10730598587542772 0.033508225169498473 0.035261903663922567 0.086765398911666125 0.11000447809055913 0.0084890578291378915
leaf_count=289 212 198 266 106 1400 3
internal_value=-0.00506654 -0.0424627 0.0116129 0.0443402 -0.100034 -0.100113
internal_weight=0.408933 0.301627 0.155536 0.120274 0.146092 0.0360874
internal_count=2474 2262 570 304 1692 292
is_linear=0
shrinkage=0.1


Tree=75
num_leaves=7
num_cat=0
split_feature=1 12 0 0 15 2
split_gain=0.145446 0.0849643 0.051412 0.0876205 2.22402e-08 7.77658e-08
threshold=0.98000000000000009 1.0000000180025095e-35 0.84222222222222232 0.81992797118847549 1.0000000180025095e-35 0.62621980905532848
decision_type=2 2 2 2 2 2
left_child=1 4 3 -3 5 -1
right_child=-2 2 -4 -5 -6 -7
leaf_value=-0.10001668085283764 0.10004588733051226 -0.10004870142970074 -0.10001388550460062 0.10009428020540707 -0.10000717759792671 -0.1003804715081756
leaf_weight=0.024972444400191307 0.097098918777192011 0.030320968486194033 0.031906731179333292 0.078515962464734912 0.099536884634289891 0.0076841357804369173
leaf_count=289 212 198 266 106 1400 3
internal_value=-0.00506638 -0.0424607 0.011612 0.0443363 -0.100031 -0.100102
internal_weight=0.370036 0.272937 0.140744 0.108837 0.132193 0.0326566
internal_count=2474 2262 570 304 1692 292
is_linear=0
shrinkage=0.1


Tree=76
num_leaves=7
num_cat=0
split_feature=1 12 0 0 15 2
split_gain=0.131599 0.0768769 0.0465176 0.0792759 1.64726e-08 5.75803e-08
threshold=0.98000000000000009 1.0000000180025095e-35 0.84222222222222232 0.81992797118847549 1.0000000180025095e-35 0.62621980905532848
decision_type=2 2 2 2 2 2
left_child=1 4 3 -3 5 -1
right_child=-2 2 -4 -5 -6 -7
leaf_value=-0.1000150911684155 0.10004152079397018 -0.10004406471680281 -0.10001256018188918 0.10008530643450597 -0.10000649298708442 -0.1003441330705076
leaf_weight=0.02259634286747314 0.087862377433339134 0.027436753254733048 0.028870767084299587 0.071050226513762027 0.090065283729927614 0.0069552834102069019
leaf_count=289 212 198 266 106 1400 3
internal_value=-0.00506624 -0.0424588 0.0116111 0.0443328 -0.100028 -0.100093
internal_weight=0.334837 0.246975 0.127358 0.098487 0.119617 0.0295516
internal_count=2474 2262 570 304 1692 292
is_linear=0
shrinkage=0.1


Tree=77
num_leaves=7
num_cat=0
split_feature=1 12 0 0 15 2
split_gain=0.119071 0.0695596 0.0420893 0.0717265 1.22009e-08 4.26377e-08
threshold=0.98000000000000009 1.0000000180025095e-35 0.84222222222222232 0.81992797118847549 1.0000000180025095e-35 0.62621980905532848
decision_type=2 2 2 2 2 2
left_child=1 4 3 -3 5 -1
right_child=-2 2 -4 -5 -6 -7
leaf_value=-0.10001365950015378 0.10003756727869338 -0.1000398741675671 -0.10001136389372495 0.10007718747743488 -0.10000588159058786 -0.10031128746054772
leaf_weight=0.02044629558804445 0.079504145920509472 0.024826788168866187 0.026123646850464866 0.064293853880371898 0.081494913269125391 0.0062953569504315956
leaf_count=289 212 198 266 106 1400 3
internal_value=-0.00506611 -0.0424571 0.0116103 0.0443296 -0.100025 -0.100084
internal_weight=0.302985 0.223481 0.115244 0.0891206 0.108237 0.0267417
internal_count=2474 2262 570 304 1692 292
is_linear=0
shrinkage=0.1


Tree=78
num_leaves=7
num_cat=0
split_feature=1 12 0 0 15 2
split_gain=0.107736 0.0629388 0.0380827 0.0648966 9.03851e-09 3.15735e-08
threshold=0.98000000000000009 1.0000000180025095e-35 0.84222222222222232 0.81992797118847549 1.0000000180025095e-35 0.62621980905532848
decision_type=2 2 2 2 2 2
left_child=1 4 3 -3 5 -1
right_child=-2 2 -4 -5 -6 -7
leaf_value=-0.10001236064834196 0.10003398926123618 -0.1000360790078238 -0.10001028436118681 0.10006984164374402 -0.10000531819523471 -0.10028157936116472
leaf_weight=0.018500800782931037 0.071940769645152614 0.022465015907073393 0.023637895763386041 0.058179538085823879 0.07374003993027145 0.0056978761094796928
leaf_count=289 212 198 266 106 1400 3
internal_value=-0.00506599 -0.0424556 0.0116096 0.0443267 -0.100023 -0.100076
internal_weight=0.274162 0.202221 0.104282 0.0806446 0.0979387 0.0241987
internal_count=2474 2262 570 304 1692 292
is_linear=0
shrinkage=0.1


Tree=79
num_leaves=7
num_cat=0
split_feature=1 12 0 0 15 2
split_gain=0.0974803 0.0569483 0.0344576 0.0587174 6.69492e-09 2.33816e-08
threshold=0.98000000000000009 1.0000000180025095e-35 0.84222222222222232 0.81992797118847549 1.0000000180025095e-35 0.62621980905532848
decision_type=2 2 2 2 2 2
left_child=1 4 3 -3 5 -1
right_child=-2 2 -4 -5 -6 -7
leaf_value=-0.10001118445062762 0.10003075420512469 -0.10003264222530994 -0.10000930542762261 0.10006319806719609 -0.10000481288148651 -0.1002547145985489
leaf_weight=0.0167404035673826 0.065096697886474431 0.020327849211753346 0.02138865126107703 0.052646340860519558 0.066723066185659263 0.005156962881301296
leaf_count=289 212 198 266 106 1400 3
internal_value=-0.00506589 -0.0424542 0.0116089 0.0443241 -0.100021 -0.100069
internal_weight=0.24808 0.182983 0.0943628 0.0729742 0.0886204 0.0218974
internal_count=2474 2262 570 304 1692 292
is_linear=0
shrinkage=0.1


Tree=80
num_leaves=7
num_cat=0
split_feature=1 12 0 0 15 2
split_gain=0.0882012 0.0515281 0.0311777 0.0531268 4.95994e-09 1.73153e-08
threshold=0.98000000000000009 1.0000000180025095e-35 0.84222222222222232 0.81992797118847549 1.0000000180025095e-35 0.62621980905532848
decision_type=2 2 2 2 2 2
left_child=1 4 3 -3 5 -1
right_child=-2 2 -4 -5 -6 -7
leaf_value=-0.10001012140097035 0.10002782434513574 -0.10002953995293747 -0.1000084237153728 0.10005718222859282 -0.10000435106764523 -0.10023041747536249
leaf_weight=0.015147496480494738 0.058903564495267347 0.018393940794339869 0.019353414209035691 0.047639098134823143 0.060373790394805837 0.004667286491894628
leaf_count=289 212 198 266 106 1400 3
internal_value=-0.00506579 -0.042453 0.0116083 0.0443217 -0.100019 -0.100062
internal_weight=0.224479 0.165575 0.0853865 0.066033 0.0801886 0.0198148
internal_count=2474 2262 570 304 1692 292
is_linear=0
shrinkage=0.1


Tree=81
num_leaves=7
num_cat=0
split_feature=1 12 0 0 15 2
split_gain=0.0798055 0.0466239 0.02821 0.0480688 3.67422e-09 1.28233e-08
threshold=0.98000000000000009 1.0000000180025095e-35 0.84222222222222232 0.81992797118847549 1.0000000180025095e-35 0.62621980905532848
decision_type=2 2 2 2 2 2
left_child=1 4 3 -3 5 -1
right_child=-2 2 -4 -5 -6 -7
leaf_value=-0.10000916009138844 0.10002518425587215 -0.10002673079987684 -0.10000761776865515 0.10005174264021409 -0.100003937063323 -0.10020844358655659
leaf_weight=0.013706146979529876 0.053299488281481899 0.016643969509459566 0.017511826732516056 0.043107863195473328 0.054628681769827381 0.0042240144612151189
leaf_count=289 212 198 266 106 1400 3
internal_value=-0.0050657 -0.0424519 0.0116078 0.0443196 -0.100017 -0.100056
internal_weight=0.203122 0.149823 0.0772637 0.0597518 0.0725588 0.0179302
internal_count=2474 2262 570 304 1692 292
is_linear=0
shrinkage=0.1


Tree=82
num_leaves=7
num_cat=0
split_feature=1 12 0 0 15 2
split_gain=0.0722092 0.0421865 0.0255249 0.0434925 2.72047e-09 9.49686e-09
threshold=0.98000000000000009 1.0000000180025095e-35 0.84222222222222232 0.81992797118847549 1.0000000180025095e-35 0.62621980905532848
decision_type=2 2 2 2 2 2
left_child=1 4 3 -3 5 -1
right_child=-2 2 -4 -5 -6 -7
leaf_value=-0.10000828572778152 0.10002278519718369 -0.10002418364735782 -0.1000068939109555 0.10004681526379092 -0.10000356965406926 -0.10018856456539177
leaf_weight=0.012401937354297843 0.048228468047454953 0.015060450004966697 0.015845465142774628 0.039007429993944243 0.049430247519921977 0.0038227660334086968
leaf_count=289 212 198 266 106 1400 3
internal_value=-0.00506562 -0.0424509 0.0116073 0.0443176 -0.100015 -0.100051
internal_weight=0.183797 0.135568 0.0699133 0.0540679 0.065655 0.0162247
internal_count=2474 2262 570 304 1692 292
is_linear=0
shrinkage=0.1


Tree=83
num_leaves=7
num_cat=0
split_feature=1 12 0 0 15 2
split_gain=0.0653362 0.0381714 0.0230954 0.0393521 2.01592e-09 7.03328e-09
threshold=0.98000000000000009 1.0000000180025095e-35 0.84222222222222232 0.81992797118847549 1.0000000180025095e-35 0.62621980905532848
decision_type=2 2 2 2 2 2
left_child=1 4 3 -3 5 -1
right_child=-2 2 -4 -5 -6 -7
leaf_value=-0.10000749859613262 0.10002061098491961 -0.10002188165449143 -0.10000623804632199 0.10004236400545 -0.10000322262576772 -0.10017058578889732
leaf_weight=0.011221821179788094 0.043639821407850832 0.013627556421852205 0.01433765904585016 0.035296874266350642 0.044726484124112176 0.0034595710076246186
leaf_count=289 212 198 266 106 1400 3
internal_value=-0.00506555 -0.0424499 0.0116068 0.0443159 -0.100014 -0.100046
internal_weight=0.16631 0.12267 0.0632621 0.0489244 0.0594079 0.0146814
internal_count=2474 2262 570 304 1692 292
is_linear=0
shrinkage=0.1


Tree=84
num_leaves=7
num_cat=0
split_feature=1 12 0 0 15 2
split_gain=0.0591174 0.0345385 0.0208972 0.0356059 1.49332e-09 5.20924e-09
threshold=0.98000000000000009 1.0000000180025095e-35 0.84222222222222232 0.81992797118847549 1.0000000180025095e-35 0.62621980905532848
decision_type=2 2 2 2 2 2
left_child=1 4 3 -3 5 -1
right_child=-2 2 -4 -5 -6 -7
leaf_value=-0.10000678554870941 0.10001865209005159 -0.10001980262479369 -0.1000056465643044 0.10003833624655296 -0.10000291658105989 -0.10015432790717005
leaf_weight=0.010153992119739996 0.039487678048317321 0.012330966503213858 0.012973323424375849 0.031939153181156144 0.040470313517289469 0.0031308316683862367
leaf_count=289 212 198 266 106 1400 3
internal_value=-0.00506549 -0.0424491 0.0116065 0.0443143 -0.100012 -0.100042
internal_weight=0.150486 0.110999 0.0572434 0.0442701 0.0537551 0.0132848
internal_count=2474 2262 570 304 1692 292
is_linear=0
shrinkage=0.1


Tree=85
num_leaves=7
num_cat=0
split_feature=1 12 0 0 15 2
split_gain=0.0534907 0.0312514 0.0189083 0.0322165 1.1059e-09 3.85848e-09
threshold=0.98000000000000009 1.0000000180025095e-35 0.84222222222222232 0.81992797118847549 1.0000000180025095e-35 0.62621980905532848
decision_type=2 2 2 2 2 2
left_child=1 4 3 -3 5 -1
right_child=-2 2 -4 -5 -6 -7
leaf_value=-0.10000613950148927 0.10001687447300669 -0.10001791666473028 -0.10000510478205382 0.10003468322257583 -0.10000264418249488 -0.10013962349490653
leaf_weight=0.0091877681916230358 0.035730530304135755 0.011157719427501434 0.011738808549125679 0.028900741366669536 0.036619150312617421 0.0028332884357951124
leaf_count=289 212 198 266 106 1400 3
internal_value=-0.00506543 -0.0424484 0.0116061 0.0443129 -0.100011 -0.100038
internal_weight=0.136168 0.100437 0.0517973 0.0400585 0.0486402 0.0120211
internal_count=2474 2262 570 304 1692 292
is_linear=0
shrinkage=0.1


Tree=86
num_leaves=7
num_cat=0
split_feature=1 12 0 0 15 2
split_gain=0.0483995 0.0282772 0.0171087 0.0291498 8.1944e-10 2.8577e-09
threshold=0.98000000000000009 1.0000000180025095e-35 0.84222222222222232 0.81992797118847549 1.0000000180025095e-35 0.62621980905532848
decision_type=2 2 2 2 2 2
left_child=1 4 3 -3 5 -1
right_child=-2 2 -4 -5 -6 -7
leaf_value=-0.10000555528649013 0.10001526755858936 -0.10001621090320914 -0.10000462186409707 0.100031381950482 -0.10000238730424356 -0.10012631517501708
leaf_weight=0.0083134825072193053 0.032330814588931389 0.010096085434270208 0.010621762146911351 0.026151291735004634 0.033134456367406528 0.0025639888426667321
leaf_count=289 212 198 266 106 1400 3
internal_value=-0.00506538 -0.0424477 0.0116058 0.0443116 -0.10001 -0.100034
internal_weight=0.123212 0.0908811 0.0468691 0.0362474 0.0440119 0.0108775
internal_count=2474 2262 570 304 1692 292
is_linear=0
shrinkage=0.1


Tree=87
num_leaves=7
num_cat=0
split_feature=1 12 0 0 15 2
split_gain=0.0437931 0.0255861 0.0154804 0.0263752 6.06705e-10 2.11679e-09
threshold=0.98000000000000009 1.0000000180025095e-35 0.84222222222222232 0.81992797118847549 1.0000000180025095e-35 0.62621980905532848
decision_type=2 2 2 2 2 2
left_child=1 4 3 -3 5 -1
right_child=-2 2 -4 -5 -6 -7
leaf_value=-0.10000502587801613 0.10001382023717767 -0.10001466981099015 -0.10000418287731049 0.10002839609235653 -0.10000216747205173 -0.10011428264344853
leaf_weight=0.0075223877574899234 0.029254533525090665 0.0091354495016275905 0.0096110078357014572 0.023663337851758115 0.029981360123201739 0.002320257679457427
leaf_count=289 212 198 266 106 1400 3
internal_value=-0.00506533 -0.0424471 0.0116055 0.0443104 -0.100009 -0.100031
internal_weight=0.111488 0.0822338 0.0424098 0.0327988 0.039824 0.00984265
internal_count=2474 2262 570 304 1692 292
is_linear=0
shrinkage=0.1


Tree=88
num_leaves=7
num_cat=0
split_feature=1 12 0 0 15 2
split_gain=0.0396251 0.0231511 0.014007 0.0238647 4.49605e-10 1.5676e-09
threshold=0.98000000000000009 1.0000000180025095e-35 0.84222222222222232 0.81992797118847549 1.0000000180025095e-35 0.62621980905532848
decision_type=2 2 2 2 2 2
left_child=1 4 3 -3 5 -1
right_child=-2 2 -4 -5 -6 -7
leaf_value=-0.10000454858983499 0.1000124933458757 -0.10001327477067573 -0.10000378471544394 0.10002569159238489 -0.10000195492186048 -0.10010338667864027
leaf_weight=0.0068065690829826053 0.026470928336493671 0.0082662061395240016 0.0086964323345455341 0.021412022790173069 0.027128310561238322 0.0020996727835154161
leaf_count=289 212 198 266 106 1400 3
internal_value=-0.00506529 -0.0424465 0.0116052 0.0443093 -0.100008 -0.100028
internal_weight=0.10088 0.0744092 0.0383747 0.0296782 0.0360346 0.00890624
internal_count=2474 2262 570 304 1692 292
is_linear=0
shrinkage=0.1


Tree=89
num_leaves=7
num_cat=0
split_feature=1 12 0 0 15 2
split_gain=0.0358538 0.0209478 0.0126739 0.0215932 3.33094e-10 1.1613e-09
threshold=0.98000000000000009 1.0000000180025095e-35 0.84222222222222232 0.81992797118847549 1.0000000180025095e-35 0.62621980905532848
decision_type=2 2 2 2 2 2
left_child=1 4 3 -3 5 -1
right_child=-2 2 -4 -5 -6 -7
leaf_value=-0.10000411380106417 0.10001130983011122 -0.10001201022522994 -0.100003423120677 0.10002324554219413 -0.10000176723183192 -0.10009354301245399
leaf_weight=0.0061588635689986404 0.023952156057930551 0.0074796622848225516 0.0078688843386771623 0.019374848823645152 0.024546753917093156 0.0019000398933712859
leaf_count=289 212 198 266 106 1400 3
internal_value=-0.00506525 -0.042446 0.011605 0.0443084 -0.100008 -0.100025
internal_weight=0.0912812 0.0673291 0.0347234 0.0268545 0.0326057 0.0080589
internal_count=2474 2262 570 304 1692 292
is_linear=0
shrinkage=0.1


Tree=90
num_leaves=7
num_cat=0
split_feature=1 12 0 0 15 2
split_gain=0.0324415 0.0189542 0.0114677 0.0195379 2.46495e-10 8.60237e-10
threshold=0.98000000000000009 1.0000000180025095e-35 0.84222222222222232 0.81992797118847549 1.0000000180025095e-35 0.62621980905532848
decision_type=2 2 2 2 2 2
left_child=1 4 3 -3 5 -1
right_child=-2 2 -4 -5 -6 -7
leaf_value=-0.10000372193624547 0.10001023493855682 -0.10001086609344663 -0.10000309653788138 0.10002103668567325 -0.10000161001793438 -0.10008463450971593
leaf_weight=0.0055727908547851248 0.021673028953955509 0.0067679517160286187 0.0071200829788722322 0.017531456483993679 0.022210855928278761 0.0017193724306707736
leaf_count=289 212 198 266 106 1400 3
internal_value=-0.00506521 -0.0424455 0.0116048 0.0443075 -0.100007 -0.100023
internal_weight=0.0825955 0.0609225 0.0314195 0.0242994 0.029503 0.00729216
internal_count=2474 2262 570 304 1692 292
is_linear=0
shrinkage=0.1


Tree=91
num_leaves=7
num_cat=0
split_feature=1 12 0 0 15 2
split_gain=0.029354 0.0171504 0.0103763 0.0176783 1.82808e-10 6.37239e-10
threshold=0.98000000000000009 1.0000000180025095e-35 0.84222222222222232 0.81992797118847549 1.0000000180025095e-35 0.62621980905532848
decision_type=2 2 2 2 2 2
left_child=1 4 3 -3 5 -1
right_child=-2 2 -4 -5 -6 -7
leaf_value=-0.10000337014441851 0.10000925625248991 -0.10000983440532257 -0.10000280674800938 0.10001903449942032 -0.10000144877490465 -0.10007657835905137
leaf_weight=0.0050424866985849795 0.0196107491501607 0.0061239560282047014 0.006442535453970776 0.015863419059314765 0.02009724305025884 0.0015558714112557936
leaf_count=289 212 198 266 106 1400 3
internal_value=-0.00506518 -0.0424451 0.0116046 0.0443067 -0.100006 -0.100021
internal_weight=0.0747363 0.0551255 0.0284299 0.0219874 0.0266956 0.00659836
internal_count=2474 2262 570 304 1692 292
is_linear=0
shrinkage=0.1


Tree=92
num_leaves=7
num_cat=0
split_feature=1 12 0 0 15 2
split_gain=0.0265603 0.0155183 0.00938883 0.0159957 1.35351e-10 4.72077e-10
threshold=0.98000000000000009 1.0000000180025095e-35 0.84222222222222232 0.81992797118847549 1.0000000180025095e-35 0.62621980905532848
decision_type=2 2 2 2 2 2
left_child=1 4 3 -3 5 -1
right_child=-2 2 -4 -5 -6 -7
leaf_value=-0.10000304591832421 0.10000838141946003 -0.10000889620941189 -0.10000253819249497 0.10001722068919956 -0.10000131273040436 -0.1000692856062577
leaf_weight=0.0045626445826201225 0.017744687211234123 0.005541233877920603 0.0058294618647778398 0.014354061713675037 0.018184761438533315 0.0014079080556257395
leaf_count=289 212 198 266 106 1400 3
internal_value=-0.00506515 -0.0424447 0.0116044 0.044306 -0.100006 -0.100019
internal_weight=0.0676248 0.0498801 0.0257248 0.0198953 0.0241553 0.00597055
internal_count=2474 2262 570 304 1692 292
is_linear=0
shrinkage=0.1


Tree=93
num_leaves=7
num_cat=0
split_feature=1 12 0 0 15 2
split_gain=0.0240326 0.0140414 0.0084953 0.0144733 1.0023e-10 3.49658e-10
threshold=0.98000000000000009 1.0000000180025095e-35 0.84222222222222232 0.81992797118847549 1.0000000180025095e-35 0.62621980905532848
decision_type=2 2 2 2 2 2
left_child=1 4 3 -3 5 -1
right_child=-2 2 -4 -5 -6 -7
leaf_value=-0.10000275615608477 0.10000758189279335 -0.10000805091266188 -0.10000229244165569 0.10001558592696128 -0.10000119022778205 -0.10006268529433776
leaf_weight=0.0041284628896391942 0.016056179221777711 0.0050139559934905256 0.0052747273975910494 0.012988294089154806 0.016454271617476479 0.0012740076945192413
leaf_count=289 212 198 266 106 1400 3
internal_value=-0.00506512 -0.0424444 0.0116042 0.0443053 -0.100005 -0.100017
internal_weight=0.0611899 0.0451337 0.023277 0.0180023 0.0218567 0.00540247
internal_count=2474 2262 570 304 1692 292
is_linear=0
shrinkage=0.1


Tree=94
num_leaves=7
num_cat=0
split_feature=1 12 0 0 15 2
split_gain=0.0217454 0.0127052 0.00768682 0.0130958 7.43444e-11 2.5889e-10
threshold=0.98000000000000009 1.0000000180025095e-35 0.84222222222222232 0.81992797118847549 1.0000000180025095e-35 0.62621980905532848
decision_type=2 2 2 2 2 2
left_child=1 4 3 -3 5 -1
right_child=-2 2 -4 -5 -6 -7
leaf_value=-0.10000249996817767 0.10000686572732548 -0.1000072868665535 -0.10000207628907992 0.10001410299307933 -0.10000107100587129 -0.10005670993930177
leaf_weight=0.003735596908882143 0.014528330837492831 0.0045368478304226292 0.004772780614985094 0.011752459795388859 0.01488845695166674 0.0011528350823937217
leaf_count=289 212 198 266 106 1400 3
internal_value=-0.0050651 -0.0424441 0.0116041 0.0443048 -0.100005 -0.100015
internal_weight=0.0553673 0.040839 0.0210621 0.0162893 0.0197769 0.00488843
internal_count=2474 2262 570 304 1692 292
is_linear=0
shrinkage=0.1


Tree=95
num_leaves=7
num_cat=0
split_feature=1 12 0 0 15 2
split_gain=0.0196759 0.0114961 0.00695528 0.0118495 5.50625e-11 1.91881e-10
threshold=0.98000000000000009 1.0000000180025095e-35 0.84222222222222232 0.81992797118847549 1.0000000180025095e-35 0.62621980905532848
decision_type=2 2 2 2 2 2
left_child=1 4 3 -3 5 -1
right_child=-2 2 -4 -5 -6 -7
leaf_value=-0.10000225805277413 0.10000620881766163 -0.10000659378298998 -0.10000187907403107 0.10001276552746936 -0.10000096961756805 -0.10005131987078549
leaf_weight=0.0033801156132540191 0.013145858305506408 0.0041051368016269416 0.0043185985450691069 0.010634200538333971 0.013471646076141042 0.0010431817054268322
leaf_count=289 212 198 266 106 1400 3
internal_value=-0.00506508 -0.0424438 0.0116039 0.0443042 -0.100004 -0.100014
internal_weight=0.0500987 0.0369529 0.0190579 0.0147393 0.0178949 0.0044233
internal_count=2474 2262 570 304 1692 292
is_linear=0
shrinkage=0.1


Tree=96
num_leaves=7
num_cat=0
split_feature=1 12 0 0 15 2
split_gain=0.0178034 0.010402 0.00629336 0.0107217 4.07909e-11 1.21874e-10
threshold=0.98000000000000009 1.0000000180025095e-35 0.84222222222222232 0.81992797118847549 1.0000000180025095e-35 0.62330761551857006
decision_type=2 2 2 2 2 2
left_child=1 4 3 -3 5 -1
right_child=-2 2 -4 -5 -6 -7
leaf_value=-0.10000160833345687 0.10000561557908008 -0.10000596571165439 -0.10000170129515147 0.10001154698736386 -0.10000087796660997 -0.10004043658675742
leaf_weight=0.0028783383895643047 0.011894931551069021 0.0037145034311834033 0.0039076361126717521 0.009622333716833964 0.012189660613330489 0.0011240764924878022
leaf_count=287 212 198 266 106 1400 5
internal_value=-0.00506506 -0.0424436 0.0116038 0.0443038 -0.100004 -0.100013
internal_weight=0.0453315 0.0334365 0.0172445 0.0133368 0.0161921 0.00400241
internal_count=2474 2262 570 304 1692 292
is_linear=0
shrinkage=0.1


Tree=97
num_leaves=7
num_cat=0
split_feature=1 12 0 0 15 2
split_gain=0.0161091 0.00941212 0.00569444 0.00970132 3.02121e-11 9.02841e-11
threshold=0.98000000000000009 1.0000000180025095e-35 0.84222222222222232 0.81992797118847549 1.0000000180025095e-35 0.62330761551857006
decision_type=2 2 2 2 2 2
left_child=1 4 3 -3 5 -1
right_child=-2 2 -4 -5 -6 -7
leaf_value=-0.10000145376276226 0.10000507855227594 -0.10000539247372518 -0.10000153782544692 0.10001044562075677 -0.10000079407946645 -0.10003658607719479
leaf_weight=0.0026044320584333045 0.010763034129922744 0.00336103990321135 0.0035357809856577669 0.0087067383938119747 0.011029669256458874 0.0010171436033488135
leaf_count=287 212 198 266 106 1400 5
internal_value=-0.00506504 -0.0424433 0.0116037 0.0443033 -0.100003 -0.100011
internal_weight=0.0410178 0.0302548 0.0156036 0.0120678 0.0146512 0.00362158
internal_count=2474 2262 570 304 1692 292
is_linear=0
shrinkage=0.1


Tree=98
num_leaves=7
num_cat=0
split_feature=1 12 0 0 17 2
split_gain=0.0145761 0.00851642 0.00515252 0.00877803 2.23688e-11 6.05239e-11
threshold=0.98000000000000009 1.0000000180025095e-35 0.84222222222222232 0.81992797118847549 1.0000000180025095e-35 0.61757633090019237
decision_type=2 2 2 2 2 2
left_child=1 4 3 -3 -1 -6
right_child=-2 2 -4 -5 5 -7
leaf_value=-0.10000071899735477 0.10000460430954961 -0.10000488235815906 -0.10000139125785112 0.10000945150946719 -0.10000120160826489 -0.10003067283291965
leaf_weight=0.0099800648795280722 0.0097388402755314019 0.0030412094920393437 0.003199311304342701 0.0078782572018099017 0.0022718287873431118 0.0010051419640149106
leaf_count=1400 212 198 266 106 285 7
internal_value=-0.00506502 -0.0424431 0.0116036 0.0443029 -0.100003 -0.10001
internal_weight=0.0371147 0.0273758 0.0141188 0.0109195 0.013257 0.00327697
internal_count=2474 2262 570 304 1692 292
is_linear=0
shrinkage=0.1


Tree=99
num_leaves=7
num_cat=0
split_feature=1 12 0 0 15 2
split_gain=0.0131889 0.00770595 0.00466217 0.00794263 1.658e-11 3.74494e-11
threshold=0.98000000000000009 1.0000000180025095e-35 0.84222222222222232 0.81992797118847549 1.0000000180025095e-35 0.61217370629310619
decision_type=2 2 2 2 2 2
left_child=1 4 3 -3 5 -1
right_child=-2 2 -4 -5 -6 -7
leaf_value=-0.10000086835499765 0.10000416331467049 -0.1000044181091468 -0.10000125921610233 0.10000855230382613 -0.10000065065183845 -0.10002430336748652
leaf_weight=0.0019022452588615133 0.0088121037879318465 0.0027518122224137187 0.0028948602689524714 0.0071286027232417837 0.0090303418428447912 0.0010629079079080839
leaf_count=281 212 198 266 106 1400 11
internal_value=-0.00506501 -0.042443 0.0116035 0.0443026 -0.100003 -0.100009
internal_weight=0.0335829 0.0247708 0.0127753 0.00988041 0.0119955 0.00296515
internal_count=2474 2262 570 304 1692 292
is_linear=0
shrinkage=0.1


Tree=100
num_leaves=7
num_cat=0
split_feature=1 12 0 0 17 2
split_gain=0.0119338 0.00697262 0.00421849 0.00718674 1.22818e-11 2.44929e-11
threshold=0.98000000000000009 1.0000000180025095e-35 0.84222222222222232 0.81992797118847549 1.0000000180025095e-35 0.61034840345382702
decision_type=2 2 2 2 2 2
left_child=1 4 3 -3 -1 -6
right_child=-2 2 -4 -5 5 -7
leaf_value=-0.10000059072105115 0.10000376461189703 -0.10000399723213294 -0.1000011405050813 0.10000774269753983 -0.10000058148158604 -0.10002008166949224
leaf_weight=0.0081709958067222033 0.0079735514991625678 0.0024899526506487746 0.0026193808303105479 0.0064502760833420325 0.0016088319434857121 0.0010741720388978138
leaf_count=1400 212 198 266 106 278 14
internal_value=-0.005065 -0.0424428 0.0116034 0.0443023 -0.100003 -0.100008
internal_weight=0.0303872 0.0224136 0.0115596 0.00894023 0.010854 0.002683
internal_count=2474 2262 570 304 1692 292
is_linear=0
shrinkage=0.1


Tree=101
num_leaves=7
num_cat=0
split_feature=1 12 0 0 15 2
split_gain=0.0107981 0.00630907 0.00381704 0.00650279 9.0991e-12 1.70411e-11
threshold=0.98000000000000009 1.0000000180025095e-35 0.84222222222222232 0.81992797118847549 1.0000000180025095e-35 0.60313159227371227
decision_type=2 2 2 2 2 2
left_child=1 4 3 -3 5 -1
right_child=-2 2 -4 -5 -6 -7
leaf_value=-0.10000052974065965 0.1000034049739045 -0.10000361519427972 -0.10000103017283907 0.10000700339145514 -0.10000053710353728 -0.10001753089469723
leaf_weight=0.0014190769238666689 0.0072147922655858556 0.002253010494314367 0.0023701162403995122 0.0058364920259919018 0.0073934267629738315 0.0010086237966788758
leaf_count=271 212 198 266 106 1400 21
internal_value=-0.00506499 -0.0424426 0.0116034 0.044302 -0.100002 -0.100008
internal_weight=0.0274955 0.0202807 0.0104596 0.0080895 0.00982113 0.0024277
internal_count=2474 2262 570 304 1692 292
is_linear=0
shrinkage=0.1


Tree=102
num_leaves=7
num_cat=0
split_feature=1 12 0 0 15 2
split_gain=0.00977047 0.00570868 0.00345379 0.00588393 6.74465e-12 1.0604e-11
threshold=0.98000000000000009 1.0000000180025095e-35 0.84222222222222232 0.81992797118847549 1.0000000180025095e-35 0.58554172515869152
decision_type=2 2 2 2 2 2
left_child=1 4 3 -3 5 -1
right_child=-2 2 -4 -5 -6 -7
leaf_value=-0.10000047028242805 0.10000308545609507 -0.10000327290345808 -0.10000093278922331 0.10000633825929482 -0.10000047854204015 -0.10001441384758246
leaf_weight=0.001189271878956788 0.0065282338946417431 0.002038614808498096 0.0021445718352879339 0.0052811097411904484 0.0066898527338707936 0.0010074176830130455
leaf_count=251 212 198 266 106 1400 41
internal_value=-0.00506497 -0.0424425 0.0116033 0.0443017 -0.100002 -0.100007
internal_weight=0.0248791 0.0183508 0.0094643 0.00731972 0.00888654 0.00219669
internal_count=2474 2262 570 304 1692 292
is_linear=0
shrinkage=0.1


Tree=103
num_leaves=7
num_cat=0
split_feature=1 12 0 0 15 12
split_gain=0.00884066 0.00516541 0.00312511 0.00532397 5.00852e-12 4.75921e-15
threshold=0.98000000000000009 1.0000000180025095e-35 0.84222222222222232 0.81992797118847549 1.0000000180025095e-35 1.0000000180025095e-35
decision_type=2 2 2 2 2 2
left_child=1 4 3 -3 -1 -2
right_child=5 2 -4 -5 -6 -7
leaf_value=-0.10000621699080887 0.10000260215144635 -0.10000296568611299 -0.10000084252284372 0.10000573388759917 -0.10000043147132086 0.10000283531413215
leaf_weight=0.0019876591936736077 0.001069030935468617 0.0018446203839630471 0.0019404905019655416 0.0047785731076146476 0.0060532316028911737 0.00483797570632305
leaf_count=292 41 198 266 106 1400 171
internal_value=-0.00506496 -0.0424424 0.0116032 0.0443015 -0.100002 0.100003
internal_weight=0.0225116 0.0166046 0.00856368 0.00662319 0.00804089 0.00590701
internal_count=2474 2262 570 304 1692 212
is_linear=0
shrinkage=0.1


Tree=104
num_leaves=7
num_cat=0
split_feature=1 12 0 0 15 0
split_gain=0.00799934 0.00467385 0.00282771 0.0048173 3.6989e-12 3.1225e-16
threshold=0.98000000000000009 1.0000000180025095e-35 0.84222222222222232 0.81992797118847549 1.0000000180025095e-35 0.98000000000000009
decision_type=2 2 2 2 2 2
left_child=1 4 3 -3 -1 -2
right_child=5 2 -4 -5 -6 -7
leaf_value=-0.1000056215397655 0.10000255795793914 -0.10000267823929697 -0.10000076356268034 0.10000518951138998 -0.10000039472042761 0.10000250573907953
leaf_weight=0.0017985184929329989 0.0016639973000565069 0.00166908604433047 0.0017558297104187659 0.0043238539619778749 0.0054771924742453848 0.0036808970435231458
leaf_count=292 65 198 266 106 1400 147
internal_value=-0.00506496 -0.0424423 0.0116032 0.0443013 -0.100002 0.100003
internal_weight=0.0203694 0.0150245 0.00774877 0.00599294 0.00727571 0.00534489
internal_count=2474 2262 570 304 1692 212
is_linear=0
shrinkage=0.1


Tree=105
num_leaves=7
num_cat=0
split_feature=1 12 0 0 15 0
split_gain=0.00723808 0.00422907 0.00255861 0.00435886 2.74284e-12 2.26381e-16
threshold=0.98000000000000009 1.0000000180025095e-35 0.84222222222222232 0.81992797118847549 1.0000000180025095e-35 0.98000000000000009
decision_type=2 2 2 2 2 2
left_child=1 4 3 -3 -1 -2
right_child=5 2 -4 -5 -6 -7
leaf_value=-0.10000508759517959 0.10000231654834246 -0.10000242172264538 -0.10000069027502814 0.10000469336433636 -0.1000003559180469 0.10000226981755117
leaf_weight=0.0016273751082280796 0.0015056504616950397 0.001510255174480335 0.0015887415402175975 0.0039124033028201666 0.004955970664468623 0.0033306208933936432
leaf_count=292 65 198 266 106 1400 147
internal_value=-0.00506495 -0.0424422 0.0116031 0.0443011 -0.100002 0.100002
internal_weight=0.018431 0.0135947 0.0070114 0.00542266 0.00658335 0.00483627
internal_count=2474 2262 570 304 1692 212
is_linear=0
shrinkage=0.1


Tree=106
num_leaves=7
num_cat=0
split_feature=1 12 0 0 15 0
split_gain=0.00654927 0.00382662 0.00231512 0.00394404 2.02524e-12 1.68268e-16
threshold=0.98000000000000009 1.0000000180025095e-35 0.84222222222222232 0.81992797118847549 1.0000000180025095e-35 0.98000000000000009
decision_type=2 2 2 2 2 2
left_child=1 4 3 -3 -1 -2
right_child=5 2 -4 -5 -6 -7
leaf_value=-0.10000460140427669 0.100002091533961 -0.10000219264252447 -0.10000062588289423 0.10000424983615999 -0.10000032708025826 0.10000204920820524
leaf_weight=0.0014725166647622245 0.0013623717586597186 0.0013665383944498899 0.0014375537011801498 0.0035401038276177133 0.0044843489281447546 0.0030136766035866458
leaf_count=292 65 198 266 106 1400 147
internal_value=-0.00506494 -0.0424421 0.0116031 0.0443009 -0.100001 0.100002
internal_weight=0.0166771 0.0123011 0.0063442 0.00490664 0.00595687 0.00437605
internal_count=2474 2262 570 304 1692 212
is_linear=0
shrinkage=0.1


Tree=107
num_leaves=7
num_cat=0
split_feature=1 13 0 0 15 0
split_gain=0.00592601 0.00346246 0.0020948 0.0035687 1.50494e-12 1.32706e-16
threshold=0.98000000000000009 1.0000000180025095e-35 0.84222222222222232 0.81992797118847549 1.0000000180025095e-35 0.98000000000000009
decision_type=2 2 2 2 2 2
left_child=1 2 3 -1 -3 -2
right_child=5 4 -4 -5 -6 -7
leaf_value=-0.10000198452651726 0.10000189907319024 -0.10000416457217649 -0.10000056397967144 0.1000038418627 -0.10000029108656823 0.1000018594847967
leaf_weight=0.0012364975013952071 0.0012327272452239421 0.0013323937196219049 0.0013007531363200542 0.0032032307426561601 0.0040576080227765479 0.0027268922931398265
leaf_count=198 65 292 266 106 1400 147
internal_value=-0.00506494 -0.042442 0.0116031 0.0443007 -0.100001 0.100002
internal_weight=0.0150901 0.0111305 0.00574048 0.00443973 0.00539 0.00395962
internal_count=2474 2262 570 304 1692 212
is_linear=0
shrinkage=0.1


Tree=108
num_leaves=7
num_cat=0
split_feature=1 13 0 0 15 0
split_gain=0.00536207 0.00313296 0.00189545 0.00322909 1.11636e-12 1.06252e-16
threshold=0.98000000000000009 1.0000000180025095e-35 0.84222222222222232 0.81992797118847549 1.0000000180025095e-35 0.98000000000000009
decision_type=2 2 2 2 2 2
left_child=1 2 3 -1 -3 -2
right_child=5 4 -4 -5 -6 -7
leaf_value=-0.10000179404358021 0.10000171719741002 -0.10000376764538782 -0.10000051091760823 0.10000347598364544 -0.10000026045797615 0.10000168002651222
leaf_weight=0.0011188312209924342 0.001115419654524886 0.0012056042492076813 0.0011769707086841663 0.0028984130931348773 0.0036714766085879083 0.0024673984735272825
leaf_count=198 65 292 266 106 1400 147
internal_value=-0.00506493 -0.0424419 0.011603 0.0443006 -0.100001 0.100002
internal_weight=0.0136541 0.0100713 0.00519422 0.00401724 0.00487708 0.00358282
internal_count=2474 2262 570 304 1692 212
is_linear=0
shrinkage=0.1


Tree=109
num_leaves=7
num_cat=0
split_feature=1 13 0 0 15 0
split_gain=0.00485179 0.00283482 0.00171507 0.00292179 8.25274e-13 6.50521e-17
threshold=0.98000000000000009 1.0000000180025095e-35 0.84222222222222232 0.81992797118847549 1.0000000180025095e-35 0.98000000000000009
decision_type=2 2 2 2 2 2
left_child=1 2 3 -1 -3 -2
right_child=5 4 -4 -5 -6 -7
leaf_value=-0.1000016248708441 0.10000154635034977 -0.10000341437916532 -0.10000046475302607 0.10000314428572721 -0.1000002443002681 0.10000151578517975
leaf_weight=0.0010123619967998829 0.0010092750380863444 0.0010908795154591653 0.001064967604179401 0.0026226008631056175 0.0033220900802461966 0.0022325978516164469
leaf_count=198 65 292 266 106 1400 147
internal_value=-0.00506493 -0.0424418 0.011603 0.0443004 -0.100001 0.100002
internal_weight=0.0123548 0.0091129 0.00469993 0.00363496 0.00441297 0.00324187
internal_count=2474 2262 570 304 1692 212
is_linear=0
shrinkage=0.1


Tree=110
num_leaves=7
num_cat=0
split_feature=1 12 2 2 2 2
split_gain=0.00439008 0.00256505 0.000365126 0.000664645 5.62565e-13 1.72171e-16
threshold=0.98000000000000009 1.0000000180025095e-35 0.62621980905532848 0.68158888816833507 0.61217370629310619 0.50647079944610607
decision_type=2 2 2 2 2 2
left_child=1 4 -3 -4 5 -1
right_child=-2 2 3 -5 -6 -7
leaf_value=-0.10000021344648541 0.1000013844084176 -0.03973689808639691 0.0594159772284691 -0.038318924622678274 -0.10000295279974061 -0.10000026422674708
leaf_weight=0.0019621883648142102 0.0029333718584894095 0.0010449004234942549 0.0021873814680475334 0.0010203995088886586 0.0010195470661074069 0.0010112883965121
leaf_count=921 212 232 135 203 316 455
internal_value=-0.00506492 -0.0424418 0.011603 0.0283264 -0.100001 -0.1
internal_weight=0.0111791 0.00824571 0.00425268 0.00320778 0.00399302 0.00297348
internal_count=2474 2262 570 338 1692 1376
is_linear=0
shrinkage=0.1


Tree=111
num_leaves=7
num_cat=0
split_feature=2 1 0 2 2 0
split_gain=0.00395766 0.00175555 0.00207545 0.000660562 3.20924e-17 1.30104e-18
threshold=0.61034840345382702 0.98000000000000009 0.84222222222222232 0.64365282654762279 0.9999997913837434 0.73494983277591985
decision_type=2 2 2 2 2 2
left_child=5 2 3 -2 -3 -1
right_child=1 4 -4 -5 -6 -7
leaf_value=-0.10000019066862278 -0.0052991089706059457 0.10000126888006296 -0.10000035317510886 0.085711830309489825 0.10000124628472845 -0.10000019421935331
leaf_weight=0.0010150614700705773 0.0014917115834123251 0.0010384557708675857 0.0014744274963049975 0.0017136214810307138 0.0016157721211129683 0.0020675825624039135
leaf_count=524 58 82 531 95 130 1054
internal_value=-0.0049257 0.0350363 -0.00181 0.0433568 0.100001 -0.1
internal_weight=0.0104166 0.00733399 0.00467976 0.00320533 0.00265423 0.00308264
internal_count=2474 896 684 153 212 1578
is_linear=0
shrinkage=0.1


Tree=112
num_leaves=7
num_cat=0
split_feature=2 1 0 2 2 0
split_gain=0.00355823 0.00161159 0.00184405 0.000598551 7.80626e-18 4.33681e-19
threshold=0.61034840345382702 0.98000000000000009 0.84222222222222232 0.65268626809120189 0.99999991059303295 0.81241858445505877
decision_type=2 2 2 2 2 2
left_child=5 2 3 -2 -3 -1
right_child=1 4 -4 -5 -6 -7
leaf_value=-0.100000177081307 0.0059092419370958323 0.10000114057481715 -0.10000031839726276 0.096458261917608923 0.10000112939316026 -0.10000017866146237
leaf_weight=0.0017798260333847793 0.0018994697250036552 0.0012102940881959512 0.0013341176264702881 0.001185724282549927 0.0011913533826373168 0.0010094661544144401
leaf_count=1011 80 106 531 73 106 567
internal_value=-0.00484661 0.0340645 -0.00176834 0.0407097 0.100001 -0.1
internal_weight=0.00961025 0.00682096 0.00441931 0.00308519 0.00240165 0.00278929
internal_count=2474 896 684 153 212 1578
is_linear=0
shrinkage=0.1


Tree=113
num_leaves=7
num_cat=0
split_feature=2 1 0 2 2 0
split_gain=0.00319818 0.00147998 0.00163869 0.000564521 1.30104e-17 4.33681e-19
threshold=0.61034840345382702 0.98000000000000009 0.84222222222222232 0.64365282654762279 0.99999991059303295 0.78346121057118523
decision_type=2 2 2 2 2 2
left_child=5 2 3 -2 -3 -1
right_child=1 4 -4 -5 -6 -7
leaf_value=-0.10000015993037643 -0.0053599495848412433 0.10000103264035863 -0.10000028852093244 0.081694661081909939 0.10000101716586692 -0.10000016240381567
leaf_weight=0.0013365434200522941 0.0014917601101842592 0.0010951204867524211 0.0012071598864622501 0.0014878360261718626 0.0010779822132462868 0.0011873129005834926
leaf_count=841 58 106 531 95 106 737
internal_value=-0.00475447 0.033043 -0.00171107 0.03811 0.100001 -0.1
internal_weight=0.00888372 0.00635986 0.00418676 0.0029796 0.0021731 0.00252386
internal_count=2474 896 684 153 212 1578
is_linear=0
shrinkage=0.1


Tree=114
num_leaves=6
num_cat=0
split_feature=2 1 0 2 18
split_gain=0.00287315 0.00136009 0.00145602 0.000503638 8.67362e-19
threshold=0.61034840345382702 0.98000000000000009 0.84222222222222232 0.64365282654762279 1.0000000180025095e-35
decision_type=2 2 2 2 2
left_child=4 2 3 -2 -1
right_child=1 -3 -4 -5 -6
leaf_value=-0.10000014408563346 -0.0048253446854516682 0.10000092965838714 -0.10000025893456654 0.078789882517438514 -0.10000014681669581
leaf_weight=0.0012311903506088129 0.0014913529093973921 0.0019663064695123467 0.0010922837327598245 0.0013933987765994971 0.0010524896298420572
leaf_count=857 58 212 531 95 721
internal_value=-0.00466452 0.0319674 -0.00166939 0.0355627 -0.1
internal_weight=0.00822702 0.00594334 0.00397704 0.00288475 0.00228368
internal_count=2474 896 684 153 1578
is_linear=0
shrinkage=0.1


Tree=115
num_leaves=6
num_cat=0
split_feature=0 12 0 2 2
split_gain=0.00261725 0.00185719 0.000358696 0.000332539 9.72625e-14
threshold=0.81992797118847549 1.0000000180025095e-35 0.84222222222222232 0.83177617192268383 0.48794150352478033
decision_type=2 2 2 2 2
left_child=4 -2 -3 -4 -1
right_child=1 2 3 -5 -6
leaf_value=-0.1000001316156157 -0.059669479437139308 0.10000283472302306 0.00062322556526931935 0.080478660345313813 -0.10000149745797778
leaf_weight=0.0010803279473066141 0.0015967071095701613 0.001864373562966648 0.0010670774726122545 0.0010198873196713976 0.00100767697711035
leaf_count=832 765 106 283 154 334
internal_value=-0.00456911 0.0313466 0.0681255 0.0396481 -0.100001
internal_weight=0.00763605 0.00554805 0.00395134 0.00208696 0.002088
internal_count=2474 1308 543 437 1166
is_linear=0
shrinkage=0.1


Tree=116
num_leaves=5
num_cat=0
split_feature=1 12 1 2
split_gain=0.0024834 0.00159055 0.000134978 2.33701e-13
threshold=0.98000000000000009 1.0000000180025095e-35 0.8352713178294574 0.551173895597458
decision_type=2 2 2 2
left_child=1 3 -3 -1
right_child=-2 2 -4 -5
leaf_value=-0.10000011744028817 0.1000008146812018 0.028553499497678905 -0.01346735754844882 -0.1000021386308666
leaf_weight=0.0013273749094651066 0.0017274880019613192 0.0016807448660074442 0.0014021199650642302 0.0010053479288671952
leaf_count=1128 212 248 322 564
internal_value=-0.00439812 -0.0376997 0.00944196 -0.100001
internal_weight=0.00714308 0.00541559 0.00308286 0.00233272
internal_count=2474 2262 570 1692
is_linear=0
shrinkage=0.1


Tree=117
num_leaves=4
num_cat=0
split_feature=0 12 0
split_gain=0.00224683 0.00144713 0.000395294
threshold=0.81992797118847549 1.0000000180025095e-35 0.84222222222222232
decision_type=2 2 2
left_child=-1 -2 -3
right_child=1 2 -4
leaf_value=-0.1000007595095477 -0.055689842509366663 0.10000249524682077 0.03312258219439812
leaf_weight=0.0017968879358249978 0.0013958680385712796 0.001664775591052603 0.0018837333403780576
leaf_count=1166 765 106 437
internal_value=-0.00423511 0.0305681 0.0644992
internal_weight=0.00674126 0.00494438 0.00354851
internal_count=2474 1308 543
is_linear=0
shrinkage=0.1


Tree=118
num_leaves=4
num_cat=0
split_feature=1 12 1
split_gain=0.00220171 0.00129074 0.000133741
threshold=0.98000000000000009 1.0000000180025095e-35 0.8352713178294574
decision_type=2 2 2
left_child=1 -1 -3
right_child=-2 2 -4
leaf_value=-0.10000086144333682 0.10000072814674842 0.02591001496232714 -0.017433565993914119
leaf_weight=0.0019544203477153133 0.001539958696866961 0.0015090264408854637 0.0013476611643454817
leaf_count=1692 212 248 322
internal_value=-0.00406898 -0.03738 0.0054624
internal_weight=0.00635107 0.00481111 0.00285669
internal_count=2474 2262 570
is_linear=0
shrinkage=0.1


Tree=119
num_leaves=4
num_cat=0
split_feature=1 12 1
split_gain=0.00195894 0.00120075 0.000108981
threshold=0.98000000000000009 1.0000000180025095e-35 0.8352713178294574
decision_type=2 2 2
left_child=1 -1 -3
right_child=-2 2 -4
leaf_value=-0.10000077916795597 0.10000066037926235 0.023477141464191043 -0.015738215852089604
leaf_weight=0.0017684340070900362 0.0013934131748101208 0.0014994028209684984 0.0013437697327844944
leaf_count=1692 212 248 322
internal_value=-0.00390496 -0.0353004 0.00494277
internal_weight=0.00600502 0.00461161 0.00284317
internal_count=2474 2262 570
is_linear=0
shrinkage=0.1


end of trees

feature_importances:
Column_0=250
Column_2=143
Column_1=128
Column_12=86
Column_15=55
Column_21=13
Column_13=12
Column_18=5
Column_22=4
Column_6=3
Column_7=2
Column_17=2

parameters:
[boosting: gbdt]
[objective: binary]
[metric: binary_logloss]
[tree_learner: serial]
[device_type: cpu]
[data_sample_strategy: bagging]
[data: ]
[valid: ]
[num_iterations: 120]
[learning_rate: 0.1]
[num_leaves: 7]
[num_threads: 2]
[seed: 42]
[deterministic: 0]
[force_col_wise: 0]
[force_row_wise: 0]
[histogram_pool_size: -1]
[max_depth: 4]
[min_data_in_leaf: 10]
[min_sum_hessian_in_leaf: 0.001]
[bagging_fraction: 1]
[pos_bagging_fraction: 1]
[neg_bagging_fraction: 1]
[bagging_freq: 0]
[bagging_seed: 400]
[bagging_by_query: 0]
[feature_fraction: 1]
[feature_fraction_bynode: 1]
[feature_fraction_seed: 30056]
[extra_trees: 0]
[extra_seed: 12879]
[early_stopping_round: 0]
[early_stopping_min_delta: 0]
[first_metric_only: 0]
[max_delta_step: 0]
[lambda_l1: 0]
[lambda_l2: 0]
[linear_lambda: 0]
[min_gain_to_split: 0]
[drop_rate: 0.1]
[max_drop: 50]
[skip_drop: 0.5]
[xgboost_dart_mode: 0]
[uniform_drop: 0]
[drop_seed: 17869]
[top_rate: 0.2]
[other_rate: 0.1]
[min_data_per_group: 100]
[max_cat_threshold: 32]
[cat_l2: 10]
[cat_smooth: 10]
[max_cat_to_onehot: 4]
[top_k: 20]
[monotone_constraints: ]
[monotone_constraints_method: basic]
[monotone_penalty: 0]
[feature_contri: ]
[forcedsplits_filename: ]
[refit_decay_rate: 0.9]
[cegb_tradeoff: 1]
[cegb_penalty_split: 0]
[cegb_penalty_feature_lazy: ]
[cegb_penalty_feature_coupled: ]
[path_smooth: 0]
[interaction_constraints: ]
[verbosity: -1]
[saved_feature_importance_type: 0]
[use_quantized_grad: 0]
[num_grad_quant_bins: 4]
[quant_train_renew_leaf: 0]
[stochastic_rounding: 1]
[linear_tree: 0]
[max_bin: 255]
[max_bin_by_feature: ]
[min_data_in_bin: 3]
[bin_construct_sample_cnt: 200000]
[data_random_seed: 175]
[is_enable_sparse: 1]
[enable_bundle: 1]
[use_missing: 1]
[zero_as_missing: 0]
[feature_pre_filter: 1]
[pre_partition: 0]
[two_round: 0]
[header: 0]
[label_column: ]
[weight_column: ]
[group_column: ]
[ignore_column: ]
[categorical_feature: ]
[forcedbins_filename: ]
[precise_float_parser: 0]
[parser_config_file: ]
[objective_seed: 16083]
[num_class: 1]
[is_unbalance: 0]
[scale_pos_weight: 1]
[sigmoid: 1]
[boost_from_average: 1]
[reg_sqrt: 0]
[alpha: 0.9]
[fair_c: 1]
[poisson_max_delta_step: 0.7]
[tweedie_variance_power: 1.5]
[lambdarank_truncation_level: 30]
[lambdarank_norm: 1]
[label_gain: ]
[lambdarank_position_bias_regularization: 0]
[eval_at: ]
[multi_error_top_k: 1]
[auc_mu_weights: ]
[num_machines: 1]
[local_listen_port: 12400]
[time_out: 120]
[machine_list_filename: ]
[machines: ]
[gpu_platform_id: -1]
[gpu_device_id: -1]
[gpu_device_id_list: ]
[gpu_use_dp: 0]
[num_gpu: 1]

end of parameters

pandas_categorical:null
