tree
version=v4
num_class=1
num_tree_per_iteration=1
label_index=0
max_feature_idx=24
objective=binary sigmoid:1
feature_names=Column_0 Column_1 Column_2 Column_3 Column_4 Column_5 Column_6 Column_7 Column_8 Column_9 Column_10 Column_11 Column_12 Column_13 Column_14 Column_15 Column_16 Column_17 Column_18 Column_19 Column_20 Column_21 Column_22 Column_23 Column_24
feature_infos=[0.2978723404255319:1] [0.40506329113924056:1] [0.082253441214561462:1.0000001192092896] [0:1] none [0:1] [0:1] [0:1] [0:1] none none none none none none [0:1] [0:1] [0:1] [0:1] none [0:1] none none none [0:0.2857142857142857]
tree_sizes=1664 1691 1697 1688 1695 1695 1713 1715 1721 1703 1705 1714 1714 1717 1726 1723 1714 1723 1703 1712 1730 1721 1712 1717 1726 1724 1724 1726 1710 1721 1731 1712 1737 1724 1726 1730 1718 1734 1736 1735 1727 1723 1722 1726 1742 1722 1741 1722 1718 1721 1722 1737 1745 1737 1732 1726 1739 1720 1723 1716 1731 1715 1740 1715 1727 1737 1735 1727 1732 1733 1100 1747 1734 1726 1723 1731 1738 1730 1731 1726 1746 1741 1730 1743 1738 1737 1740 1727 1728 1732 1726 1759 1730 1727 1745 1738 1732 1725 1731 1739 1732 1745 1744 1748 1765 1721 1726 1748 898 1725 1722 1736 1712 1734 1748 1732 1729 1725 1664 1733 1736 1730 1732 1743 1401 1002 1734 1563 1753 1724 1721 1731 1728 1731 1419

Tree=0
num_leaves=15
num_cat=0
split_feature=2 1 2 0 2 0 1 1 3 2 0 2 0 2
split_gain=1666.05 222.053 157.524 106.7 128.182 75.8622 59.1939 35.7631 31.6474 28.3833 24.2203 20.8864 18.9704 17.1595
threshold=0.5109008550643922 0.93777654867256655 0.37738516926765447 0.63510737628384695 0.62718835473060619 0.55022935779816529 0.79431909750201457 0.6254770992366413 1.0000000180025095e-35 0.53128173947334301 0.76044697939704353 0.41432008147239691 0.46741109357931798 0.43765561282634741
decision_type=2 2 2 2 2 2 2 2 2 2 2 2 2 2
left_child=2 3 -1 9 6 8 -5 11 12 -2 -6 -7 -4 -9
right_child=1 -3 5 4 10 7 -8 13 -10 -11 -12 -13 -14 -15
leaf_value=-2.1691662364976798 -1.8985987721999991 -1.6759808432547092 -1.8427527826987942 -1.9072620603149297 -1.7757375952973484 -2.0771314198866637 -2.0732152198728917 -2.1463628941185675 -2.1377392772426589 -1.7190657144021113 -1.8977833219108222 -1.8160514189685308 -1.9880902467340289 -2.0943239909250426
leaf_weight=349.2224645242095 3.2557071000337583 10.820438303053377 3.1599510088562948 7.4689751118421581 6.5114142000675228 1.5320974588394158 19.151218235492706 33.131607547402382 2.681170552968978 6.7986824735999107 10.820438303053377 1.5320974588394163 7.7562433853745461 30.354680903255939
leaf_count=3647 34 113 33 78 68 16 200 346 28 71 113 16 81 317
internal_value=-2.11899 -1.88272 -2.15466 -1.92414 -1.95775 -2.09144 -2.02665 -2.11343 -1.98382 -1.7772 -1.85193 -1.94659 -1.94602 -2.12148
internal_weight=494.197 64.8269 429.37 54.0064 43.952 80.1478 26.6202 66.5505 13.5974 10.0544 17.3319 3.06419 10.9162 63.4863
internal_count=5161 677 4484 564 459 837 278 695 142 105 181 32 114 663
is_linear=0
shrinkage=1


Tree=1
num_leaves=15
num_cat=0
split_feature=2 2 2 0 0 1 1 0 2 1 0 15 2 0
split_gain=1215.38 140.792 99.9694 77.6667 60.3558 42.6419 39.8472 42.2457 40.9375 32.0791 17.0482 15.6502 11.7782 18.0494
threshold=0.5109008550643922 0.37738516926765447 0.59123077988624584 0.63510737628384695 0.50442616529573059 0.62095088819226762 0.93777654867256655 0.73727351164797261 0.68556499481201183 0.81375640520299575 0.67873525557011805 1.0000000180025095e-35 0.32733616232872015 0.56852425180598565
decision_type=2 2 2 2 2 2 2 2 2 2 2 2 2 2
left_child=1 12 3 -2 -3 -6 7 -4 -9 10 -5 -7 -1 -14
right_child=2 4 6 9 5 11 -8 8 -10 -11 -12 -13 13 -15
leaf_value=-0.052720947179173985 0.2352730617034863 0.1550209946405251 0.27649655260705636 0.022084184310633845 0.18654868975663369 -0.0043644768007981933 0.30555560131246606 0.0924320242355465 0.23787620388162489 0.013468750664828971 0.1732324376844413 0.08897077869524507 0.013580092465211755 -0.049284499418223271
leaf_weight=284.02454879879951 9.5349586904048902 8.0079373866319639 11.65129663795233 2.5225397050380725 3.2814012914896002 64.784221269190311 12.879823386669157 11.0134504288435 8.6283081471919996 12.901785671710966 7.1632562279701233 4.8258032426238051 18.039148271083832 31.108327120542526
leaf_count=3086 78 73 97 23 30 672 97 99 75 130 66 50 196 338
internal_value=-0.000654338 -0.0344435 0.182727 0.115611 0.0247239 0.0104093 0.231534 0.201067 0.156323 0.0650972 0.133868 0.00210611 -0.0488103 -0.0262106
internal_weight=490.367 414.071 76.2954 32.1225 80.8994 72.8914 44.1729 31.2931 19.6418 22.5876 9.6858 69.61 333.172 49.1475
internal_count=5110 4445 665 297 825 752 368 271 174 219 89 722 3620 534
is_linear=0
shrinkage=0.05


Tree=2
num_leaves=15
num_cat=0
split_feature=2 2 2 0 0 5 1 0 2 1 0 2 24 2
split_gain=1032.51 126.76 74.6695 70.7725 43.8886 25.5331 25.2036 22.2737 21.2581 20.2752 31.7481 22.1612 18.6447 15.5714
threshold=0.50654283165931713 0.37738516926765447 0.58543944358825695 0.55022935779816529 0.74682730923694784 1.0000000180025095e-35 0.64425612052730707 0.52290209790209796 0.41223940253257757 0.94998610725201449 0.76044697939704353 0.68556499481201183 1.0000000180025095e-35 0.46561728417873388
decision_type=2 2 2 2 2 2 2 2 2 2 2 2 2 2
left_child=1 -1 4 5 7 -3 8 -2 -5 10 -4 -12 -9 -8
right_child=2 3 9 6 -6 -7 13 12 -10 -11 11 -13 -14 -15
leaf_value=-0.048021285539049219 0.27022883909894091 -0.02181678190935666 0.21204610564788362 0.0089368500701812598 -0.010721014964847715 0.14203932736645017 -0.026121465131498003 0.1349813137860941 0.22993138189776172 0.23997232704263266 0.069427989716499425 0.17769344285480318 0.031158568691767027 0.029761548802931123
leaf_weight=323.36624810099602 2.4190890640020397 2.8746357187628755 22.012991711497307 2.2831352129578582 7.5799831822514525 13.747147753834724 43.58148317784071 18.87056037038565 2.0791299641132355 14.537175893783568 9.4276331588625926 9.4790939092636091 5.6097442656755439 17.459327332675457
leaf_count=3653 17 28 156 22 72 117 459 158 17 90 81 70 49 179
internal_value=6.20474e-05 -0.0339398 0.153326 0.0215738 0.0955472 0.113701 -0.00183989 0.125493 0.114267 0.18925 0.17123 0.123708 0.11119 -0.0101374
internal_weight=495.327 405.391 89.9363 82.0249 34.4794 16.6218 65.4031 26.8994 4.36227 55.4569 40.9197 18.9067 24.4803 61.0408
internal_count=5168 4475 693 822 296 145 677 224 39 397 307 151 207 638
is_linear=0
shrinkage=0.05


Tree=3
num_leaves=15
num_cat=0
split_feature=2 2 2 0 0 0 2 1 1 1 1 2 0 1
split_gain=892.044 105.685 61.2868 50.1166 38.8264 20.0945 33.5831 22.528 19.8983 16.4868 11.334 11.2249 9.23317 9.13127
threshold=0.45155596733093267 0.55265018343925487 0.37118558585643774 0.63670033670033688 0.55022935779816529 0.65050445685179747 0.68556499481201183 0.88303693570451447 0.86807079128272646 0.61596298438403718 0.81057781919850902 0.5109008550643922 0.69891215346824198 0.71248622264210371
decision_type=2 2 2 2 2 2 2 2 2 2 2 2 2 2
left_child=2 3 -1 -2 13 -3 7 -7 -8 -6 11 -5 -12 -4
right_child=1 5 4 10 9 6 8 -9 -10 -11 12 -13 -14 -15
leaf_value=-0.048680129159208635 0.11953569238191926 0.20119800629394688 0.12452421033149111 0.014332256308463801 0.11377266454618014 0.13158351920093866 0.077835343712047422 0.040163812683521372 0.19483776151372734 -0.02313457975241015 0.034867352657996759 0.098476219395734976 -0.04060258787160257 0.043589066622133146
leaf_weight=307.4040108025074 21.253144279122353 16.009915336966515 6.2675807774066907 9.1706228032708186 2.3224268257617942 20.648650042712692 4.2782896906137493 10.00354343652725 24.12426133453846 41.371497564017773 7.1038867607712772 6.980336755514144 9.4355615302920324 7.849488690495491
leaf_count=3611 172 94 50 91 20 158 27 77 142 448 69 54 93 66
internal_value=0.000126419 0.113149 -0.0397977 0.0597648 0.00743343 0.151513 0.138043 0.101748 0.177214 -0.0158577 0.0209058 0.0506987 -0.00818736 0.079522
internal_weight=494.223 129.008 365.215 53.9436 57.811 75.0647 59.0547 30.6522 28.4026 43.6939 32.6904 16.151 16.5394 14.1171
internal_count=5172 977 4195 479 584 498 404 235 169 468 307 145 162 116
is_linear=0
shrinkage=0.05


Tree=4
num_leaves=15
num_cat=0
split_feature=2 2 2 0 0 15 1 1 0 2 2 0 1 0
split_gain=740.72 117.005 39.3886 35.4016 35.0975 17.0559 15.7611 13.1664 22.229 20.5907 12.8 13.6791 10.8198 10.8616
threshold=0.42636561393737799 0.56520581245422374 0.32923825085163122 0.65232809127351232 0.57525293222311769 1.0000000180025095e-35 0.61483516483516498 0.94998610725201449 0.76044697939704353 0.65082308650016796 0.45472943782806402 0.46741109357931798 0.77568613652357499 0.70719389012071965
decision_type=2 2 2 2 2 2 2 2 2 2 2 2 2 2
left_child=2 3 -1 10 5 6 -4 8 -3 -10 -2 -12 13 -5
right_child=1 7 4 12 -6 -7 -8 -9 9 -11 11 -13 -14 -15
leaf_value=-0.051232132565779437 0.03829874012292489 0.14816999266083924 0.10030622457317223 0.02275766651026509 -0.036239871970386153 0.16355015051591393 0.0029673933384870513 0.17025333093209927 0.018504465173896291 0.11756966839217996 0.21955142580454826 0.091475830075156875 -0.0024056010321751777 0.11841147763075117
leaf_weight=257.4756842404604 10.896035782992838 34.104861706495285 5.0932797119021478 9.9281956106424314 52.27668534964323 2.264071248471736 22.663458257913589 18.97581222653389 7.7843345925211933 16.081253200769424 2.2955738827586201 22.70571805536747 27.611242398619652 4.2331580370664588
leaf_count=3156 97 204 52 90 602 22 234 94 63 101 14 170 268 35
internal_value=-0.000322165 0.0904034 -0.0416075 0.0471109 -0.0114958 0.0315924 0.0208288 0.134103 0.12227 0.0852572 0.083525 0.103236 0.0158184 0.0513508
internal_weight=494.389 154.616 339.773 77.6699 82.2975 30.0208 27.7567 76.9463 57.9704 23.8656 35.8973 25.0013 41.7726 14.1614
internal_count=5202 1136 4066 674 910 308 286 462 368 164 281 184 393 125
is_linear=0
shrinkage=0.05


Tree=5
num_leaves=15
num_cat=0
split_feature=2 2 2 0 0 1 15 1 0 2 0 2 1 2
split_gain=636.22 71.131 62.009 39.5794 35.0839 18.4268 16.0857 13.8563 18.9409 14.2709 12.7471 10.9023 8.46108 11.4828
threshold=0.45472943782806402 0.55265018343925487 0.32733616232872015 0.55022935779816529 0.63670033670033688 0.61311827956989262 1.0000000180025095e-35 0.93777654867256655 0.76044697939704353 0.65082308650016796 0.54076207354895889 0.60103935003280651 0.61185250219490794 0.38034155964851385
decision_type=2 2 2 2 2 2 2 2 2 2 2 2 2 2
left_child=2 4 -1 5 10 -4 -7 8 11 -10 -2 -3 13 -5
right_child=1 7 3 12 -6 6 -8 -9 9 -11 -12 -13 -14 -15
leaf_value=-0.051610421311000167 0.14700428746424993 0.094186254008414835 0.13181992160437386 -0.024266909174403929 0.01115549805113715 0.014716317155719147 0.17310844123735861 0.14875097456681871 0.017299964558681723 0.097410751643794258 0.066360575100126398 0.14805136930756191 -0.029726401104522987 0.12515689221193035
leaf_weight=244.74211230874062 7.1264828518033054 16.14824054390192 4.9951498135924366 3.2084013223648062 33.49004815518856 22.10542039573193 1.728240631520747 23.458947107195854 8.5762999504804629 15.802171081304548 15.68540448695421 22.45860131084919 66.448972523212433 2.145515188574791
leaf_count=3130 45 102 45 37 306 207 15 109 70 94 112 117 772 15
internal_value=-0.00132677 0.087465 -0.0380252 -0.00498528 0.0437305 0.0445021 0.0262017 0.11595 0.103733 0.0692279 0.0915538 0.125521 -0.0248544 0.0356128
internal_weight=488.12 142.746 345.374 100.632 56.3019 28.8288 23.8337 86.4443 62.9853 24.3785 22.8119 38.6068 71.8029 5.35392
internal_count=5176 955 4221 1091 463 267 222 492 383 164 157 219 824 52
is_linear=0
shrinkage=0.05


Tree=6
num_leaves=15
num_cat=0
split_feature=2 2 2 0 1 0 2 15 1 16 0 2 1 1
split_gain=599.054 78.7915 35.1376 29.3997 27.2961 20.9205 15.1165 12.6809 11.0219 9.65839 7.79428 18.2652 9.53029 5.90541
threshold=0.42095564305782324 0.58543944358825695 0.32733616232872015 0.56106334444639427 0.64208857175218037 0.62375456249383465 0.45472943782806402 1.0000000180025095e-35 0.61311827956989262 1.0000000180025095e-35 0.73727351164797261 0.66245102882385265 0.86807079128272646 0.58722877530216999
decision_type=2 2 2 2 2 2 2 2 2 2 2 2 2 2
left_child=2 4 -1 7 -2 6 -6 8 -4 -7 -3 -12 -13 -5
right_child=1 10 3 13 5 9 -8 -9 -10 -11 11 12 -14 -15
leaf_value=-0.051035004590627091 0.14807593864514376 0.13120033796088665 0.081031326491372305 0.054857233391458565 0.0147439495135096 0.024097146852673557 0.091751900354793539 0.1282396468202093 -0.00029813203197757499 -0.057178055295832864 0.041648731391631194 0.057242747164856993 0.12785296618608066 -0.03741383431959823
leaf_weight=234.96789507567883 5.8871146738529196 31.983021393418312 5.374583922326571 1.7951738536357869 8.9479012936353701 51.154653735458851 22.142283789813519 2.9278913140296927 18.522593662142754 3.9366485550999633 10.644234992563723 5.7036060988903037 29.469304531812668 50.919581048190594
leaf_count=3137 35 154 47 19 81 458 140 23 185 37 73 32 142 617
internal_value=-0.000446267 0.0752144 -0.0413114 -0.0125869 0.0439113 0.0367958 0.0695887 0.0300264 0.0179932 0.0182895 0.112259 0.099036 0.116403 -0.0342716
internal_weight=484.376 169.869 314.508 79.5398 92.0686 86.1815 31.0902 26.8251 23.8972 55.0913 77.8002 45.8171 35.1729 52.7148
internal_count=5180 1152 4028 891 751 716 221 255 232 495 401 247 174 636
is_linear=0
shrinkage=0.05


Tree=7
num_leaves=15
num_cat=0
split_feature=1 1 0 1 16 0 1 1 1 1 0 0 1 1
split_gain=285.751 62.2456 39.385 23.3504 12.2399 11.0732 7.06044 5.56229 5.0973 4.73774 6.80974 4.63912 6.42064 4.35838
threshold=0.75093984962406024 0.93777654867256655 0.69891215346824198 0.83414239482200647 1.0000000180025095e-35 0.51042118975249695 0.70385185185185206 0.8128434065934067 0.93643953676272573 0.72314791079210472 0.52533812703304239 0.66921119592875333 0.67379862700228854 0.73860013860013873
decision_type=2 2 2 2 2 2 2 2 2 2 2 2 2 2
left_child=2 3 6 4 7 -5 11 -2 -7 10 -8 -1 -13 -11
right_child=1 -3 -4 5 -6 8 9 -9 -10 13 -12 12 -14 -15
leaf_value=-0.037202775198568065 0.03366240370820045 0.12240886883740479 0.081133317936732077 0.15297987765831592 -0.057421021227283001 0.057250261710973575 0.062170302475071576 0.0042367149950602442 -0.018139495117880735 -0.041018232707120544 -0.012777690340341664 0.07083469042914102 -0.05626284942812363 -0.0049569366622320664
leaf_weight=245.8312099725008 49.827390588819981 25.472426243126392 7.7687351629137984 2.989985115826129 4.9020386561751357 64.436343304812908 4.134728990495204 23.697797857224941 2.3229318782687178 20.191029980778694 11.351069316267965 2.3313674926757804 1.7318007349967954 14.322188936173914
leaf_count=3216 440 110 67 22 49 444 42 230 17 234 129 25 20 161
internal_value=-0.00107253 0.0502079 -0.030016 0.0377961 0.0190779 0.0588432 -0.0328953 0.0241783 0.054627 -0.0157439 0.00723352 -0.0363269 0.0166633 -0.0260536
internal_weight=481.311 173.649 307.662 148.176 78.4272 69.7493 299.893 73.5252 66.7593 49.999 15.4858 249.894 4.06317 34.5132
internal_count=5206 1312 3894 1202 719 483 3827 670 461 566 171 3261 45 395
is_linear=0
shrinkage=0.05


Tree=8
num_leaves=15
num_cat=0
split_feature=2 2 0 2 0 2 0 2 5 0 0 2 3 0
split_gain=502.261 72.4622 31.2511 24.4512 25.4607 15.8673 14.7946 7.72771 10.9416 7.43901 5.63697 10.9388 6.12556 5.27173
threshold=0.40462234616279608 0.58543944358825695 0.57754868270332194 0.32733616232872015 0.50125628140703526 0.49211168289184576 0.74347628772407548 0.5234651267528535 1.0000000180025095e-35 0.37271518777002333 0.56852425180598565 0.33554983139038091 1.0000000180025095e-35 0.62375456249383465
decision_type=2 2 2 2 2 2 2 2 2 2 2 2 2 2
left_child=3 2 7 9 -5 13 -7 8 -2 -1 11 -6 -12 -4
right_child=1 -3 5 4 10 6 -8 -9 -10 -11 12 -13 -14 -15
leaf_value=0.077907741692384513 -0.0012099100533311084 0.097804635950700353 0.030007162867493449 0.05944986444768318 0.085994263379796126 0.057659678963836905 -0.012144462753903892 0.14687724558488499 0.08894797596772841 -0.05039648716172989 -0.041747102262624167 -0.021721742877620281 0.07502209172527996 -0.012536889304465526
leaf_weight=1.1356477588415135 4.1465089246630731 84.045971840620041 9.6506306752562505 9.7755415663123113 2.8216464743018177 33.411588095128536 9.8221572116017324 4.0803699791431418 17.859778620302677 216.63716737180948 38.325027294456959 14.311052754521368 1.1570347175002087 29.65967907756567
leaf_count=16 30 406 89 90 31 232 86 19 125 3101 488 147 15 305
internal_value=0.000625881 0.0629445 0.0359737 -0.0416292 -0.0150657 0.0208975 0.0418011 0.0836783 0.0719601 -0.0497274 -0.0279321 -0.0039816 -0.0383251 -0.00209238
internal_weight=476.84 192.677 108.631 284.163 66.3903 82.5441 43.2337 26.0867 22.0063 217.773 56.6148 17.1327 39.4821 39.3103
internal_count=5180 1292 886 3888 771 712 318 174 155 3117 681 178 503 394
is_linear=0
shrinkage=0.05


Tree=9
num_leaves=15
num_cat=0
split_feature=2 2 2 0 0 0 2 2 2 0 0 0 2 0
split_gain=441.719 57.3495 28.6046 27.4029 20.536 12.9578 13.0451 12.5807 8.18356 9.60488 7.57794 7.00216 15.5633 6.82306
threshold=0.41223940253257757 0.58543944358825695 0.32733616232872015 0.58681159420289863 0.57754868270332194 0.73986301369863028 0.48335838317871099 0.38663336634635931 0.51532220840454113 0.44507936507936513 0.45738498789346255 0.71209106984969073 0.68556499481201183 0.50961894191638935
decision_type=2 2 2 2 2 2 2 2 2 2 2 2 2 2
left_child=2 4 -1 7 8 6 -6 10 9 -2 -4 -3 -13 -9
right_child=1 11 3 -5 5 -7 -8 13 -10 -11 -12 12 -14 -15
leaf_value=-0.049605725942022449 0.12758792164991983 0.1093906899697166 0.069107608704396375 -0.04256039559881844 0.0038614322636728892 -0.025770597016145515 0.049032138981739255 0.13622691557050778 0.12095118889200691 0.039717743585652054 -0.009563365776568784 0.043976812513127912 0.098628768512880202 0.04126795343116399
leaf_weight=209.92549048364162 3.8194830417633119 28.230439111590385 3.5665842220187214 37.19879887253046 27.9830726608634 12.573579758405684 37.27387198060751 2.7585580945014936 6.3573877215385428 16.740250840783119 21.593129925429821 20.389777928590775 36.07241278886795 6.0196500271558762
leaf_count=3134 20 123 35 484 277 114 256 17 29 118 241 117 158 54
internal_value=-0.000546509 0.0584637 -0.0403203 -0.012919 0.0337266 0.0207071 0.0296623 0.0195705 0.0713724 0.0560418 0.00158885 0.0890585 0.0788927 0.0711089
internal_weight=470.502 189.44 281.062 71.1367 104.748 77.8305 65.2569 33.9379 26.9171 20.5597 25.1597 84.6926 56.4622 8.77821
internal_count=5177 1212 3965 831 814 647 533 347 167 138 276 398 275 71
is_linear=0
shrinkage=0.05


Tree=10
num_leaves=15
num_cat=0
split_feature=2 2 2 1 0 0 1 1 0 1 1 1 0 2
split_gain=407.905 49.9309 33.872 24.6812 24.3884 15.2955 8.27253 11.7954 7.8445 7.25708 6.49544 6.45041 5.83254 7.96486
threshold=0.45155596733093267 0.32733616232872015 0.54584935307502758 0.61311827956989262 0.63670033670033688 0.50125628140703526 0.94998610725201449 0.79431909750201457 0.65050445685179747 0.64208857175218037 0.88589511754068728 0.84254023488473262 0.55110075526273505 0.38034155964851385
decision_type=2 2 2 2 2 2 2 2 2 2 2 2 2 2
left_child=1 -1 4 12 9 -5 7 -4 -9 -2 11 -6 -3 -14
right_child=2 3 6 5 10 -7 -8 8 -10 -11 -12 -13 13 -15
leaf_value=-0.049679515562000787 0.13925133582741689 0.097226615666898344 0.10924846708242811 0.036165031687218137 0.0082363291744842922 -0.023931524149175168 0.10525977110089633 0.09754654106113253 0.053951850567942418 0.058501094227510111 -0.036909518428146139 0.089207981344123721 -0.024089559905342575 0.10030948802913425
leaf_weight=198.80960500240326 3.1264661699533489 6.0168084576725942 16.650996461510658 12.42817275226116 25.370655983686451 71.49947401881218 23.311259537935257 12.738178849220274 54.334958493709564 25.280252732336521 7.2801055908203116 2.7236270010471335 3.2259578928351402 2.1404841393232346
leaf_count=3098 16 47 80 99 214 862 94 54 293 152 65 24 40 14
internal_value=0.000275273 -0.0354154 0.0617293 -0.00566182 0.0328861 -0.0150323 0.0789166 0.0715819 0.0622311 0.0673885 0.0051796 0.0160862 0.0634259 0.0255288
internal_weight=464.937 294.121 170.817 95.3109 63.7811 83.9276 107.035 83.7241 67.0731 28.4067 35.3744 28.0943 11.3833 5.36644
internal_count=5152 4160 992 1062 471 961 521 427 347 168 303 238 101 54
is_linear=0
shrinkage=0.05


Tree=11
num_leaves=15
num_cat=0
split_feature=2 2 2 1 0 0 3 2 0 2 1 1 0 1
split_gain=361.501 50.8888 22.776 22.0794 19.1363 16.5085 10.7873 8.32094 8.15851 13.2646 14.244 8.38419 8.03845 5.49487
threshold=0.40462234616279608 0.55265018343925487 0.32733616232872015 0.64599358974358989 0.53218407812962421 0.56852425180598565 1.0000000180025095e-35 0.5109008550643922 0.65050445685179747 0.65082308650016796 0.86582551161717203 0.86807079128272646 0.37271518777002333 0.61311827956989262
decision_type=2 2 2 2 2 2 2 2 2 2 2 2 2 2
left_child=2 3 12 -2 6 13 -5 -6 -3 10 -10 -11 -1 -4
right_child=1 8 5 4 7 -7 -8 -9 9 11 -12 -13 -14 -15
leaf_value=0.089521232177472626 0.10535331837219904 0.098328888159961422 0.055111285007163058 0.098205186299326466 -0.0050800264550391909 -0.036439827669532403 0.00011024779246735423 0.030256402949041084 0.064253049695807918 0.039103902521942957 -0.0060336004120566398 0.090745810466808741 -0.04956591982825756 0.002507693821197306
leaf_weight=1.0445365607738484 7.4975145533680907 24.185485079884529 6.5055123418569591 9.8545322567224485 51.848731830716133 36.202449716627598 3.9164178222417823 24.546957843005657 20.899347051978115 9.6784805953502637 11.003240823745726 41.819871827960014 189.6405923590064 20.95630045235157
leaf_count=15 42 101 52 54 503 499 27 165 114 45 68 178 3087 211
internal_value=-0.000323987 0.0490397 -0.0401587 0.0229091 0.0160537 -0.0142644 0.0703073 0.00627404 0.0727604 0.0653458 0.0400111 0.0810404 -0.048804 0.0149691
internal_weight=459.6 205.251 254.349 97.6642 90.1666 63.6643 13.771 76.3957 107.586 83.4009 31.9026 51.4984 190.685 27.4618
internal_count=5161 1297 3864 791 749 762 81 668 506 405 182 223 3102 263
is_linear=0
shrinkage=0.05


Tree=12
num_leaves=15
num_cat=0
split_feature=2 2 0 2 1 1 0 1 0 2 2 5 0 1
split_gain=330.294 50.7183 24.9122 12.866 10.1812 9.52593 10.0611 8.77706 9.15284 9.82209 8.48592 8.27104 7.1627 7.85696
threshold=0.37738516926765447 0.54584935307502758 0.53079284811269645 0.32038031518459326 0.62095088819226762 0.56280339805825252 0.47387914230019501 0.94998610725201449 0.74682730923694784 0.68556499481201183 0.43765561282634741 1.0000000180025095e-35 0.39357170517619727 0.63847666726264984
decision_type=2 2 2 2 2 2 2 2 2 2 2 2 2 2
left_child=3 2 11 12 -4 -5 -7 8 -3 -10 -6 -2 13 -1
right_child=1 7 4 5 10 6 -8 -9 9 -11 -12 -13 -14 -15
leaf_value=-0.053835346448329519 0.011935776102754675 0.073801085465411628 0.076029425049450011 0.070145670020757042 -0.017018052751646095 0.054042782424875792 -0.033111349699093483 0.094482228427050563 0.015956110956743496 0.067218691127519423 0.015295829554439458 0.083898025455791975 -0.050810828439847945 0.14113263714249055
leaf_weight=1.0424998551607125 5.2274470329284695 48.101467952132225 5.1954156979918471 2.7503711804747573 31.188079454004765 3.6135765090584746 39.59558841586113 22.484162211418152 19.260675214231014 18.149220407009125 58.287938967347145 16.907486438751221 177.23786301165819 1.0245960168540476
leaf_count=16 35 221 29 28 372 37 543 90 119 79 466 91 3013 15
internal_value=-0.00089249 0.0419849 0.0191488 -0.0436819 0.00798347 -0.0200796 -0.0258227 0.0666841 0.0593749 0.0408259 0.00403239 0.0669032 -0.0497316 0.0428043
internal_weight=450.066 224.802 116.806 225.264 94.6714 45.9595 43.2092 107.996 85.5114 37.4099 89.476 22.1349 179.305 2.0671
internal_count=5154 1502 993 3652 867 608 580 509 419 198 838 126 3044 31
is_linear=0
shrinkage=0.05


Tree=13
num_leaves=15
num_cat=0
split_feature=2 2 2 1 0 0 2 1 0 2 1 15 1 1
split_gain=302.422 35.3864 23.5632 14.9738 17.7154 14.7974 8.28618 7.83659 12.5322 7.36146 7.32942 7.24442 10.5844 6.31869
threshold=0.41223940253257757 0.54584935307502758 0.32733616232872015 0.73797965788257069 0.46741109357931798 0.58561221975856137 0.45155596733093267 0.94998610725201449 0.73727351164797261 0.68556499481201183 0.73105625717566036 1.0000000180025095e-35 0.61311827956989262 0.63606261288380506
decision_type=2 2 2 2 2 2 2 2 2 2 2 2 2 2
left_child=2 3 -1 10 -5 11 -6 8 -3 -10 13 12 -4 -2
right_child=1 7 5 4 6 -7 -8 -9 9 -11 -12 -13 -14 -15
leaf_value=-0.048697335695433573 0.085858092907425132 0.074037033354702561 0.049476629420949922 0.11422090119002033 -0.036533163726692873 -0.037931860535459466 0.0097366515664740246 0.088233931794297851 0.015563352314846512 0.058315679335860099 0.13031870754364575 0.086360720187028062 -0.015244513799654226 0.028285590486690639
leaf_weight=177.64442058652639 6.3183158785104814 44.853945478796959 8.5659950822591764 3.5951016992330542 12.320071823894976 33.870438370853662 45.086758010089397 23.9044009745121 21.430786766111851 18.992167398333549 2.6133661642670623 2.7423169985413542 24.061016820371151 19.395632304251194
leaf_count=3147 31 200 67 16 127 487 345 96 127 81 21 22 261 152
internal_value=-0.00210918 0.043838 -0.0390537 0.0204995 0.00654961 -0.0143115 -0.000193307 0.062933 0.0558408 0.0356499 0.0505401 0.00830795 0.00174757 0.042432
internal_weight=445.395 198.511 246.884 89.3292 61.0019 69.2398 57.4068 109.181 85.2769 40.423 28.3273 35.3693 32.627 25.7139
internal_count=5180 1196 3984 692 488 837 472 504 408 208 204 350 328 183
is_linear=0
shrinkage=0.05


Tree=14
num_leaves=15
num_cat=0
split_feature=2 2 0 5 16 2 1 0 2 0 2 1 1 15
split_gain=302.317 38.5177 15.2943 14.6179 13.9415 11.6961 9.99857 9.72117 12.8992 7.19063 6.45585 4.59995 3.97789 3.92422
threshold=0.38663336634635931 0.5109008550643922 0.57525293222311769 1.0000000180025095e-35 1.0000000180025095e-35 0.32923825085163122 0.64425612052730707 0.64316770186335415 0.61814457178115856 0.56852425180598565 0.43765561282634741 0.61311827956989262 0.71486643437862962 1.0000000180025095e-35
decision_type=2 2 2 2 2 2 2 2 2 2 2 2 2 2
left_child=5 2 3 -2 7 -1 -4 -3 -9 11 -8 -7 -5 -13
right_child=1 4 6 12 -6 9 10 8 -10 -11 -12 13 -14 -15
leaf_value=-0.048100082944397327 -0.046277917462979767 0.082662450392852513 0.073162215450505885 0.084919789859903186 -0.050081979117428101 0.04572776937971168 -0.02716242786665618 0.028207267163598362 0.06526740815991959 -0.037516887501659421 0.0083268323251627779 -0.01927472046237309 0.042874681874724541 0.062885553512022796
leaf_weight=170.87339322268963 3.7567012086510685 33.995446428656578 4.275341495871543 9.4938009828329104 2.9647368118166915 4.7752461731433895 21.833884961903095 36.935674726963043 64.448350414633751 24.42379217967391 31.020609766244888 13.62035612761974 13.806496471166609 1.6269524544477469
leaf_count=3149 29 145 29 57 18 38 284 232 282 374 277 154 89 12
internal_value=8.00679e-05 0.0409482 0.0142819 0.0452492 0.0571755 -0.0421568 -0.000384466 0.0595244 0.0517659 -0.0193078 -0.00633358 0.00290396 0.0600061 -0.0105079
internal_weight=437.851 222.531 84.1868 27.057 138.344 215.32 57.1298 135.379 101.384 44.4463 52.8545 20.0226 23.3003 15.2473
internal_count=5169 1442 765 175 677 3727 590 659 514 578 561 204 146 166
is_linear=0
shrinkage=0.05


Tree=15
num_leaves=15
num_cat=0
split_feature=2 2 16 0 2 1 2 0 0 1 2 0 1 0
split_gain=281.916 34.6719 15.0971 11.5202 11.2617 10.3711 8.90242 8.39823 6.58485 9.29527 14.1927 6.39653 6.35219 3.57358
threshold=0.38663336634635931 0.59123077988624584 1.0000000180025095e-35 0.63510737628384695 0.46236699819564825 0.73797965788257069 0.29514934122562414 0.45738498789346255 0.73727351164797261 0.86807079128272646 0.65082308650016796 0.81438415159345412 0.57247899159663873 0.59142682180036743
decision_type=2 2 2 2 2 2 2 2 2 2 2 2 2 2
left_child=6 2 3 4 -2 -5 -1 -8 -3 11 -11 -10 -9 -14
right_child=1 8 -4 5 -6 -7 7 12 9 10 -12 -13 13 -15
leaf_value=-0.049650525723682275 0.021780300425091884 0.080518128297936364 -0.057787940866813076 0.046985929200919735 0.062753558405210283 0.0010635792362281703 0.030299454287198102 0.01982744946915704 0.039492729490506362 -0.010800702875588432 0.075554444943668975 -0.036397060328389991 -0.026481374377828833 -0.05143284008059934
leaf_weight=138.51647550985217 35.877901591360569 33.3863475471735 5.5631622225046149 16.054479904472828 31.489335298538208 52.498580023646355 5.7297109030187121 5.2358138822019091 8.5114397257566434 5.5042802840471259 35.096201688051224 4.1209881901741019 31.980501394718885 26.029844801872969
leaf_count=2678 285 136 57 135 157 446 66 67 42 32 146 20 471 447
internal_value=-0.000167374 0.0381967 0.0229439 0.0262483 0.0409323 0.0118182 -0.0423422 -0.0276656 0.0631104 0.0521928 0.0638471 0.0147357 -0.0329168 -0.0376774
internal_weight=435.595 228.103 141.483 135.92 67.3672 68.5531 207.492 68.9759 86.6193 53.2329 40.6005 12.6324 63.2462 58.0103
internal_count=5185 1456 1080 1023 442 581 3729 1051 376 240 178 62 985 918
is_linear=0
shrinkage=0.05


Tree=16
num_leaves=15
num_cat=0
split_feature=2 2 2 0 1 0 2 0 1 0 2 1 2 2
split_gain=246.913 25.4091 17.495 14.0526 14.7069 12.6944 10.5491 7.36389 6.77812 6.4855 11.5009 11.1948 5.45881 9.37757
threshold=0.40462234616279608 0.59123077988624584 0.32038031518459326 0.57754868270332194 0.66164391321588412 0.56852425180598565 0.50654283165931713 0.39357170517619727 0.67826876513317191 0.73727351164797261 0.68556499481201183 0.86807079128272646 0.46236699819564825 0.43765561282634741
decision_type=2 2 2 2 2 2 2 2 2 2 2 2 2 2
left_child=2 3 7 12 -5 -4 -6 8 -1 -3 -11 -12 13 -2
right_child=1 9 5 4 6 -7 -8 -9 -10 10 11 -13 -14 -15
leaf_value=-0.053194915820870319 0.062077239729143197 0.074717375071566713 0.008322923519540339 0.082982407645753542 -0.0094605419652121041 -0.037186005902181032 0.024812993109186637 -0.04906653028756728 0.13387479108335978 0.015699307925213981 -0.010731706671991871 0.074716306778357236 0.072966901381379456 -0.012331362762879425
leaf_weight=0.88921979069709678 10.542613916099073 34.412895366549492 28.444260273128748 7.0423310324549666 44.201551765203476 33.219930782914162 45.625270910561085 148.97027485072613 1.0631544478237627 19.057606548070908 4.3833020627498618 30.537452876567841 15.367418348789213 7.0765394568443289
leaf_count=16 67 140 286 40 440 533 278 3008 15 99 19 125 72 43
internal_value=-0.00028118 0.0370766 -0.0386336 0.0230011 0.0134028 -0.0161938 0.00794784 -0.0478021 0.0486728 0.057755 0.046941 0.0639908 0.0511877 0.0321918
internal_weight=430.834 218.247 212.587 129.856 96.8692 61.6642 89.8268 150.923 1.95237 88.3913 53.9784 34.9208 32.9866 17.6192
internal_count=5181 1323 3858 940 758 819 718 3039 31 383 243 144 182 110
is_linear=0
shrinkage=0.05


Tree=17
num_leaves=15
num_cat=0
split_feature=2 2 2 16 15 2 0 0 0 2 0 0 2 2
split_gain=213.842 30.6027 12.7861 12.7181 11.2382 12.6214 7.35902 7.2673 4.64595 9.17386 3.6338 3.39025 2.6841 2.62525
threshold=0.37738516926765447 0.59123077988624584 0.32038031518459326 1.0000000180025095e-35 1.0000000180025095e-35 0.45472943782806402 0.59835789757049607 0.56852425180598565 0.73727351164797261 0.65082308650016796 0.39357170517619727 0.78905323597328836 0.80057606101036083 0.35989569127559667
decision_type=2 2 2 2 2 2 2 2 2 2 2 2 2 2
left_child=2 3 10 4 5 -2 -6 13 -3 11 -1 -10 -11 -4
right_child=1 8 7 -5 6 -7 -8 -9 9 12 -12 -13 -14 -15
leaf_value=0.018073204674975401 -0.0029848286384433521 0.070301396724991513 0.01391490765132563 -0.057633037591519248 0.12512167040943556 0.028810638351517422 0.034810930015804105 -0.036960889870407791 0.032989368321191537 0.048347932084349954 -0.048421513834735627 -0.02489661564025137 0.076133676252161067 -0.027092132011572539
leaf_weight=2.0846088342368594 50.049716282635927 32.344928130507469 16.37547426298261 5.4009865634143344 3.9880220592021924 82.923846252262592 5.1929067447781563 21.517716012895107 4.9565798044204694 29.709880977869034 142.71074192598462 5.1655108332633972 12.285588502883909 5.124283827841281
leaf_count=33 491 132 187 57 23 515 46 381 27 127 3012 31 51 55
internal_value=-0.000691061 0.0314146 -0.0403533 0.0176759 0.0205372 0.0168432 0.0740402 -0.0164184 0.0554159 0.0461777 -0.0474642 0.00344896 0.0564765 0.00414123
internal_weight=419.831 232.018 187.813 147.555 142.154 132.974 9.18093 43.0175 84.4625 52.1176 144.795 10.1221 41.9955 21.4998
internal_count=5168 1500 3668 1132 1075 1006 69 623 368 236 3045 58 178 242
is_linear=0
shrinkage=0.05


Tree=18
num_leaves=15
num_cat=0
split_feature=2 2 0 2 1 1 1 0 2 1 1 2 0 0
split_gain=193.55 23.6232 15.727 12.2138 10.6413 9.57076 9.40505 8.39757 10.2745 9.01472 6.87789 6.63635 6.11373 6.0977
threshold=0.38663336634635931 0.54584935307502758 0.53079284811269645 0.33099012076854711 0.63606261288380506 0.59390470297029718 0.84924242424242424 0.65050445685179747 0.68556499481201183 0.76980056980056988 0.86807079128272646 0.43765561282634741 0.39357170517619727 0.5632435389033229
decision_type=2 2 2 2 2 2 2 2 2 2 2 2 2 2
left_child=3 2 -2 12 13 -5 -7 -3 9 -9 -10 -6 -1 -4
right_child=1 7 4 5 11 6 -8 8 10 -11 -12 -13 -14 -15
leaf_value=0.036410628346490496 0.052342202506366613 0.072344883381469105 -0.0054028268534566434 0.054403548761778442 -0.021084489193044908 -0.028329882188419725 0.11567503553479089 0.07384270237385239 0.0056469305846037748 0.013211462943659449 0.066153447347662903 0.00913111621689092 -0.047369080220700695 0.093506206276113765
leaf_weight=2.2109644040465346 21.435368694365025 24.056690022349358 2.2583735510706893 4.434725794941186 26.1751938611269 34.056900609284639 1.17287316918373 7.2875879406929007 5.458209127187728 38.613212212920189 33.663214311003685 59.435112006962299 144.09170122817159 5.026312492787838
leaf_count=34 110 100 12 41 322 498 16 32 23 201 139 454 3140 27
internal_value=-0.00174872 0.0296183 0.0137372 -0.039431 0.0048292 -0.0148216 -0.0235357 0.0462638 0.0388843 0.0228378 0.0577116 -0.00010725 -0.046103 0.0628428
internal_weight=409.376 223.409 114.33 185.967 92.895 39.6645 35.2298 109.079 85.0222 45.9008 39.1214 85.6103 146.303 7.28469
internal_count=5149 1420 925 3729 815 555 514 495 395 233 162 776 3174 39
is_linear=0
shrinkage=0.05


Tree=19
num_leaves=15
num_cat=0
split_feature=2 2 2 15 24 0 1 0 1 1 1 0 0 1
split_gain=180.854 24.0179 13.4965 12.0665 11.0244 10.9869 9.79726 8.05848 7.09639 6.01554 5.94012 8.8952 5.66325 5.8752
threshold=0.38663336634635931 0.58543944358825695 0.32733616232872015 1.0000000180025095e-35 1.0000000180025095e-35 0.75106837606837618 0.61311827956989262 0.59835789757049607 0.84924242424242424 0.62095088819226762 0.94998610725201449 0.76986128625472894 0.39357170517619727 0.67826876513317191
decision_type=2 2 2 2 2 2 2 2 2 2 2 2 2 2
left_child=2 3 12 4 5 -2 -4 -5 -8 -6 11 -3 13 -1
right_child=1 10 6 7 9 -7 8 -9 -10 -11 -12 -13 -14 -15
leaf_value=-0.053184246636188405 0.023508536494670447 0.056251893036355638 0.036093940127454031 0.12584483612691111 0.06942013269368652 -0.043590735213212765 -0.030226451647803548 0.029814861888312158 0.083237589688960695 -0.02191291648450535 0.071611204746570303 0.019585440233102432 -0.047573027636812294 0.10493668490089909
leaf_weight=1.1088844127953046 96.46021880954504 40.741751283407211 7.9461424797773352 3.8857232555747014 1.9329219162464166 6.5126209110021582 33.032439578324556 4.9902794733643532 1.4380289763212193 26.79000348597765 21.266853332519531 27.846222400665283 134.75502651557326 1.2493544444441793
leaf_count=20 704 170 76 21 8 54 505 43 17 224 92 132 3091 15
internal_value=-0.000979934 0.0283335 -0.0386037 0.0154275 0.0116244 0.0192648 -0.0139556 0.0718547 -0.025493 -0.0157666 0.0485241 0.0413656 -0.0462288 0.0305855
internal_weight=409.956 230.427 179.53 140.572 131.696 102.973 42.4166 8.876 34.4705 28.7229 89.8548 68.588 137.113 2.35824
internal_count=5172 1448 3724 1054 990 758 598 64 522 232 394 302 3126 35
is_linear=0
shrinkage=0.05


Tree=20
num_leaves=15
num_cat=0
split_feature=2 2 15 1 1 1 2 1 2 24 2 1 1 24
split_gain=171.617 25.4674 10.0623 9.51143 8.51408 8.23361 7.23072 6.21318 6.06201 4.78649 2.95564 2.47871 2.80803 1.76366
threshold=0.37118558585643774 0.52635154128074657 1.0000000180025095e-35 0.94998610725201449 0.67379862700228854 0.79855072463768129 0.29514934122562414 0.52027397260273978 0.60103935003280651 1.0000000180025095e-35 0.40641809999942785 0.85620300751879708 0.6272848122299769 1.0000000180025095e-35
decision_type=2 2 2 2 2 2 2 2 2 2 2 2 2 2
left_child=6 2 4 5 13 -3 -1 -8 -7 -6 -4 12 -9 -2
right_child=1 3 10 -5 9 8 7 11 -10 -11 -12 -13 -14 -15
leaf_value=-0.048238741200961402 0.04129307912292584 0.058902369185573372 0.11543427357322228 0.070170249807853566 0.0036587598857861572 0.0062200248173709081 0.099805967169475887 -0.010505840826094343 0.035801988884020891 -0.024714581323560671 0.044854307115550149 0.030754597629380973 -0.037229076706016322 -0.00071517286642276245
leaf_weight=110.66319021210074 15.73737905919552 25.785423964262009 1.9959635287523259 22.449986129999161 67.76180150732398 25.376297645270824 0.96662126109003921 13.376590732485054 54.537754610180855 19.040734589099884 5.7749708592891693 1.7281175889074791 37.0787581987679 2.9700810983777037
leaf_count=2650 111 116 19 99 600 149 15 208 241 182 42 22 692 22
internal_value=-0.00145722 0.0253449 0.00807282 0.0406131 0.00402863 0.0343353 -0.0409587 -0.0258009 0.0264084 -0.00256513 0.0629828 -0.0281275 -0.0301443 0.0346237
internal_weight=405.244 241.43 113.281 128.149 105.51 105.699 163.813 53.1501 79.9141 86.8025 7.77093 52.1835 50.4553 18.7075
internal_count=5168 1581 976 605 915 506 3587 937 390 782 61 922 900 133
is_linear=0
shrinkage=0.05


Tree=21
num_leaves=15
num_cat=0
split_feature=2 2 0 2 2 0 1 1 15 1 0 24 0 2
split_gain=159.951 24.6675 17.9039 14.1462 10.0468 9.30254 9.12162 8.6206 7.24716 6.61925 9.13641 6.18029 5.76248 4.56862
threshold=0.37738516926765447 0.55265018343925487 0.57754868270332194 0.27938234806060797 0.43765561282634741 0.39357170517619727 0.66164391321588412 0.6254770992366413 1.0000000180025095e-35 0.94998610725201449 0.73727351164797261 1.0000000180025095e-35 0.45246784845324994 0.65082308650016796
decision_type=2 2 2 2 2 2 2 2 2 2 2 2 2 2
left_child=3 2 8 -1 -4 -5 -6 12 11 10 -3 -2 -7 -12
right_child=1 9 4 5 6 7 -8 -9 -10 -11 13 -13 -14 -15
leaf_value=-0.050645335983094668 0.04194417101017852 0.052957262599579884 -0.028971545261705919 0.16178837064043441 0.08131559667272284 0.097067555125895877 0.0035605102892808057 -0.033575597295110518 0.10527087274802863 0.067970222018976706 -0.0010625041172690338 -0.0068278648237295571 -0.0018218290578499179 0.032503305100085741
leaf_weight=96.996424354612827 29.693084292113781 44.826352328062057 24.917565364390612 0.69101899117231269 4.033639855682849 1.6222152374684835 58.116770297288895 48.190433576703072 3.6245500743389121 21.281371787190437 15.354621514678 8.3141571134328824 16.032834660261869 29.835876390337944
leaf_count=2431 169 193 324 9 19 22 438 947 17 96 91 55 275 125
internal_value=-0.000330304 0.0256548 0.010748 -0.0384656 -0.00214749 -0.02071 0.00860691 -0.0226252 0.0377174 0.0428922 0.0369634 0.0312752 0.00726452 0.0210985
internal_weight=403.531 239.998 128.7 163.533 87.068 66.5365 62.1504 65.8455 41.6318 111.298 90.0169 38.0072 17.655 45.1905
internal_count=5211 1527 1022 3684 781 1253 457 1244 241 505 409 224 297 216
is_linear=0
shrinkage=0.05


Tree=22
num_leaves=15
num_cat=0
split_feature=2 2 0 0 1 1 0 5 2 1 2 0 2 0
split_gain=153.616 18.6645 13.3648 9.40167 9.10903 8.80592 8.46699 7.53956 7.50196 7.50258 7.00134 6.90627 6.1759 2.8497
threshold=0.37118558585643774 0.53128173947334301 0.54076207354895889 0.61586840832123857 0.94998610725201449 0.63606261288380506 0.85825892857142871 1.0000000180025095e-35 0.27938234806060797 0.56430934656741127 0.43765561282634741 0.39357170517619727 0.46236699819564825 0.49649733013275854
decision_type=2 2 2 2 2 2 2 2 2 2 2 2 2 2
left_child=8 2 7 -3 6 -4 -5 -2 -1 13 -7 -11 -9 -10
right_child=1 3 5 4 -6 10 -8 12 9 11 -12 -13 -14 -15
leaf_value=-0.049899239931314496 -0.015554026666764122 0.07379703298889885 0.046959900590162959 0.030115040477575114 0.064985714804872724 -0.025055365127082764 -0.02536872621790558 0.038787014632394604 -0.024864011913710054 0.10046164208171765 0.00564317912938107 -0.03495875030249497 0.10309120371739733 0.055098372826346421
leaf_weight=91.702422544360161 4.9413921386003521 15.346483260393141 9.0052357092499715 80.441693618893623 17.379382774233818 28.635315276682377 7.5187081918120375 17.100740052759651 1.617669604718684 0.95806603878736396 52.85625071823597 54.412757206708193 4.7769179046154013 3.5800779685378075
leaf_count=2409 33 66 54 390 80 388 33 92 27 11 403 1091 20 52
internal_value=-0.0016617 0.0234295 0.00922791 0.0372346 0.0319079 4.0819e-05 0.0253724 0.0402284 -0.0408797 -0.027224 -0.00514398 -0.0326156 0.0528276 0.0302121
internal_weight=390.273 238.002 117.316 120.686 105.34 90.4968 87.9604 26.8191 152.271 60.5686 81.4916 55.3708 21.8777 5.19775
internal_count=5149 1559 990 569 503 845 423 145 3590 1181 791 1102 112 79
is_linear=0
shrinkage=0.05


Tree=23
num_leaves=15
num_cat=0
split_feature=2 2 15 0 1 0 0 1 0 1 3 0 1 2
split_gain=128.459 27.7067 17.1707 11.708 9.98708 8.74332 7.41955 6.10217 5.95712 4.0249 3.21548 3.10277 2.90992 1.81235
threshold=0.33099012076854711 0.5109008550643922 1.0000000180025095e-35 0.51304742455184937 0.94998610725201449 0.64316770186335415 0.66224329968673878 0.65437553101104518 0.54076207354895889 0.85825892857142871 1.0000000180025095e-35 0.67379862700228854 0.71486643437862962 0.27938234806060797
decision_type=2 2 2 2 2 2 2 2 2 2 2 2 2 2
left_child=9 2 3 10 5 12 -7 -5 -4 13 -2 -10 -3 -1
right_child=1 4 8 7 -6 6 -8 -9 11 -11 -12 -13 -14 -15
leaf_value=-0.048557725359754028 0.035869375579563378 0.020458349707586743 0.1182448288725475 0.015257636780075655 0.065979278009717118 -0.030778106023700388 0.02482594220177468 -0.017247001297819989 0.056922333691297546 0.06681253563614814 -0.016518204957720835 -0.025127049652655921 0.06124404621462809 -0.034410369788759346
leaf_weight=87.666960179805756 20.072651445865635 5.4657903760671642 3.4859501123428327 17.749928843230009 21.000224515795708 6.486291103065013 79.915158897638321 77.404530420899391 4.6121899783611298 0.81176122650504012 3.4295102134346953 1.5359446145594118 21.878847986459732 30.518210712820292
leaf_count=2411 130 23 18 161 99 32 404 935 43 12 26 15 94 738
internal_value=-0.0010361 0.0184651 0.00183418 -0.00337807 0.0342991 0.0284502 0.0206517 -0.0111836 0.06603 -0.0441424 0.0282248 0.0364245 0.0530916 -0.0449045
internal_weight=382.034 263.037 128.291 118.657 134.746 113.746 86.4015 95.1545 9.63408 118.997 23.5022 6.14813 27.3446 118.185
internal_count=5141 1980 1328 1252 652 553 436 1096 76 3161 156 58 117 3149
is_linear=0
shrinkage=0.05


Tree=24
num_leaves=15
num_cat=0
split_feature=2 2 0 2 0 16 2 1 0 2 1 1 24 24
split_gain=123.618 19.5813 11.213 9.51469 8.86748 7.36362 7.67976 5.9659 8.05372 4.75689 8.07974 3.30335 9.10926 2.76513
threshold=0.37118558585643774 0.59123077988624584 0.53079284811269645 0.27938234806060797 0.45738498789346255 1.0000000180025095e-35 0.43765561282634741 0.94998610725201449 0.76044697939704353 0.49978657066822058 0.72659932659932669 0.61311827956989262 1.0000000180025095e-35 1.0000000180025095e-35
decision_type=2 2 2 2 2 2 2 2 2 2 2 2 2 2
left_child=3 2 9 -1 11 6 -4 8 -3 10 -2 -5 -13 -10
right_child=1 7 5 4 -6 -7 -8 -9 13 -11 -12 12 -14 -15
leaf_value=-0.048912635788513313 0.059155476064139338 0.049730176805656737 -0.013800256392820724 0.095301562739463053 -0.029266126337744326 -0.057188758242800487 0.014027708198747119 0.065065651939199137 0.0051492809418713301 0.080159198272135801 -0.0018017704466872315 -0.038521008716201711 0.11370029890625599 0.038393259268841941
leaf_weight=84.09482941031456 10.867620803415781 34.222584009170532 34.165213298052549 1.6380875185132016 51.822132039815187 4.7264261953532687 90.376282960176468 18.694671601057053 22.193886324763298 5.6499432921409598 10.87675619125366 2.9503718912601471 1.4737445972859857 8.7097699195146578
leaf_count=2419 56 143 419 23 1087 55 584 91 100 24 63 40 22 40
internal_value=-0.00117865 0.0206631 0.0102269 -0.038174 -0.0225727 0.00406895 0.00639372 0.0401684 0.0330216 0.0392847 0.028664 0.0346452 0.0121864 0.0145186
internal_weight=382.462 240.483 156.662 141.979 57.8843 129.268 124.541 83.8209 65.1262 27.3943 21.7444 6.0622 4.42412 30.9037
internal_count=5166 1575 1201 3591 1172 1058 1003 374 283 143 119 85 62 140
is_linear=0
shrinkage=0.05


Tree=25
num_leaves=15
num_cat=0
split_feature=2 2 16 1 0 0 1 1 1 2 2 1 1 2
split_gain=113.456 17.8172 14.4707 12.3788 12.2926 7.75168 6.98357 6.04751 5.72805 12.5568 5.82185 2.5375 1.38681 1.02467
threshold=0.41223940253257757 0.32038031518459326 1.0000000180025095e-35 0.9442255857350198 0.59142682180036743 0.37271518777002333 0.9042287075640264 0.61311827956989262 0.88589511754068728 0.69769075512886058 0.4792556911706925 0.58044603743528478 0.85825892857142871 0.27938234806060797
decision_type=2 2 2 2 2 2 2 2 2 2 2 2 2 2
left_child=1 5 3 8 6 -1 7 -3 10 -10 -2 -6 13 -7
right_child=2 4 -4 -5 11 12 -8 -9 9 -11 -12 -13 -14 -15
leaf_value=0.093880233685672526 0.011068697583015558 0.03508746019058933 -0.060348292176825108 0.061661483259772054 0.04000872364897233 -0.048671606171864945 0.118901946212772 -0.0096255043474772622 -0.011371624493406098 0.045274867569461787 0.033545119221352386 -0.039915751008165246 0.031010300153183713 -0.036658197205245199
leaf_weight=1.0059314966201771 41.675526700913906 10.543452844023703 5.0096716769039622 21.37266456335783 1.0324260666966463 80.536551028490067 1.3470321670174588 26.744717426598072 31.639401480555534 14.161995127797125 93.327144630253315 26.062003277242184 0.58755923807620902 22.767494264990091
leaf_count=14 339 89 50 106 12 2436 10 327 187 58 471 482 11 613
internal_value=-0.00126836 -0.031461 0.0235966 0.0256767 -0.0110498 -0.0442508 0.00705772 0.00301735 0.0214229 0.00614372 0.0266066 -0.0368703 -0.0455883 -0.0460239
internal_weight=377.814 170.627 207.186 202.177 65.7296 104.898 38.6352 37.2882 180.804 45.8014 135.003 27.0944 103.892 103.304
internal_count=5205 3994 1211 1161 920 3074 426 416 1055 245 810 494 3060 3049
is_linear=0
shrinkage=0.05


Tree=26
num_leaves=15
num_cat=0
split_feature=2 2 2 0 0 15 1 0 2 0 2 1 0 0
split_gain=113.129 21.5704 9.35667 8.62841 12.7241 8.71049 4.93308 5.69233 4.19345 3.94743 5.87576 3.95356 2.78322 2.23166
threshold=0.37118558585643774 0.59123077988624584 0.32733616232872015 0.73986301369863028 0.73253381676195806 1.0000000180025095e-35 0.94998610725201449 0.85825892857142871 0.74332118034362804 0.56852425180598565 0.35989569127559667 0.61311827956989262 0.76986128625472894 0.37271518777002333
decision_type=2 2 2 2 2 2 2 2 2 2 2 2 2 2
left_child=2 3 13 4 5 -2 7 8 -3 10 11 -4 -5 -1
right_child=1 6 9 12 -6 -7 -8 -9 -10 -11 -12 -13 -14 -15
leaf_value=0.018308415545504816 0.0060403962109968467 0.032978510960459673 0.053305898891581327 -0.051690661461494418 0.10172557077003118 0.056276589650966796 0.062703438493475067 -0.010668814373214578 0.072007110661446133 -0.034118074127315955 -0.056025580984428815 -0.0031968753840897705 -0.0064092333816924661 -0.046367452803463508
leaf_weight=1.3515009209513653 127.09344793483615 48.101361870765686 4.8261408358812394 7.0040869340300542 3.8412357270717612 9.2572770193219167 18.652361214160919 6.5572772622108451 8.031678691506384 13.508289504796265 3.4560885168611994 8.6354827247560006 6.5829458050429821 101.70947729051113
leaf_count=17 985 213 35 61 26 62 96 28 33 293 41 110 53 3105
internal_value=-0.00156448 0.0193067 -0.0383267 0.00829227 0.0119794 0.00945109 0.0401297 0.0334133 0.0385628 -0.0139634 0.00212948 0.01706 -0.0297517 -0.0455193
internal_weight=368.609 235.122 133.487 153.779 140.192 136.351 81.3427 62.6903 56.133 30.426 16.9177 13.4616 13.587 103.061
internal_count=5158 1557 3601 1187 1073 1047 370 274 246 479 186 145 114 3122
is_linear=0
shrinkage=0.05


Tree=27
num_leaves=15
num_cat=0
split_feature=2 16 1 2 1 2 0 1 0 1 0 2 2 1
split_gain=99.4332 14.8864 12.0456 9.20828 7.29076 7.04759 9.97947 7.92571 6.42832 5.02079 0.811121 0.724954 0.36165 0.973087
threshold=0.37118558585643774 1.0000000180025095e-35 0.93777654867256655 0.27938234806060797 0.51508489993935724 0.5109008550643922 0.62833530106257396 0.64599358974358989 0.4206712433257056 0.6254770992366413 0.74347628772407548 0.80057606101036083 0.22072704136371615 0.6254770992366413
decision_type=2 2 2 2 2 2 2 2 2 2 2 2 2 2
left_child=3 2 5 12 -5 7 -7 -2 -6 -10 -4 -12 -1 -14
right_child=1 -3 10 4 8 6 -8 -9 9 -11 11 -13 13 -15
leaf_value=-0.051648457713313403 0.041625020998820469 -0.060731722353703832 0.069027285122818666 0.12665847287767953 0.062508199495163383 0.055798676537935459 0.017803454284897765 0.00066937201470276754 -0.0025840110504603852 -0.036729816721337662 0.03589803766687321 0.059969489327947371 -0.034900274397451921 -0.051650400583466788
leaf_weight=37.587875267490745 13.783128689974545 5.8486579358577719 7.9944768622517612 0.82142174988984962 2.0928163491189471 21.248421922326088 92.575798869132996 82.631641618907452 15.14528141915798 37.227975118905306 5.9033822864294034 6.6527457386255264 14.948350122198461 20.646832441911101
leaf_count=1235 79 65 42 13 25 91 452 766 277 874 30 35 493 675
internal_value=-0.00117985 0.0180459 0.0200423 -0.036593 -0.021192 0.016471 0.0248963 0.00652425 -0.0234218 -0.0268555 0.0565783 0.0486521 -0.048228 -0.0446161
internal_weight=365.109 236.638 230.79 128.471 55.2875 210.239 113.824 96.4148 54.4661 52.3733 20.5506 12.5561 73.1831 35.5952
internal_count=5152 1560 1495 3592 1189 1388 543 845 1176 1151 107 65 2403 1168
is_linear=0
shrinkage=0.05


Tree=28
num_leaves=15
num_cat=0
split_feature=2 2 1 15 0 1 1 0 2 0 0 1 0 1
split_gain=95.4072 17.3952 8.86605 7.01734 6.70297 6.347 6.98402 5.90347 4.75718 7.3775 4.66276 3.95444 5.11173 3.26054
threshold=0.3479208648204804 0.5234651267528535 0.62095088819226762 1.0000000180025095e-35 0.59835789757049607 0.94998610725201449 0.78705964422741548 0.54076207354895889 0.27938234806060797 0.41191250369494536 0.50125628140703526 0.57247899159663873 0.50893141945773535 0.60331143951833621
decision_type=2 2 2 2 2 2 2 2 2 2 2 2 2 2
left_child=8 2 13 10 -3 6 -6 -5 -1 -10 -4 12 -11 -2
right_child=1 4 3 7 5 -7 -8 -9 9 11 -12 -13 -14 -15
leaf_value=-0.047290964559538649 0.02396021406024481 0.064230228187503208 0.020782952969451679 0.09580216371435285 0.048673969495551257 0.056210549865022524 0.014596762538714357 0.010796176469804906 0.087898691692118378 -0.05593368939012993 -0.0098149572356186349 -0.036127824859246337 0.047209535706076437 0.075316221065792013
leaf_weight=70.02696187980473 9.6048601269721967 12.685471400618551 14.573527887463568 3.1624390259385091 18.633970387279987 14.928955361247061 77.857979848980904 5.7670089937746525 1.3816301785409439 1.862022291868924 85.483723025768995 32.96437063626945 3.3849066905677319 4.5569673217833033
leaf_count=2402 56 59 85 15 83 81 379 54 16 35 941 824 59 30
internal_value=-0.000632212 0.0165815 0.00326792 -0.00156815 0.0297923 0.0258715 0.0211776 0.0409018 -0.0394589 -0.0256065 -0.00535831 -0.0297106 0.0106062 0.0404855
internal_weight=356.875 247.255 123.149 108.987 124.106 111.421 96.492 8.92945 109.62 39.5929 100.057 38.2113 5.24693 14.1618
internal_count=5119 1783 1181 1095 602 543 462 69 3336 934 1026 918 94 86
is_linear=0
shrinkage=0.05


Tree=29
num_leaves=15
num_cat=0
split_feature=2 2 0 0 2 1 0 0 0 5 2 1 1 2
split_gain=89.9957 21.2041 12.3073 11.2729 9.35993 6.6316 5.90604 9.61695 5.2255 5.19722 9.22974 3.37532 2.40378 1.97954
threshold=0.33099012076854711 0.53128173947334301 0.54076207354895889 0.62047140986468807 0.63598412275314342 0.78705964422741548 0.73986301369863028 0.72438780609695164 0.39357170517619727 1.0000000180025095e-35 0.46236699819564825 0.94998610725201449 0.69252256123764522 0.4792556911706925
decision_type=2 2 2 2 2 2 2 2 2 2 2 2 2 2
left_child=8 2 9 -3 5 -5 7 -4 12 13 -11 -6 -1 -2
right_child=1 3 6 4 11 -7 -8 -9 -10 10 -12 -13 -14 -15
leaf_value=-0.013686700821963738 -0.044700490055576032 0.071636292762498804 -0.0072645073369449614 0.03638534961763356 0.030788734257125139 -0.0054207184926745727 -0.056285949499525437 0.081065453233626489 -0.044114293947375871 0.022408588459440625 0.099061352027048674 0.05854533315834836 0.089791822341458397 0.013897429644860852
leaf_weight=1.2524275965988629 3.2568374201655379 14.511999547481535 95.64940781891346 13.66451185941696 43.190826147794724 31.020128227770329 5.8111840337514868 3.1840743273496619 92.564567390829325 30.980057917535305 4.4971933364868155 14.673879638314245 1.0169033110141752 2.5853484719991684
leaf_count=23 27 68 1069 60 184 171 64 27 3151 219 19 82 11 13
internal_value=-0.000518367 0.0145376 0.00182408 0.0303901 0.0245532 0.00736353 -0.00729913 -0.00441882 -0.0422766 0.0249293 0.0321253 0.0378275 0.0326828 -0.0187691
internal_weight=357.859 263.025 145.964 117.061 102.549 44.6846 104.645 98.8335 94.8339 41.3194 35.4773 57.8647 2.26933 5.84219
internal_count=5188 2003 1438 565 497 231 1160 1096 3185 278 238 266 34 40
is_linear=0
shrinkage=0.05


Tree=30
num_leaves=15
num_cat=0
split_feature=2 2 2 0 0 1 0 2 1 0 3 1 24 15
split_gain=81.5898 15.6674 10.7449 7.81639 6.73315 6.09534 5.55662 6.33112 8.77408 5.4067 4.88622 4.41695 4.32802 3.99238
threshold=0.38663336634635931 0.5234651267528535 0.27938234806060797 0.53079284811269645 0.56106334444639427 0.63606261288380506 0.59835789757049607 0.68556499481201183 0.88589511754068728 0.8452991452991454 1.0000000180025095e-35 0.62988330796549985 1.0000000180025095e-35 1.0000000180025095e-35
decision_type=2 2 2 2 2 2 2 2 2 2 2 2 2 2
left_child=2 3 -1 10 11 -5 -3 8 -8 -9 -2 12 -4 -13
right_child=1 6 4 5 -6 -7 7 9 -10 -11 -12 13 -14 -15
leaf_value=-0.046778855104729358 0.042332193648705448 0.06136101239794526 0.03878174791548307 0.039139466038672154 -0.034270800771232561 -0.0087872761321895494 0.028077379719601916 0.055511989456571799 -0.010533659538216026 0.014958851817064002 -0.016360403435698594 -0.024424383297228618 -0.035791074086907182 0.045185296203634623
leaf_weight=64.287732020020485 16.751382574439052 12.416191980242727 9.2586897872388381 7.3202704414725295 30.194140030071139 70.774355351924896 54.538165479898453 26.04972779750824 20.149667993187904 12.007683128118513 4.4982979521155348 16.766722870990638 2.4633201081305733 2.3483324982225886
leaf_count=2401 76 60 131 37 762 681 266 123 108 57 29 338 40 22
internal_value=-0.000193978 0.0178469 -0.0325137 0.00302107 -0.0174875 -0.00429482 0.0296146 0.0261185 0.0176607 0.0427169 0.0299077 -0.00105404 0.0231107 -0.0158727
internal_weight=349.825 224.506 125.319 99.3443 61.0312 78.0946 125.161 112.745 74.6878 38.0574 21.2497 30.8371 11.722 19.1151
internal_count=5131 1437 3694 823 1293 718 614 554 374 180 105 531 171 360
is_linear=0
shrinkage=0.05


Tree=31
num_leaves=15
num_cat=0
split_feature=2 2 0 2 3 0 0 1 1 0 2 2 0 2
split_gain=79.1042 15.9491 8.54646 7.92564 7.44891 6.2482 5.13486 4.69438 4.66769 6.14256 4.6528 5.40659 4.72103 1.87763
threshold=0.32923825085163122 0.59123077988624584 0.57856437444773656 0.43465526401996618 1.0000000180025095e-35 0.74347628772407548 0.73727351164797261 0.85825892857142871 0.94998610725201449 0.85825892857142871 0.33554983139038091 0.51532220840454113 0.52206359506813771 0.2833476066589356
decision_type=2 2 2 2 2 2 2 2 2 2 2 2 2 2
left_child=7 2 10 4 -4 -5 -3 13 9 -8 12 -12 -2 -1
right_child=1 6 3 5 -6 -7 8 -9 -10 -11 11 -13 -14 -15
leaf_value=-0.048267782950971866 0.018615045871810291 0.048414228994329761 -0.029137942398511502 0.010074557084861423 0.088150665602348174 -0.027980816178742166 0.02339191686918567 0.08691993358178958 0.050555214962305174 -0.026235164719105517 0.010431136226571349 0.059695311885098204 0.13021930313372554 -0.03121398496487417
leaf_weight=64.067346721887589 1.9415849596261971 27.838565066456795 32.167731866240501 73.045342776924372 1.4131659232079972 12.654692530632017 31.946876093745232 0.69053105637431045 10.96847143769264 7.7472957223653784 50.379324961453676 6.2614940553903571 1.8508968614041803 21.57563541084528
leaf_count=2489 18 132 572 463 25 106 142 10 64 33 395 28 20 655
internal_value=-0.00149165 0.0123613 0.00414848 -0.00361264 -0.0242022 0.0044552 0.0311631 -0.0429246 0.0216838 0.013706 0.0194671 0.0158772 0.0730828 -0.0439715
internal_weight=344.549 258.215 179.714 119.281 33.5809 85.7 78.5012 86.3335 50.6626 39.6942 60.4333 56.6408 3.79248 85.643
internal_count=5152 1998 1627 1166 597 569 371 3154 239 175 461 423 38 3144
is_linear=0
shrinkage=0.05


Tree=32
num_leaves=15
num_cat=0
split_feature=2 1 16 2 1 1 2 0 17 0 17 0 2 2
split_gain=72.3183 12.5146 8.97411 6.93779 5.72225 6.19504 5.41314 7.9496 6.96016 3.9689 3.68668 0.898835 1.48674 4.32155
threshold=0.37738516926765447 0.94998610725201449 1.0000000180025095e-35 0.27938234806060797 0.85620300751879708 0.6254770992366413 0.50654283165931713 0.76044697939704353 1.0000000180025095e-35 0.55110075526273505 1.0000000180025095e-35 0.42802617230098156 0.22167789936065677 0.19004724919795993
decision_type=2 2 2 2 2 2 2 2 2 2 2 2 2 2
left_child=3 2 6 11 5 9 8 -8 -2 -5 -7 12 13 -1
right_child=1 -3 -4 4 -6 10 7 -9 -10 -11 -12 -13 -14 -15
leaf_value=-0.051893260006033837 0.047655496388028157 0.055915860134897404 -0.053684337053504429 0.02188881011391049 0.058131324244127307 0.010552811504279475 0.028587061430346439 0.001534446089945671 -0.0012530965118573328 -0.029273553087751293 -0.041686169671984324 -0.047724571444801696 -0.051937800744746611 0.12529084430383916
leaf_weight=0.88566987961530619 7.9978573545813552 16.688627749681473 5.2365536205470553 9.4230547063052637 2.1638841945677987 3.7700629401952019 80.305818185210228 41.031073167920113 80.401282794773579 6.3416744228452435 32.429594600573182 56.362876931205392 1.7049926519393919 0.56282765045762062
leaf_count=31 56 100 60 141 27 75 380 205 713 151 850 2329 57 16
internal_value=-0.00182004 0.0142065 0.0109686 -0.0344897 -0.0215354 -0.0248529 0.0125828 0.019439 0.00317188 0.00130774 -0.0362457 -0.0462712 -0.0202939 0.0169533
internal_weight=345.306 231.661 214.973 113.645 54.1283 51.9644 209.736 121.337 88.3991 15.7647 36.1997 59.5164 3.15349 1.4485
internal_count=5191 1514 1414 3677 1244 1217 1354 585 769 292 925 2433 104 47
is_linear=0
shrinkage=0.05


Tree=33
num_leaves=15
num_cat=0
split_feature=2 2 15 1 1 1 2 1 1 2 2 1 1 2
split_gain=74.5177 11.1731 5.09858 4.39734 4.9521 3.95554 7.26465 4.80152 3.36626 2.86837 2.82168 3.80739 2.47506 2.4051
threshold=0.33099012076854711 0.54584935307502758 1.0000000180025095e-35 0.94998610725201449 0.79855072463768129 0.61311827956989262 0.40462234616279608 0.60424160671462845 0.71486643437862962 0.61814457178115856 0.27938234806060797 0.51508489993935724 0.85825892857142871 0.287426307797432
decision_type=2 2 2 2 2 2 2 2 2 2 2 2 2 2
left_child=10 2 5 4 8 7 -7 -2 -3 -6 -1 -12 13 -13
right_child=1 3 -4 -5 9 6 -8 -9 -10 -11 11 12 -14 -15
leaf_value=-0.04776737039721423 0.014128327004718333 0.0053471895537344147 0.036560290630367788 0.051788749575351213 0.0017776475536909718 -0.020876181475787819 0.0062988523342268378 0.092210871261923372 0.055934412631301403 0.022938957078922986 0.087968322624525655 0.0032522282360247581 0.050263117365264759 -0.041274272245260257
leaf_weight=57.286759547889233 13.149935726076363 4.2438067197799709 11.518358968198298 14.096094891428946 24.281653918325901 33.593259572982788 91.795207656919956 2.3155291453003874 14.609878107905386 47.029248923063278 0.69525509327650326 3.6190770212560954 0.9054894931614389 18.719475077465177
leaf_count=2447 86 18 86 89 127 589 706 16 65 207 11 121 10 593
internal_value=-4.23584e-06 0.0132064 0.00457645 0.0258187 0.0217586 0.00196096 -0.000981705 0.025819 0.0445477 0.0157334 -0.0417431 -0.027327 -0.0307756 -0.0340605
internal_weight=337.859 256.633 152.372 104.261 90.1646 140.854 125.388 15.4655 18.8537 71.3109 81.2261 23.9393 23.244 22.3386
internal_count=5171 1989 1483 506 417 1397 1295 102 83 334 3182 735 724 714
is_linear=0
shrinkage=0.05


Tree=34
num_leaves=15
num_cat=0
split_feature=2 1 16 2 0 1 0 2 1 1 0 2 0 1
split_gain=61.1279 10.4437 6.68599 5.71026 10.0301 7.02711 5.03305 2.78714 3.21275 1.54361 1.37003 0.769125 1.03443 0.755017
threshold=0.33099012076854711 0.93777654867256655 1.0000000180025095e-35 0.40462234616279608 0.51304742455184937 0.88589511754068728 0.37271518777002333 0.27938234806060797 0.51508489993935724 0.62450000000000017 0.65232809127351232 0.80057606101036083 0.74347628772407548 0.99600000000000011
decision_type=2 2 2 2 2 2 2 2 2 2 2 2 2 2
left_child=6 2 3 4 -2 -5 -1 -8 -9 -10 -4 12 13 -3
right_child=1 11 10 5 -6 -7 7 8 9 -11 -12 -13 -14 -15
leaf_value=0.057948312509837535 0.033933016084439972 0.073838299180098294 -0.0093611224852798158 0.019021477117133919 -0.019200645122336376 -0.0038087311559254172 -0.047421353421195099 0.073768572733200033 -0.01122510962738457 -0.039077719120464975 -0.061457023177762637 0.06247389339034614 0.023324906986672098 0.037989722494634809
leaf_weight=1.3045111075043667 11.856121491640804 2.7334034517407435 1.8583506383001793 141.72996990010142 35.405196618288755 44.221728689968586 53.38175149820745 0.76830928772688167 7.310094956308606 15.569260871037839 3.9327593892812729 6.4038507938385001 4.7990163266658783 3.1746162474155426
leaf_count=17 89 18 29 874 603 245 2405 11 208 539 43 41 29 20
internal_value=-0.000790209 0.0110316 0.00833 0.00964782 -0.00587137 0.0135922 -0.0394418 -0.0410911 -0.0268014 -0.0301786 -0.0447396 0.0487668 0.0405686 0.0545754
internal_weight=334.449 256.115 239.004 233.213 47.2613 185.952 78.3339 77.0294 23.6477 22.8794 5.79111 17.1109 10.707 5.90802
internal_count=5171 1991 1883 1811 692 1119 3180 3163 758 747 72 108 67 38
is_linear=0
shrinkage=0.05


Tree=35
num_leaves=15
num_cat=0
split_feature=2 2 2 15 24 0 0 0 2 0 0 15 0 0
split_gain=55.5311 12.0979 8.13985 6.85458 6.99604 10.0304 6.59643 5.03256 5.77456 4.76857 4.10147 4.01993 3.60615 2.63619
threshold=0.36734375357627874 0.58543944358825695 0.27938234806060797 1.0000000180025095e-35 1.0000000180025095e-35 0.74682730923694784 0.45738498789346255 0.64316770186335415 0.68556499481201183 0.8452991452991454 0.76986128625472894 1.0000000180025095e-35 0.68217893217893233 0.59498901558740469
decision_type=2 2 2 2 2 2 2 2 2 2 2 2 2 2
left_child=2 3 -1 4 5 -2 11 -3 10 -10 -9 -4 -5 -8
right_child=1 7 6 12 -6 -7 13 8 9 -11 -12 -13 -14 -15
leaf_value=-0.046345335941543796 0.010241802430720166 0.058670031407960725 0.011339380888127439 0.058208843745551124 -0.02180244116427852 -0.047721914767356002 -0.016309501373507222 0.023042511050691088 0.05189603619419373 0.011325426889071075 -0.010611325218845781 0.11529694196783871 -0.0079080737984234487 -0.043874208473038856
leaf_weight=52.060895998030901 107.31271655857563 11.227954551577566 5.0809421334415665 8.2716723121702653 27.627225480973721 8.0214608497917634 27.634873192757368 22.062604352831841 21.295307815074921 10.975740164518355 15.353789269924162 1.1382437795400617 2.7472979463636866 12.641676180064676
leaf_count=2435 824 62 75 53 248 65 648 94 107 55 75 12 23 406
internal_value=-0.00126538 0.0119514 -0.0327658 0.00372576 0.000796965 0.00621044 -0.0175608 0.0276047 0.0225995 0.0380975 0.00923268 0.0303658 0.0417243 -0.0249613
internal_weight=333.452 234.896 98.5566 153.98 142.961 115.334 46.4957 80.9154 69.6874 32.271 37.4164 6.21919 11.019 40.2765
internal_count=5182 1606 3576 1213 1137 889 1141 393 331 162 169 87 76 1054
is_linear=0
shrinkage=0.05


Tree=36
num_leaves=15
num_cat=0
split_feature=2 2 0 2 1 1 2 1 24 0 2 1 1 2
split_gain=54.6057 11.7695 7.20665 6.51554 8.35007 6.34797 3.85312 4.95902 3.9423 3.53622 5.29227 7.85249 4.62434 3.57632
threshold=0.32923825085163122 0.59123077988624584 0.53079284811269645 0.43765561282634741 0.9042287075640264 0.8128434065934067 0.46236699819564825 0.72481884057971024 1.0000000180025095e-35 0.71791895314478704 0.68556499481201183 0.88669519548725939 0.86807079128272646 0.60103935003280651
decision_type=2 2 2 2 2 2 2 2 2 2 2 2 2 2
left_child=-1 2 6 4 -4 -5 7 -2 -8 13 11 -11 -12 -3
right_child=1 9 3 5 -6 -7 8 -9 -10 10 12 -13 -14 -15
leaf_value=-0.038016082076979305 0.031835090563841671 -0.0068615737659132314 -0.017805653742929972 0.018487766752637573 0.13232167084087734 -0.0075128102899982094 0.088727683663521503 -0.010051190330168741 0.021714261858539904 0.026953763761900174 -0.0085676907030372389 -0.031786622911206278 0.043729101202492848 0.053102102329146153
leaf_weight=70.923788184300065 17.879365094006065 2.8665645122528103 49.335258416831493 54.289522245526314 0.94393353909253974 41.359236638993025 4.1092774569988233 11.684110995382069 4.7102919667959213 14.270703420042993 5.0709697753191021 9.461738780140875 25.400566443800926 18.757499992847443
leaf_count=3138 115 14 792 333 7 279 18 89 24 64 21 46 132 98
internal_value=0.000874161 0.0114771 0.00465552 -0.000415107 -0.0149872 0.00724492 0.0239335 0.0152807 0.0529376 0.028058 0.0212381 0.00353493 0.035026 0.0451531
internal_weight=331.063 260.139 184.311 145.928 50.2792 95.6488 38.383 29.5635 8.81957 75.828 54.204 23.7324 30.4715 21.6241
internal_count=5170 2032 1657 1411 799 612 246 204 42 375 263 110 153 112
is_linear=0
shrinkage=0.05


Tree=37
num_leaves=15
num_cat=0
split_feature=2 1 16 2 0 0 2 1 0 1 1 0 2 2
split_gain=47.8621 10.4815 6.87246 6.64869 9.85764 5.50151 4.41049 7.70319 6.50209 2.57441 0.879267 0.780836 1.18457 0.539234
threshold=0.32923825085163122 0.93777654867256655 1.0000000180025095e-35 0.46561728417873388 0.55022935779816529 0.64316770186335415 0.27938234806060797 0.51508489993935724 0.39357170517619727 0.62450000000000017 0.73860013860013873 0.74347628772407548 0.75960195064544689 0.22072704136371615
decision_type=2 2 2 2 2 2 2 2 2 2 2 2 2 2
left_child=6 2 3 4 -2 -5 13 -8 -9 -10 -4 -3 -13 -1
right_child=1 11 10 5 -6 -7 7 8 9 -11 -12 12 -14 -15
leaf_value=-0.051056845547999198 0.017380973446092487 0.060691641914737061 -0.019006087791202129 0.031088964504180906 -0.015887580035580873 0.0088439014366697277 0.13596859034367559 0.10849929141239251 -0.0043619874955446473 -0.043513709254558788 -0.059538575005480925 0.0097475389241890881 0.048366163860450145 -0.040482702321487048
leaf_weight=24.598512439057231 37.38015291839838 6.5420555099844959 2.0041139833629122 37.953254520893097 55.0689144898206 103.8372016698122 0.77932905778289097 0.88077370822429912 6.2938814405351904 12.612935561686752 4.0255436580628157 2.6463625878095609 7.9533599019050598 23.646902007982135
leaf_count=1251 265 44 23 186 820 562 11 7 196 498 52 16 55 1194
internal_value=-0.000567642 0.00933448 0.00663955 0.00799628 -0.00243603 0.0147983 -0.0376092 -0.0182216 -0.0242943 -0.0304805 -0.0460665 0.0471081 0.0387245 -0.0458741
internal_weight=326.223 257.411 240.269 234.24 92.4491 141.79 68.8123 20.5669 19.7876 18.9068 6.02966 17.1418 10.5997 48.2454
internal_count=5180 2023 1908 1833 1085 748 3157 712 701 694 75 115 71 2445
is_linear=0
shrinkage=0.05


Tree=38
num_leaves=15
num_cat=0
split_feature=1 1 0 16 15 0 1 8 0 0 20 1 0 0
split_gain=15.8682 7.71489 9.50869 4.16768 3.52035 4.66124 2.85496 2.79668 2.27867 3.46247 2.19525 1.59747 0.750428 0.526099
threshold=0.94998610725201449 0.69113355780022456 0.66921119592875333 1.0000000180025095e-35 1.0000000180025095e-35 0.76705426356589157 0.67379862700228854 1.0000000180025095e-35 0.46741109357931798 0.46588642106663125 1.0000000180025095e-35 0.73860013860013873 0.68898225957049497 0.8452991452991454
decision_type=2 2 2 2 2 2 2 2 2 2 2 2 2 2
left_child=1 2 8 4 7 -6 12 -3 9 -1 -10 -5 -4 -2
right_child=13 3 6 11 5 -7 -8 -9 10 -11 -12 -13 -14 -15
leaf_value=-0.0057673366289310683 0.057214986919073701 -0.035284878698659206 0.10572217725036222 0.0057898556268495063 0.016707066673518414 0.10508429008195662 0.0059597539035921489 0.0024689786662337788 -0.059830181152711527 0.1042027593463158 -0.019796887983093342 -0.058539206388362811 0.055937380616468947 0.035924236899932259
leaf_weight=13.705048281699415 9.9996114969253522 5.0405104365199795 1.6320814639329904 1.2902744039893139 13.957521585747598 1.6705437973141659 2.0197544246912003 182.77447859570384 3.5855050310492507 0.75521733053028661 76.201227089390159 3.8289568703621626 1.4116086065769193 4.0875926017761222
leaf_count=350 70 42 21 25 138 10 24 1835 92 17 2453 58 12 29
internal_value=-0.000855451 -0.00322988 -0.0147 0.00223183 0.00335302 0.026154 0.0520488 0.00145575 -0.0182861 -2.39205e-05 -0.0215959 -0.0423254 0.0826329 0.0510372
internal_weight=321.96 307.873 99.3104 208.562 203.443 15.6281 5.06344 187.815 94.247 14.4603 79.7867 5.11923 3.04369 14.0872
internal_count=5176 5077 2969 2108 2025 148 57 1877 2912 367 2545 83 33 99
is_linear=0
shrinkage=0.05


Tree=39
num_leaves=15
num_cat=0
split_feature=2 1 16 2 1 1 1 0 2 2 0 24 0 2
split_gain=49.037 10.9334 8.68571 6.48323 8.23557 5.65792 3.58341 0.923697 0.807619 1.89236 0.783583 0.847335 0.515164 0.408446
threshold=0.32038031518459326 0.93777654867256655 1.0000000180025095e-35 0.49211168289184576 0.73486830629687783 0.88589511754068728 0.85825892857142871 0.37271518777002333 0.22072704136371615 0.22167789936065677 0.74347628772407548 1.0000000180025095e-35 0.5626871257485031 0.80057606101036083
decision_type=2 2 2 2 2 2 2 2 2 2 2 2 2 2
left_child=6 2 3 4 -2 -5 7 -1 -9 -10 12 13 -3 -12
right_child=1 10 -4 5 -6 -7 -8 8 9 -11 11 -13 -14 -15
leaf_value=0.012148266022786418 0.011849649608997462 0.04827235775968336 -0.053356644342909099 0.022270759948057491 -0.014990784829670365 -0.0010420239401603851 0.063257748851756848 -0.050953513521636344 0.065384055892322046 -0.040182285289990287 0.017551327376867591 0.060843316774212369 0.078372047126381073 0.0429764427035099
leaf_weight=0.75479315593838592 58.466215992346406 2.726198509335517 6.0500704776495686 86.378514736890793 55.908928876742721 37.249432317912579 0.80684972368180652 22.614660613238811 0.42951419204473396 36.465971430763602 3.2753006517887098 3.373045489192009 2.9704686775803566 3.0510706603527069
leaf_count=12 694 19 83 425 615 191 12 1238 22 1747 22 24 23 23
internal_value=-0.00110532 0.00838319 0.00580519 0.00730909 -0.00127051 0.0152466 -0.041415 -0.0428164 -0.0435136 -0.0389533 0.0492488 0.0406042 0.0639675 0.0298133
internal_weight=320.521 259.449 244.053 238.003 114.375 123.628 61.0718 60.2649 59.5101 36.8955 15.3961 9.69942 5.69667 6.32637
internal_count=5150 2119 2008 1925 1309 616 3031 3019 3007 1769 111 69 42 45
is_linear=0
shrinkage=0.05


Tree=40
num_leaves=15
num_cat=0
split_feature=2 2 16 2 0 1 0 1 15 1 1 0 1 0
split_gain=43.5274 7.16794 7.11132 6.02005 6.66869 7.49597 6.56412 5.63142 4.8999 4.0779 3.29458 3.75119 3.61276 1.09227
threshold=0.37738516926765447 0.27938234806060797 1.0000000180025095e-35 0.74332118034362804 0.74347628772407548 0.8953802416488984 0.86568199841395732 0.90990259740259749 1.0000000180025095e-35 0.85620300751879708 0.6254770992366413 0.41191250369494536 0.61985915492957766 0.42802617230098156
decision_type=2 2 2 2 2 2 2 2 2 2 2 2 2 2
left_child=1 13 3 4 8 -6 -5 -8 -2 10 12 -12 -3 -1
right_child=2 9 -4 6 5 -7 7 -9 -10 -11 11 -13 -14 -15
leaf_value=-0.01214759343636556 0.012123870594186436 -0.0068534181837084599 -0.051350499991881383 0.059730614838905564 0.0068728886564651528 -0.040092239439047536 -0.045859078870869298 0.038604758842892335 0.046339419152031477 0.048401961841878963 0.086275662629645783 -0.03127839690473147 0.089609513941258601 -0.046034001827578504
leaf_weight=2.5245019532740107 149.41482976451516 14.012661045417188 4.4134098533540955 13.21020767837763 25.6473826803267 12.704614408314226 3.4482199251651746 4.6139670163393021 11.25153251737356 2.331214800477027 0.69409964047372597 30.452038198709488 1.042878160253166 40.986168332397938
leaf_count=104 1030 268 58 76 152 70 14 29 68 28 8 919 26 2329
internal_value=-0.000371197 -0.0293315 0.0114916 0.0127506 0.0100483 -0.00868494 0.0380325 0.00247934 0.01452 -0.0161201 -0.0193757 -0.0286587 -0.000171553 -0.0440679
internal_weight=316.748 92.0436 224.704 220.291 199.018 38.352 21.2724 8.06219 160.666 48.5329 46.2017 31.1461 15.0555 43.5107
internal_count=5179 3682 1497 1439 1320 222 119 43 1098 1249 1221 927 294 2433
is_linear=0
shrinkage=0.05


Tree=41
num_leaves=15
num_cat=0
split_feature=2 1 2 1 1 1 0 0 0 2 1 2 2 1
split_gain=42.5972 8.6233 5.32742 7.13618 6.08534 8.12302 7.16653 5.16279 3.50343 2.95824 1.38783 9.6319 0.833397 1.65339
threshold=0.32038031518459326 0.93777654867256655 0.5109008550643922 0.80151515151515162 0.73486830629687783 0.73226861167002022 0.46741109357931798 0.64316770186335415 0.39357170517619727 0.62718835473060619 0.50926243567753005 0.29665777087211614 0.22072704136371615 0.6254770992366413
decision_type=2 2 2 2 2 2 2 2 2 2 2 2 2 2
left_child=8 2 4 9 5 -2 -6 -5 -1 -4 11 -10 -12 -14
right_child=1 -3 3 7 6 -7 -8 -9 10 -11 12 -13 13 -15
leaf_value=0.032602622551678964 0.0076156907113737226 0.045857200001125441 0.028063979120025142 0.037690263560936993 0.05235045014396586 0.11962215250545988 -0.015725997760814771 0.0012208129390450528 -0.05104010131836665 0.074467079330200942 -0.050859325834275805 0.24330896302946706 -0.02358164877583804 -0.046354348694135641
leaf_weight=1.6623298469930876 60.465554762631655 14.829157292842863 31.087976053357124 11.243894785642622 4.1321082450449458 1.6632458791136731 60.016489546746016 70.874424789100885 1.5802795011550177 3.8612090498208991 19.332744859158993 0.33723367378115643 12.709215454757212 21.376777973026037
leaf_count=30 716 110 141 54 25 16 681 359 88 19 1165 6 635 1123
internal_value=0.000203046 0.00884003 0.00658424 0.0142678 -0.00053892 0.0106142 -0.0113409 0.00621432 -0.038918 0.0331906 -0.0410665 0.000727166 -0.0425667 -0.0378634
internal_weight=315.173 258.174 243.345 117.068 126.277 62.1288 64.1486 82.1183 56.9986 34.9492 55.3363 1.91751 53.4187 34.086
internal_count=5168 2121 2011 573 1438 732 706 413 3047 160 3017 94 2923 1758
is_linear=0
shrinkage=0.05


Tree=42
num_leaves=15
num_cat=0
split_feature=2 1 16 0 2 0 2 1 2 0 0 1 0 0
split_gain=41.7631 8.19664 5.48432 5.05919 6.61493 2.79255 1.95033 5.50835 1.93803 1.487 1.16662 1.09067 0.906156 1.40037
threshold=0.32923825085163122 0.93777654867256655 1.0000000180025095e-35 0.50125628140703526 0.43465526401996618 0.49494743288761872 0.26933954656124121 0.51191151446398198 0.27071595191955572 0.74347628772407548 0.37271518777002333 0.74589722894807653 0.65232809127351232 0.61880216003927357
decision_type=2 2 2 2 2 2 2 2 2 2 2 2 2 2
left_child=6 2 3 5 -5 -2 10 -8 -9 -3 -1 -10 13 -4
right_child=1 9 12 4 -6 -7 7 8 11 -11 -12 -13 -14 -15
leaf_value=0.018990606657630901 0.022884642671103531 0.065332554540482868 -0.057359402571325629 -0.010145361468724969 0.010187740089271591 0.074833461562133968 0.13058112191911755 0.081834703213558235 -0.0374136533968134 0.032370522624617905 -0.046677503576878582 -0.0053717092536313214 -0.06018386205338655 0.021510564513405932
leaf_weight=0.6892927885055532 20.62768113613129 5.5643247812986365 1.1526325549930327 53.787738746032119 156.04259715229273 2.9579192027449599 0.5438490472734 0.37663825042546051 17.700481288135055 8.8850128576159459 35.972025897353888 3.1246297415345898 3.2231028582900763 1.0998386852443216
leaf_count=12 124 43 16 810 874 15 12 22 761 68 2216 117 45 17
internal_value=-0.000292022 0.00849505 0.00628318 0.00744351 0.00497557 0.0293997 -0.0384061 -0.0265426 -0.0305731 0.0450639 -0.0454428 -0.032606 -0.0431799 -0.0188487
internal_weight=311.748 253.341 238.892 233.416 209.83 23.5856 58.4069 21.7456 21.2017 14.4493 36.6613 20.8251 5.47557 2.25247
internal_count=5152 2012 1901 1823 1684 139 3140 912 900 111 2228 878 78 33
is_linear=0
shrinkage=0.05


Tree=43
num_leaves=15
num_cat=0
split_feature=2 2 0 0 0 2 0 3 0 2 2 0 0 2
split_gain=37.4375 8.23985 6.90034 8.98325 6.62722 3.48586 4.30633 3.32711 3.12442 4.83735 2.23305 1.59447 1.5422 1.4378
threshold=0.33099012076854711 0.59123077988624584 0.74347628772407548 0.72438780609695164 0.52290209790209796 0.27938234806060797 0.45189340813464246 1.0000000180025095e-35 0.71791895314478704 0.71673092246055614 0.28583408892154699 0.65660248376438435 0.5267237862097105 0.29665777087211614
decision_type=2 2 2 2 2 2 2 2 2 2 2 2 2 2
left_child=5 2 3 4 -2 -1 13 8 11 -10 12 -3 -8 -7
right_child=1 7 -4 -5 -6 6 10 -9 9 -11 -12 -13 -14 -15
leaf_value=-0.045626140602295723 0.021648485101022619 0.024199091819515708 -0.032866001492788101 0.055692792427218946 -0.0031995449038547696 -0.0055271771176592663 -0.051372189731873387 0.07115991472227208 -0.00021732613578865549 0.030999182072223647 -0.035448217772769984 0.055266041423175184 0.044875573540583566 0.071688327159194085
leaf_weight=38.254361107945442 34.257263634353876 8.8599857091903704 13.08860534802079 8.253453638404606 123.83775149099529 0.99560734815895857 0.56731685996055903 3.3189726173877707 27.916721060872078 22.342329099774361 15.118353890255092 7.7364567816257468 1.5624335445463655 1.5283673517405985
leaf_count=2431 216 53 116 57 1229 20 23 22 130 123 608 38 74 26
internal_value=-0.000639488 0.00777029 0.00208921 0.00483955 0.00218472 -0.0368157 -0.0197695 0.0222969 0.0198711 0.0136598 -0.0286958 0.038681 0.0192374 0.0412299
internal_weight=307.638 249.612 179.437 166.348 158.095 58.0264 19.7721 70.1745 66.8555 50.2591 17.2481 16.5964 2.12975 2.52397
internal_count=5166 1984 1618 1502 1445 3182 751 366 344 253 705 91 97 46
is_linear=0
shrinkage=0.05


Tree=44
num_leaves=15
num_cat=0
split_feature=1 1 0 16 0 24 1 1 18 7 1 1 15 1
split_gain=10.6438 7.12943 7.03571 2.77823 2.35014 4.05299 2.1953 2.12399 2.11119 2.06487 1.89893 2.75332 1.8066 1.48773
threshold=0.68927203065134102 0.93777654867256655 0.66921119592875333 1.0000000180025095e-35 0.45189340813464246 1.0000000180025095e-35 0.73860013860013873 0.67379862700228854 1.0000000180025095e-35 1.0000000180025095e-35 0.6254770992366413 0.61081871345029259 1.0000000180025095e-35 0.55433615650721713
decision_type=2 2 2 2 2 2 2 2 2 2 2 2 2 2
left_child=2 3 8 4 5 -2 -5 -4 10 -6 11 -1 -12 -10
right_child=1 -3 7 6 9 -7 -8 -9 13 -11 12 -13 -14 -15
leaf_value=-0.015956636966080531 0.0083151383159110661 0.041704723346174144 0.069926039860880182 0.025455570879001344 0.0040775553747640645 0.087975210300589593 -0.056305701122656086 0.0038724925969240501 0.03539807753813564 -0.040564220858725825 -0.029130425462453383 0.014163278502174923 0.0095859049002619753 -0.064515369651724469
leaf_weight=36.253418792039156 5.4606405096128574 13.126255139708517 2.9683088492602101 1.0963722253218282 190.1458708839491 2.2565888250246644 3.2685983814299107 2.0627869470044971 0.41696727368980591 2.626074766740202 30.352111951448023 9.5955641148611885 3.3451769631355992 3.4996030991896987
leaf_count=1409 67 107 32 28 1933 32 60 24 10 41 928 318 106 98
internal_value=4.52921e-05 0.00598233 -0.014579 0.00369338 0.00455254 0.0316085 -0.0357693 0.0428436 -0.0180404 0.00346941 -0.0162758 -0.00965295 -0.025287 -0.0538783
internal_weight=306.474 217.98 88.4939 204.854 200.489 7.71723 4.36497 5.0311 83.4628 192.772 79.5463 45.849 33.6973 3.91657
internal_count=5193 2268 2925 2161 2073 99 88 56 2869 1974 2761 1727 1034 108
is_linear=0
shrinkage=0.05


Tree=45
num_leaves=15
num_cat=0
split_feature=2 2 1 0 2 2 0 1 0 0 0 2 1 2
split_gain=35.302 7.18463 5.47523 8.14824 8.32736 6.82269 7.19255 5.4209 5.1281 4.56756 2.6106 6.14883 5.64514 1.44352
threshold=0.32038031518459326 0.63598412275314342 0.73797965788257069 0.46741109357931798 0.47274640202522283 0.40462234616279608 0.59142682180036743 0.73375527426160347 0.68898225957049497 0.37271518777002333 0.8452991452991454 0.71673092246055614 0.89871356456603169 0.27938234806060797
decision_type=2 2 2 2 2 2 2 2 2 2 2 2 2 2
left_child=9 2 5 -4 -5 6 -2 -7 -3 -1 11 -10 -12 -11
right_child=1 8 3 4 -6 7 -8 -9 10 13 12 -13 -14 -15
leaf_value=0.054728206731295095 0.013159071706732346 0.064572517284154501 0.056816303620605337 -0.023858543510188887 0.0041887236855241983 0.023256157635750355 -0.035019129439623223 0.095297127173117613 0.0085308865984354883 -0.045129511059916812 -0.039033305843097256 0.052904408836122768 0.027714561454008531 -0.026086498860523357
leaf_weight=1.3122305758297432 25.572669818997383 7.0314419865608206 5.5406421460211268 39.817828208208084 78.915107756853104 39.773334667086601 11.113398620858787 2.7947572246193877 19.53370213508606 35.48316955845803 5.4489502757787687 13.004511617124079 7.5661347731947899 13.830468636006115
leaf_count=17 296 45 33 528 472 244 270 15 89 2411 23 74 48 618
internal_value=0.000812941 0.00835442 0.0040977 -0.00245139 -0.0052171 0.0143669 -0.00143567 0.0279859 0.0248299 -0.0373388 0.0186954 0.0262656 -0.000230382 -0.0397887
internal_weight=306.738 256.112 203.528 124.274 118.733 79.2542 36.6861 42.5681 52.5847 50.6259 45.5533 32.5382 13.0151 49.3136
internal_count=5183 2137 1858 1033 1000 825 566 259 279 3046 234 163 71 3029
is_linear=0
shrinkage=0.05


Tree=46
num_leaves=15
num_cat=0
split_feature=1 16 0 1 1 0 1 0 8 0 15 1 0 24
split_gain=11.0092 5.67185 4.71787 4.39762 5.76627 7.27765 4.29403 2.7097 3.35216 3.77388 2.05267 4.15448 1.49673 0.591483
threshold=0.84924242424242424 1.0000000180025095e-35 0.47641299510458396 0.94998610725201449 0.88589511754068728 0.85825892857142871 0.88669519548725939 0.61242875528589824 1.0000000180025095e-35 0.77970588235294136 1.0000000180025095e-35 0.61746550472040684 0.45189340813464246 1.0000000180025095e-35
decision_type=2 2 2 2 2 2 2 2 2 2 2 2 2 2
left_child=1 7 -2 4 5 -4 -6 10 -9 -10 12 -12 -1 -5
right_child=2 -3 3 13 6 -7 -8 8 9 -11 11 -13 -14 -15
leaf_value=0.002920463321948754 0.074262116199653103 -0.051653696366458446 0.036800652048087544 0.032376969043775336 -0.047598085063116455 -0.040845356717951302 0.0015536594882643096 -0.058079110232898114 0.0049099970224894679 -0.0341281602392852 -0.041620888331105999 0.025897948023926212 -0.015262734531460998 0.05668690439320602
leaf_weight=12.84345290251076 3.1062165312468997 7.0186156118288627 21.65922183170915 7.7113185375928861 4.9969341158866873 3.5063626393675795 40.121923469007015 2.3822162076830855 83.392996404320002 6.6872751973569384 3.0571759762242428 8.9422276485711318 95.240023973397911 3.7040368467569351
leaf_count=245 19 195 142 65 33 16 225 21 975 41 187 209 2773 36
internal_value=-0.00152042 -0.00743032 0.0137804 0.0114809 0.00680586 0.0259821 -0.00388992 -0.00596999 0.000463734 0.00201193 -0.0109239 0.00869568 -0.013102 0.040265
internal_weight=304.37 219.564 84.806 81.6998 70.2844 25.1656 45.1189 212.545 92.4625 90.0803 120.083 11.9994 108.083 11.4154
internal_count=5182 4646 536 517 416 158 258 4451 1037 1016 3414 396 3018 101
is_linear=0
shrinkage=0.05


Tree=47
num_leaves=15
num_cat=0
split_feature=2 2 1 0 0 2 2 1 2 0 2 0 0 2
split_gain=29.7101 8.53085 9.00081 8.24335 4.16281 3.79807 3.66796 7.26041 3.59754 3.16932 3.09212 3.99862 3.95427 1.96284
threshold=0.31555154919624334 0.53128173947334301 0.6254770992366413 0.61586840832123857 0.39357170517619727 0.41223940253257757 0.40462234616279608 0.90694158075601383 0.33255384862422949 0.57754868270332194 0.68556499481201183 0.71209106984969073 0.85825892857142871 0.28583408892154699
decision_type=2 2 2 2 2 2 2 2 2 2 2 2 2 2
left_child=4 2 5 -3 13 8 7 -4 -2 -8 11 -5 -12 -1
right_child=1 3 6 10 -6 -7 9 -9 -10 -11 12 -13 -14 -15
leaf_value=-0.010915410492704294 0.058399104219885846 0.060529838279770501 -0.021868262667113454 0.022167781898785321 -0.038574563535449802 0.063078052286693415 0.015227837482140428 0.1065988547110639 0.0025268668823825034 -0.0054459135395846228 0.038860622520906218 -0.0024323881958699862 -0.00064570146207538137 0.084627256801023176
leaf_weight=1.1873173117637628 3.8595970477908876 10.585581183433531 36.455141935497522 28.901699215173721 44.767060344107449 6.2144479155540457 26.241085082292557 1.1340201571583737 11.363762725144623 63.153097676113248 21.604232266545299 38.554042503237724 8.9611640796065313 0.98230861499905575
leaf_count=27 64 64 729 137 2934 26 145 8 98 550 124 198 52 7
internal_value=0.0012836 0.00796361 0.000171474 0.0186123 -0.0352965 0.0301387 -0.0048877 -0.0179926 0.0166922 0.000622733 0.0140855 0.00810766 0.0272782 0.032342
internal_weight=303.965 257.028 148.421 108.607 46.9367 21.4378 126.983 37.5892 15.2234 89.3942 98.0211 67.4557 30.5654 2.16963
internal_count=5163 2195 1620 575 2968 188 1432 737 162 695 511 335 176 34
is_linear=0
shrinkage=0.05


Tree=48
num_leaves=15
num_cat=0
split_feature=2 2 1 0 2 0 0 1 0 0 0 1 2 2
split_gain=29.4751 5.79697 5.60735 4.81507 4.69324 7.9976 3.76219 4.23515 3.64812 3.76974 3.00163 2.87792 2.73159 1.75685
threshold=0.31555154919624334 0.65082308650016796 0.62095088819226762 0.39357170517619727 0.46561728417873388 0.63670033670033688 0.8452991452991454 0.91331186258722508 0.8050766283524905 0.77970588235294136 0.40100502512562819 0.60331143951833621 0.38893811404705053 0.28583408892154699
decision_type=2 2 2 2 2 2 2 2 2 2 2 2 2 2
left_child=3 2 11 13 10 -6 8 -8 9 -3 -4 -2 -13 -1
right_child=1 6 4 -5 5 -7 7 -9 -10 -11 -12 12 -14 -15
leaf_value=-0.0054713478349509796 0.015988911299929211 0.034087780899383059 -0.083440019304202431 -0.04054256559689777 0.028119603632720286 -0.0014785750888065927 -0.029765849251949823 0.031838884445914088 0.065166930007673485 -0.013255103466919183 -0.0074909724986409508 0.02310499623332881 0.090428566763051846 0.088465781703005134
leaf_weight=1.0550259873270977 15.764239031821491 18.74280188232661 1.3226880431175221 43.67366536706686 32.189829856157303 78.431049630045891 6.0349230021238309 5.1883255541324615 6.6989377513527861 5.420883633196353 79.07251045294106 3.0273246783763161 2.9995199739933014 0.94228766113519657
leaf_count=25 125 105 7 2962 171 472 25 37 39 26 1138 44 13 6
internal_value=-8.03749e-05 0.00654744 0.00319419 -0.0370707 0.000452862 0.00713427 0.0235032 -0.00128698 0.0325181 0.0234669 -0.00874051 0.0272241 0.0566115 0.0388461
internal_weight=300.564 254.893 212.807 45.671 191.016 110.621 42.0859 11.2232 30.8626 24.1637 80.3952 21.7911 6.02684 1.99731
internal_count=5195 2202 1970 2993 1788 643 232 62 170 131 1145 182 57 31
is_linear=0
shrinkage=0.05


Tree=49
num_leaves=15
num_cat=0
split_feature=2 1 15 2 1 0 0 0 2 1 2 0 2 0
split_gain=25.9556 6.63646 5.00824 4.72793 7.2271 3.83184 3.78821 2.89118 5.33731 2.22288 4.14717 4.98859 1.51138 1.29712
threshold=0.32923825085163122 0.93777654867256655 1.0000000180025095e-35 0.5109008550643922 0.73486830629687783 0.62833530106257396 0.39357170517619727 0.68726145038167952 0.54584935307502758 0.53169171254277647 0.23370204865932467 0.53079284811269645 0.28583408892154699 0.52290209790209796
decision_type=2 2 2 2 2 2 2 2 2 2 2 2 2 2
left_child=6 2 3 4 -2 -5 12 13 -9 10 -8 -12 -1 -4
right_child=1 -3 7 5 -6 -7 9 8 -10 -11 11 -13 -14 -15
leaf_value=-0.0089575922879916083 0.0069935266844864674 0.040446330584465118 0.077998354445693613 0.031028439582133849 -0.018769639344847121 0.0052063188285564419 -0.050639721401222151 -0.058548967602937478 0.04023260404964274 -0.040345130413448595 -0.011986449467902317 0.15619191133367266 0.0748949380365109 0.036056252479888112
leaf_weight=1.1351370345801108 56.41380819119513 13.153585776686667 2.3165809512138393 17.169339805841446 52.603780237957835 88.020713981240988 2.0039491467177863 2.2682855241000643 3.4431864768266678 42.71732294280082 1.1403518076986072 0.7189235035330056 1.0204838886857031 9.0247914716601354
leaf_count=26 633 120 13 82 624 439 161 21 17 2907 39 26 6 64
internal_value=-0.000743739 0.00589985 0.00393492 0.00185885 -0.00543786 0.00942106 -0.0340616 0.0300133 0.00100195 -0.0370604 -0.000739838 0.0530429 0.0307387 0.0446233
internal_weight=293.15 244.414 231.26 214.208 109.018 105.19 48.7362 17.0528 5.71147 46.5805 3.86322 1.85928 2.15562 11.3414
internal_count=5178 2013 1893 1778 1257 521 3165 115 38 3133 226 65 32 77
is_linear=0
shrinkage=0.05


Tree=50
num_leaves=15
num_cat=0
split_feature=2 1 15 2 1 0 0 0 0 2 2 1 0 0
split_gain=25.0954 5.78861 5.02596 4.65672 7.05368 6.49481 2.63993 3.35483 1.15106 1.96525 5.00758 1.09816 1.08337 3.07055
threshold=0.2833476066589356 0.93777654867256655 1.0000000180025095e-35 0.46236699819564825 0.61311827956989262 0.63670033670033688 0.53984126984127001 0.77581480353335375 0.42802617230098156 0.22167789936065677 0.19004724919795993 0.77210352614208799 0.8452991452991454 0.90815370196813505
decision_type=2 2 2 2 2 2 2 2 2 2 2 2 2 2
left_child=8 2 3 4 -2 -5 11 -8 9 10 -1 -4 -3 -14
right_child=1 12 6 5 -6 -7 7 -9 -10 -11 -12 -13 13 -15
leaf_value=-0.051835163666023878 0.021347998767009203 0.049481302664929561 0.08183220617912991 0.026936115605052043 -0.013150592265712269 0.0016132555500111103 0.0072856114952707333 0.079667053770364926 -0.043953840675120592 -0.051727364995261593 0.1682093389188635 0.033482601523389631 -0.035363224902675738 0.057423377404529387
leaf_weight=0.60138823743909531 18.315645802766085 8.2924310788512212 2.748661449179056 33.515729516744614 77.561122499406338 103.56046118214726 11.06811263039708 1.8715707883238781 29.876831984147429 1.1500882888212798 0.45353874750435352 2.0505238547921181 1.5890872702002519 2.0315047800540924
leaf_count=32 237 77 20 169 1451 579 100 10 2398 57 16 15 14 19
internal_value=0.000364495 0.00546444 0.00384618 0.00189257 -0.00656022 0.00780481 0.0295017 0.0177547 -0.0413809 -0.00651907 0.0427673 0.0611741 0.0395182 0.0166991
internal_weight=294.687 262.605 250.692 232.953 95.8768 137.076 17.7389 12.9397 32.0818 2.20502 1.05493 4.79919 11.913 3.62059
internal_count=5194 2691 2581 2436 1688 748 145 110 2503 105 48 35 110 33
is_linear=0
shrinkage=0.05


Tree=51
num_leaves=15
num_cat=0
split_feature=2 1 16 1 2 0 2 2 3 0 2 2 2 15
split_gain=22.2654 4.88018 4.09741 3.72457 3.79572 1.31849 1.73292 3.38094 0.792468 0.73312 1.41063 0.537269 3.61953 1.02335
threshold=0.27938234806060797 0.93777654867256655 1.0000000180025095e-35 0.93643953676272573 0.41223940253257757 0.42802617230098156 0.22167789936065677 0.19004724919795993 1.0000000180025095e-35 0.74347628772407548 0.80057606101036083 0.23370204865932467 0.23472332954406741 1.0000000180025095e-35
decision_type=2 2 2 2 2 2 2 2 2 2 2 2 2 2
left_child=5 2 3 4 -2 6 7 -1 -4 -3 -11 -7 -13 -14
right_child=1 9 8 -5 -6 11 -8 -9 -10 10 -12 12 13 -15
leaf_value=-0.05146032863289645 -0.0061114237201234135 0.049538419783573415 -0.050400441623859399 -0.054545197357771941 0.0077938335381782234 -0.050593738403087896 -0.051563846568289287 0.1247245292724877 0.00064348065511276534 0.0006440015229698449 0.044370799890706192 0.1540248904331023 -0.045275675955519429 0.01498787264283321
leaf_weight=0.52644605468958905 68.895381853915751 4.862357057631014 4.3422661041840902 2.7675023302435866 170.60622131824493 16.968738399446014 0.99582464713603247 0.5640308503061533 0.92180441040545691 3.3700186312198639 4.074232891201973 0.24431589711457391 9.3528215894475544 0.76183583028614599
leaf_count=32 1484 46 85 18 1010 1467 54 18 20 30 41 20 774 61
internal_value=-0.000960312 0.00370704 0.00217916 0.00312741 0.00379383 -0.0421911 -0.00387823 0.0396683 -0.041462 0.0344385 0.0245756 -0.045116 -0.0361432 -0.0407366
internal_weight=289.254 259.84 247.533 242.269 239.502 29.414 2.0863 1.09048 5.26407 12.3066 7.44425 27.3277 10.359 10.1147
internal_count=5160 2734 2617 2512 2494 2426 104 50 105 117 71 2322 855 835
is_linear=0
shrinkage=0.05


Tree=52
num_leaves=15
num_cat=0
split_feature=2 1 16 15 2 0 0 2 2 5 2 15 0 2
split_gain=20.7311 5.48561 4.39031 3.26255 4.02614 2.89355 1.21644 1.64478 2.8529 0.995938 0.942782 3.74366 8.76539 3.64084
threshold=0.27938234806060797 0.94998610725201449 1.0000000180025095e-35 1.0000000180025095e-35 0.41223940253257757 0.49565085848271695 0.42802617230098156 0.22167789936065677 0.19004724919795993 1.0000000180025095e-35 0.23370204865932467 1.0000000180025095e-35 0.50685446009389679 0.23472332954406741
decision_type=2 2 2 2 2 2 2 2 2 2 2 2 2 2
left_child=6 2 3 4 -2 -5 7 8 -1 -4 -8 13 -13 -12
right_child=1 -3 9 5 -6 -7 10 -9 -10 -11 11 12 -14 -15
leaf_value=-0.051519612278072474 -0.007979314722516213 0.043619799570712894 0.011024959953930732 0.076061129418760726 0.0070350600895288081 0.017204642083239418 -0.050564017293245403 -0.051447077406623569 0.11063123162496523 -0.050205801157294699 0.14728113470014192 0.29052124045559868 -0.050662412008200181 -0.045162509767784485
leaf_weight=0.48766624741256526 61.015105183236301 8.9019495248794538 0.77780335675925005 2.3980489019304541 166.46081681549549 16.164390133693814 15.931495208293201 0.93870858661830414 0.61128540895879269 4.5428372258320442 0.25251680333167037 0.2931005051359542 0.52623650245368481 9.2029975196346623
leaf_count=30 1394 93 17 20 980 128 1448 55 17 91 18 23 41 795
internal_value=0.000631547 0.00504687 0.0036808 0.00465254 0.0030078 0.0248082 -0.0400545 -0.00284195 0.0386758 -0.0412547 -0.0429479 -0.0311389 0.0713888 -0.0400232
internal_weight=288.505 260.261 251.359 246.038 227.476 18.5624 28.244 2.03766 1.09895 5.32064 26.2063 10.2749 0.819337 9.45551
internal_count=5150 2723 2630 2522 2374 148 2427 102 47 108 2325 877 64 813
is_linear=0
shrinkage=0.05


Tree=53
num_leaves=15
num_cat=0
split_feature=2 1 16 1 2 0 18 2 1 1 0 0 0 0
split_gain=22.4705 6.06681 3.97189 3.60116 4.4805 3.33997 2.91959 1.64965 3.72223 13.0974 1.41806 1.01825 2.65198 0.913233
threshold=0.31555154919624334 0.93777654867256655 1.0000000180025095e-35 0.6254770992366413 0.40462234616279608 0.37271518777002333 1.0000000180025095e-35 0.22072704136371615 0.6254770992366413 0.62306961273461636 0.39357170517619727 0.65232809127351232 0.63390485390002427 0.62047140986468807
decision_type=2 2 2 2 2 2 2 2 2 2 2 2 2 2
left_child=5 2 3 6 -5 -1 -2 -7 9 -9 -10 12 -4 -3
right_child=1 13 11 4 -6 7 -8 8 10 -11 -12 -13 -14 -15
leaf_value=0.041895954686872919 0.031191594134185419 0.07090132791510656 -0.055462429603902998 -0.011751944586321048 0.0077154749972152036 -0.050566241629650802 -0.028471394502234178 -0.014011748094221732 0.044929927373867688 0.35543127837172001 -0.047274853954191398 -0.059050839228039775 0.063716104775743937 0.035959542255511012
leaf_weight=1.4140577949583519 20.720728138461713 2.3884716406464568 1.2929144296795123 35.500220884568989 176.52606450393796 13.264145797118543 2.2756518162786952 9.4643703699111938 0.42959634400904079 0.24613924138248044 14.213182374835013 2.7823268920183182 0.73052162677049626 8.6136975511908513
leaf_count=16 171 24 26 722 1084 1256 17 646 5 17 1069 46 13 87
internal_value=0.00174811 0.00723969 0.00557418 0.0064943 0.00445598 -0.0335428 0.0252875 -0.0363786 -0.0286512 -0.00464721 -0.0445697 -0.0394237 -0.0124354 0.0435451
internal_weight=289.862 250.831 239.828 235.023 212.026 39.0315 22.9964 37.6174 24.3533 9.71051 14.6428 4.80576 2.02344 11.0022
internal_count=5199 2190 2079 1994 1806 3009 188 2993 1737 663 1074 85 39 111
is_linear=0
shrinkage=0.05


Tree=54
num_leaves=15
num_cat=0
split_feature=1 16 1 0 0 0 1 0 1 3 0 1 0 0
split_gain=8.73372 3.50878 2.97645 5.05223 3.28484 2.53785 3.051 2.78335 1.70642 0.671556 1.00769 0.422756 0.240971 0.521157
threshold=0.93777654867256655 1.0000000180025095e-35 0.74646766169154244 0.70036496350364974 0.73516303072953326 0.47641299510458396 0.90054945054945057 0.49649733013275854 0.6254770992366413 1.0000000180025095e-35 0.67298705966930272 0.99600000000000011 0.74347628772407548 0.85825892857142871
decision_type=2 2 2 2 2 2 2 2 2 2 2 2 2 2
left_child=1 2 3 8 -5 6 -4 -7 -1 -3 -11 -2 -13 -14
right_child=11 9 5 4 -6 7 -8 -9 -10 10 -12 12 13 -15
leaf_value=-0.0016043831920064082 0.061439474686760621 -0.048114801798189555 0.018579921151496464 0.053790456980496518 -0.024994951825246303 -0.049112645178531651 0.10979398351211041 0.0029020597508677935 -0.014442169284340582 0.045855719568756712 -0.054582576818236833 0.051286952542499743 0.018545385646122983 0.055664270177491905
leaf_weight=40.577108200639486 3.0714533030986768 4.8573398012667885 5.7476556207984677 5.2498640511184922 1.7687505856156347 2.6198672745376816 1.0907439757138488 140.48408459592611 71.489414405077696 0.51222757622599591 0.48730650544166565 2.493564210832119 2.6853808462619781 1.4596094787120817
leaf_count=1698 31 167 80 44 13 35 7 1064 1912 23 7 26 30 16
internal_value=-0.000502408 -0.00214864 -0.00131514 -0.00721652 0.0339359 0.00337178 0.0331288 0.0019498 -0.00979386 -0.0404345 -0.00311133 0.0461014 0.039005 0.0316164
internal_weight=284.594 274.884 269.027 119.085 7.01861 149.942 6.8384 143.104 112.067 5.85687 0.999534 9.71001 6.63855 4.14499
internal_count=5153 5050 4853 3667 57 1186 87 1099 3610 197 30 103 72 46
is_linear=0
shrinkage=0.05


Tree=55
num_leaves=15
num_cat=0
split_feature=2 2 0 0 18 2 0 0 2 0 2 0 0 0
split_gain=18.4831 4.64938 4.1381 3.45284 3.20726 3.14442 4.8023 2.94392 2.52158 2.5364 1.33258 1.28819 1.07623 1.67404
threshold=0.27938234806060797 0.59123077988624584 0.51304742455184937 0.73986301369863028 1.0000000180025095e-35 0.68556499481201183 0.8452991452991454 0.74682730923694784 0.32733616232872015 0.44507936507936513 0.49978657066822058 0.59284802043422746 0.42802617230098156 0.4206712433257056
decision_type=2 2 2 2 2 2 2 2 2 2 2 2 2 2
left_child=12 2 8 -3 7 -5 -7 -4 9 -2 -10 -6 13 -1
right_child=1 3 4 5 11 6 -8 -9 10 -11 -12 -13 -14 -15
leaf_value=-0.024348144899953177 0.021016827752019351 0.032878518314697985 0.0019551271140817203 -0.0065646069205459864 -0.05204222342141919 0.039106870503743042 -0.0060860718211258585 -0.025939803264307049 0.019093767139584106 -0.051226353967683269 0.054660866086764848 -0.016487628030561401 -0.042164583065204542 0.096931912381348073
leaf_weight=1.7864803532138496 2.3574740625917903 21.756980404257774 137.83989281207323 19.31381693482399 3.3568772152066222 14.256993286311628 10.002227529883383 10.155202155932782 26.082324288785461 2.5069904858246446 2.9292951077222815 10.567287218756972 23.891971472650766 0.33842963445931662
leaf_count=82 39 133 1787 91 47 87 61 90 162 122 17 100 2310 25
internal_value=0.00105706 0.00506122 0.00120734 0.0166114 -0.00211746 0.00848884 0.0204735 4.10187e-05 0.0170991 -0.016215 0.022685 -0.0250592 -0.0391318 -0.00503214
internal_weight=287.142 261.125 195.795 65.33 161.919 43.573 24.2592 147.995 33.8761 4.86446 29.0116 13.9242 26.0169 2.12491
internal_count=5153 2736 2364 372 2024 239 148 1877 340 161 179 147 2417 107
is_linear=0
shrinkage=0.05


Tree=56
num_leaves=15
num_cat=0
split_feature=2 16 2 0 0 0 0 24 2 0 2 2 2 15
split_gain=16.6522 3.98118 4.20602 4.31677 4.28124 3.50523 3.41649 3.27947 2.98034 1.10415 1.56122 2.48061 1.01744 3.27666
threshold=0.27938234806060797 1.0000000180025095e-35 0.63598412275314342 0.85825892857142871 0.74347628772407548 0.72438780609695164 0.89214649620301845 1.0000000180025095e-35 0.74332118034362804 0.42802617230098156 0.22167789936065677 0.19004724919795993 0.23370204865932467 1.0000000180025095e-35
decision_type=2 2 2 2 2 2 2 2 2 2 2 2 2 2
left_child=9 2 4 8 5 -2 -5 -6 -4 10 11 -1 -11 -14
right_child=1 -3 3 6 7 -7 -8 -9 -10 12 -12 -13 13 -15
leaf_value=-0.05141849848767336 0.0022390746923746738 -0.039994096654477174 0.01777488270461541 -0.041815216855626738 -0.035404912293389927 0.03203688315443276 0.019552528602454339 0.0087841101812859406 0.050722997446650889 -0.050488569699505596 -0.051452599604128547 0.098481729295522652 -0.038705400213293023 0.062494514952046602
leaf_weight=0.47490161657333663 178.31187169067562 5.0934052644297472 28.484821420162916 4.7771857455372793 12.846427550539376 10.447584155946968 4.3179325610399246 6.2372746765613547 9.0422245189547521 13.841288894414904 0.93990246206521977 0.65892996825277805 8.4532899288460577 0.88344767224043685
leaf_count=32 2190 114 148 25 91 65 30 45 65 1450 56 17 817 68
internal_value=4.06405e-06 0.00377505 0.00465114 0.0182237 0.00160661 0.00388834 -0.0126807 -0.0209623 0.0257138 -0.0387573 -0.00380309 0.0356965 -0.0418847 -0.0291298
internal_weight=284.81 259.559 254.465 46.6222 207.843 188.759 9.09512 19.0837 37.527 25.2518 2.07373 1.13383 23.178 9.33674
internal_count=5213 2773 2659 268 2391 2255 55 136 213 2440 105 49 2335 885
is_linear=0
shrinkage=0.05


Tree=57
num_leaves=15
num_cat=0
split_feature=2 0 15 2 0 1 1 0 2 2 0 0 0 2
split_gain=20.0705 3.36076 2.91235 3.2848 5.35851 3.91318 3.0546 2.71639 2.42816 2.0786 1.89413 3.92214 3.86769 1.2424
threshold=0.33099012076854711 0.45189340813464246 1.0000000180025095e-35 0.5234651267528535 0.59835789757049607 0.67484939759036155 0.78705964422741548 0.51304742455184937 0.29665777087211614 0.40641809999942785 0.76705426356589157 0.68726145038167952 0.64165023936919197 0.2452235817909241
decision_type=2 2 2 2 2 2 2 2 2 2 2 2 2 2
left_child=1 8 3 5 -5 9 -6 -7 -1 -2 11 12 -4 -3
right_child=2 13 10 4 6 7 -8 -9 -10 -11 -12 -13 -14 -15
leaf_value=-0.019020388492330825 0.0024583165629007294 -0.050476130366779642 0.017761821661932489 0.049280646158211101 0.02401189031992217 0.010082679751337399 0.0018836419120447975 -0.012030677038291648 0.051122833357061429 0.029129979183767321 0.06712045410340281 -0.02861920385551401 0.09179218386890986 -0.03130256291591537
leaf_weight=4.3329008724540463 18.763444449752573 14.646899219602345 8.8592453710734862 7.8407638520002356 19.500078551471233 17.152512762695551 77.887700656428933 72.956400221213698 1.7249999493360517 11.961661409586666 2.2700772732496253 3.4407570231705895 2.2030227109789839 19.965716540813446
leaf_count=248 221 1584 61 53 89 112 433 899 26 66 15 25 15 1298
internal_value=-0.000895599 -0.0334032 0.00454882 0.0030573 0.0095159 -0.00256718 0.00631441 -0.00782133 0.000953041 0.0128419 0.024651 0.0180035 0.0325048 -0.0394162
internal_weight=283.506 40.6705 242.836 226.063 105.229 120.834 97.3878 90.1089 6.0579 30.7251 16.7731 14.503 11.0623 34.6126
internal_count=5145 3156 1989 1873 575 1298 522 1011 274 287 116 101 76 2882
is_linear=0
shrinkage=0.05


Tree=58
num_leaves=15
num_cat=0
split_feature=1 15 0 1 1 1 1 0 0 1 0 1 0 1
split_gain=4.95935 3.18821 3.12642 4.36554 2.97867 4.11131 3.40859 3.15776 2.95471 2.81327 2.36654 2.79697 2.74441 1.08405
threshold=0.93777654867256655 1.0000000180025095e-35 0.67669683257918567 0.73797965788257069 0.60069930069930078 0.63606261288380506 0.61746550472040684 0.77581480353335375 0.6844476055002372 0.73375527426160347 0.65050445685179747 0.88998899889989003 0.65660248376438435 0.99600000000000011
decision_type=2 2 2 2 2 2 2 2 2 2 2 2 2 2
left_child=1 2 10 9 -3 6 -6 -7 -5 -4 11 -1 -12 -2
right_child=13 4 3 8 5 7 -8 -9 -10 -11 12 -13 -14 -15
leaf_value=-0.0063221084520619798 0.060213599545632802 -0.052797650114934286 0.023146283951011797 0.039922777534752735 0.015351034972569459 0.0065914765979703102 0.13324765405799388 0.075587333460481562 -0.00189378299601668 0.093312070105744702 -0.056037367675652407 0.027175933899845489 -0.013301619074172745 0.023954495315514725
leaf_weight=126.90213788766414 2.991053279489277 1.4456236315891171 9.2843354325741512 4.466289682313799 1.089096426963809 16.911458017304543 1.4026527199894188 1.8386365026235569 77.978567976504564 1.6883515398949374 4.711931734345856 6.5532335825264445 18.530901509337127 6.6319743692874908
leaf_count=3598 34 134 94 35 59 236 50 9 500 11 61 45 223 75
internal_value=-5.2935e-05 -0.00129734 -0.00292529 0.00431475 0.0166498 0.0213761 0.0817173 0.0133572 0.000371548 0.0339426 -0.00724153 -0.00467721 -0.0219653 0.0352246
internal_weight=282.426 272.803 250.116 93.4175 22.6875 21.2418 2.49175 18.7501 82.4449 10.9727 156.698 133.455 23.2428 9.62303
internal_count=5164 5055 4567 640 488 354 109 245 535 105 3927 3643 284 109
is_linear=0
shrinkage=0.05


Tree=59
num_leaves=15
num_cat=0
split_feature=2 2 0 0 2 3 2 2 5 2 0 1 0 2
split_gain=17.2712 4.89287 4.08099 3.25722 6.42906 10.1523 6.9307 3.47061 4.17001 2.08523 2.42288 2.38159 1.39294 1.27546
threshold=0.29514934122562414 0.61814457178115856 0.73727351164797261 0.59357829670329687 0.43465526401996618 1.0000000180025095e-35 0.44538401067256933 0.5234651267528535 1.0000000180025095e-35 0.80057606101036083 0.8452991452991454 0.91331186258722508 0.65660248376438435 0.64278480410575878
decision_type=2 2 2 2 2 2 2 2 2 2 2 2 2 2
left_child=-1 3 12 7 5 -5 -6 8 -2 10 -4 -11 13 -3
right_child=1 2 9 4 6 -7 -8 -9 -10 11 -12 -13 -14 -15
leaf_value=-0.037842729327495078 -0.030992077177941425 -0.01132752764606109 0.010912055109091909 -0.031612576761108929 0.068327738750080802 0.11926963365287138 -0.0010301367846666709 0.044749321482847916 0.0093740566112158821 -0.012807201547211728 -0.023405744894345607 0.053106287760452675 0.05221021450793091 0.04097936386906733
leaf_weight=27.15117750922218 7.0904643498361102 2.0139245279133311 25.338705688714985 27.196736270561818 3.7541904151439658 1.1625378858298052 88.762505074962974 6.0829748772084704 65.509268572553992 1.9089136570692051 6.4530233442783347 4.8582269102334976 9.205834247171877 2.7662135846912861
leaf_count=2647 80 15 131 671 38 30 557 40 774 8 29 46 52 25
internal_value=4.74321e-05 0.00412815 0.0177029 0.000553836 -0.00459997 -0.0254274 0.0017843 0.00847135 0.00543169 0.0093108 0.00394629 0.034513 0.0408397 0.0189419
internal_weight=279.255 252.104 52.5448 199.559 120.876 28.3593 92.5167 78.6827 72.5997 38.5589 31.7917 6.76714 13.986 4.78014
internal_count=5143 2496 306 2190 1296 701 595 894 854 214 160 54 92 40
is_linear=0
shrinkage=0.05


Tree=60
num_leaves=15
num_cat=0
split_feature=2 2 0 15 24 1 1 0 0 0 0 0 2 0
split_gain=13.4759 3.84996 5.12489 4.27995 3.80156 3.52196 2.78541 3.41898 2.36023 2.18975 3.38583 2.03236 1.48439 1.22009
threshold=0.27938234806060797 0.53128173947334301 0.61586840832123857 1.0000000180025095e-35 1.0000000180025095e-35 0.57247899159663873 0.94998610725201449 0.85825892857142871 0.53378995433789966 0.53984126984127001 0.68048396334478822 0.45189340813464246 0.35819990932941442 0.42802617230098156
decision_type=2 2 2 2 2 2 2 2 2 2 2 2 2 2
left_child=13 3 8 4 5 -2 7 -4 -3 12 -11 -6 -5 -1
right_child=1 2 6 9 11 -7 -8 -9 -10 10 -12 -13 -14 -15
leaf_value=0.0015787353113120674 0.032508875911062822 0.007544224241865973 0.0082561503600280996 0.019607223665768586 0.051989732891982991 -0.0024614394202344429 0.039384182195848855 -0.027008580647346014 0.061312296581948755 0.024945043276190692 -0.057782056621763368 -0.024727217752541365 0.072386883003768956 -0.040597549942576361
leaf_weight=1.873030681163075 7.7067080456763497 2.8906932994723302 76.963127054274082 2.3084373511373979 0.89637480489909904 109.47987303324044 6.3737284392118445 7.5471275001764289 6.9436641708016396 6.3745458852499723 1.5345759717747567 23.392719673924148 3.1499096229672432 20.288984925486147
leaf_count=105 99 28 383 25 11 1593 81 34 42 61 17 367 15 2318
internal_value=0.000368209 0.0036116 0.0112209 -0.00133787 -0.00389308 -0.000161637 0.00751074 0.00510686 0.0455078 0.0257054 0.00889383 -0.021896 0.0500654 -0.037033
internal_weight=277.724 255.561 100.718 154.843 141.476 117.187 90.884 84.5103 9.83436 13.3675 7.90912 24.2891 5.45835 22.162
internal_count=5179 2756 568 2188 2070 1692 498 417 70 118 78 378 40 2423
is_linear=0
shrinkage=0.05


Tree=61
num_leaves=15
num_cat=0
split_feature=2 2 0 1 2 0 2 2 1 0 2 1 0 0
split_gain=15.6965 2.88959 3.50869 4.97414 6.74088 4.27209 5.89553 3.90606 3.62546 3.39609 3.14982 4.51394 3.12427 2.41364
threshold=0.29514934122562414 0.63598412275314342 0.57856437444773656 0.88589511754068728 0.43765561282634741 0.56425987100833741 0.47274640202522283 0.54584935307502758 0.89871356456603169 0.8452991452991454 0.74332118034362804 0.8953802416488984 0.90815370196813505 0.37271518777002333
decision_type=2 2 2 2 2 2 2 2 2 2 2 2 2 2
left_child=13 2 5 4 -4 8 -7 -5 -2 10 11 -3 -11 -1
right_child=1 9 3 7 -6 6 -8 -9 -10 12 -12 -13 -14 -15
leaf_value=0.038692564352767751 0.0021348131362822638 0.031846830403418583 -0.01912791705403917 -0.044470890989692348 0.0078426853781304543 0.017698724507340405 0.11042537631536922 0.00072028786730929113 0.0492951140962095 -0.024707278637294938 0.050873743945280603 -0.008705033455735308 0.032359547047039396 -0.040438076811015383
leaf_weight=1.0027834512293363 55.603040592744946 16.226750895380977 31.98623204883188 12.087098870426418 84.02774409390986 6.201547550968824 2.3689784929156303 7.9112069010734549 4.3975130394101134 8.444761857390402 7.6549842022359362 11.891214922070501 3.3497584834694853 24.698514121584594
leaf_count=12 592 79 814 93 518 109 13 46 31 45 63 71 26 2639
internal_value=-0.000127173 0.00366695 0.00108601 -0.0035633 0.000406616 0.010308 0.0433293 -0.0265935 0.00559125 0.0147673 0.0224386 0.0146973 -0.00849975 -0.0373506
internal_weight=277.852 252.151 204.583 136.012 116.014 68.5711 8.57053 19.9983 60.0006 47.5675 35.773 28.118 11.7945 25.7013
internal_count=5151 2500 2216 1471 1332 745 122 139 623 284 213 150 71 2651
is_linear=0
shrinkage=0.05


Tree=62
num_leaves=15
num_cat=0
split_feature=2 16 2 1 0 0 2 1 1 0 0 2 15 0
split_gain=11.5253 3.49727 3.77452 6.49834 5.25624 4.37988 2.9723 2.82925 2.46955 1.11833 1.46164 1.25636 3.61312 7.2275
threshold=0.27938234806060797 1.0000000180025095e-35 0.46561728417873388 0.71747427812811171 0.57525293222311769 0.64316770186335415 0.61814457178115856 0.72804314329738073 0.59731240981240996 0.42802617230098156 0.4206712433257056 0.23370204865932467 1.0000000180025095e-35 0.50685446009389679
decision_type=2 2 2 2 2 2 2 2 2 2 2 2 2 2
left_child=9 2 3 4 -2 8 -7 -5 -4 10 -1 -11 -13 -14
right_child=1 -3 5 7 -6 6 -8 -9 -10 11 -12 12 13 -15
leaf_value=-0.020238381703531313 0.020195864471031083 -0.039313775891934279 -0.048638147981075346 -0.051011407396415437 -0.011267168130888345 -0.0037354770605241548 0.012809793468306928 -0.012882281783551448 0.025722544837388818 -0.050391292435104464 0.093275979571688095 -0.035704309494675929 0.25902622781850732 -0.050535036310564198
leaf_weight=1.5521167805418397 33.862902570515871 4.8459965549409381 1.1518344730138768 5.4968688264489165 21.832953486591578 60.667695507407188 49.124671090394258 42.334707809612155 36.429399657994509 11.203453865833582 0.34697828907519568 6.786054676398634 0.32273845747113217 0.45350433979183435
leaf_count=77 503 109 5 84 550 366 276 661 205 1462 26 795 21 44
internal_value=-0.000144414 0.00275779 0.00357038 -0.0037466 0.00786226 0.00871043 0.00366741 -0.0172641 0.0234434 -0.036062 0.000501506 -0.0397622 -0.0240154 0.0781712
internal_weight=276.412 255.747 250.901 103.527 55.6959 147.374 109.792 47.8316 37.5812 20.6648 1.8991 18.7658 7.5623 0.776243
internal_count=5184 2759 2650 1798 1053 852 642 745 210 2425 103 2322 860 65
is_linear=0
shrinkage=0.05


Tree=63
num_leaves=15
num_cat=0
split_feature=2 1 2 7 1 3 2 1 24 1 2 2 2 2
split_gain=11.3516 2.91992 4.28629 4.04015 3.36102 3.08561 5.60591 4.01741 2.72253 2.704 3.26933 1.66383 1.402 1.14166
threshold=0.29514934122562414 0.6254770992366413 0.37492474913597112 1.0000000180025095e-35 0.60424160671462845 1.0000000180025095e-35 0.33776269853115087 0.85620300751879708 0.2142857142857143 0.61311827956989262 0.42945313453674322 0.49211168289184576 0.41432008147239691 0.22072704136371615
decision_type=2 2 2 2 2 2 2 2 2 2 2 2 2 2
left_child=13 4 5 8 11 7 -7 -3 -4 -6 -11 12 -2 -1
right_child=1 2 3 -5 9 6 -8 -9 -10 10 -12 -13 -14 -15
leaf_value=-0.0454295848866276 0.0075039878753126081 -0.029021967862933731 0.0043324259356956069 -0.05943303977054102 0.086512850403385133 -0.051185892875885222 0.14812892324782018 0.049683027355457952 0.048814615852459671 -0.0017842064432501054 0.095052415742233332 -0.033167059349779919 0.047481762059954101 -0.023226807136634386
leaf_weight=9.6352623230777699 13.944941148161897 20.402319774031646 196.37006492726505 2.4542398490011683 2.8466274589300147 0.67232548352330812 0.74226296134293079 1.7613420356065024 3.5011927448213092 3.2595129478722811 1.1897462755441663 2.12907551229 2.602311134338378 14.506809209473429
leaf_count=1243 164 689 1418 25 31 34 14 17 31 55 5 9 11 1424
internal_value=0.000663707 0.00380293 0.00197755 0.00432869 0.01968 -0.0181977 0.0533986 -0.0227673 0.00511163 0.0484578 0.0241102 0.00843794 0.0137911 -0.0320881
internal_weight=276.018 251.876 225.904 202.325 25.9722 23.5783 1.41459 22.1637 199.871 7.29589 4.44926 18.6763 16.5473 24.1421
internal_count=5170 2503 2228 1474 275 754 48 706 1449 91 60 184 175 2667
is_linear=0
shrinkage=0.05


Tree=64
num_leaves=15
num_cat=0
split_feature=2 2 0 1 0 2 2 1 2 0 3 1 1 2
split_gain=11.5234 3.98852 5.83644 5.25726 4.01423 4.09263 4.52617 4.04356 5.68764 3.76078 2.74501 2.22073 6.08841 7.4166
threshold=0.31555154919624334 0.74332118034362804 0.86568199841395732 0.90990259740259749 0.52290209790209796 0.46236699819564825 0.4410898238420487 0.88589511754068728 0.4792556911706925 0.39357170517619727 1.0000000180025095e-35 0.6254770992366413 0.62306961273461636 0.2452235817909241
decision_type=2 2 2 2 2 2 2 2 2 2 2 2 2 2
left_child=9 4 -3 -4 5 6 -2 8 -6 -1 -7 12 -11 -14
right_child=1 2 3 -5 7 10 -8 -9 -10 11 -12 -13 13 -15
leaf_value=0.03599182702260819 0.014624319660318656 0.050464613685463823 -0.053631093831648047 0.035946730271457526 -0.010033761031590682 0.075089299100183693 -0.042750887660262651 -0.018025149483589176 0.0090770565830531457 -0.028486824556650189 0.012971823774162934 -0.050646130361540642 -0.050438694776598375 0.33508629656495437
leaf_weight=1.9400329040363455 26.01988998986781 9.6930332928895968 3.4097315520048133 3.1521453782916069 69.284634676761925 4.2057532891631118 3.9605444446206084 35.234569780528545 88.871486730873585 13.528950327541679 3.0816846787929535 13.348973192274569 0.2408510693348952 0.25879246927797794
leaf_count=30 205 74 14 28 1102 25 22 228 475 1511 25 1388 29 13
internal_value=-0.00164389 0.00187508 0.0258135 -0.0106004 0.000188097 0.0152139 0.00704481 -0.00270748 0.000705038 -0.0312807 0.0488213 -0.0360478 -0.0221567 0.149246
internal_weight=276.231 246.913 16.2549 6.56188 230.659 37.2679 29.9804 193.391 158.156 29.3176 7.28744 27.3776 14.0286 0.499644
internal_count=5169 2198 116 42 2082 277 227 1805 1577 2971 50 2941 1553 42
is_linear=0
shrinkage=0.05


Tree=65
num_leaves=15
num_cat=0
split_feature=2 7 2 2 16 24 1 0 0 1 0 2 2 1
split_gain=11.8797 3.78488 3.73419 3.89659 3.83098 3.7323 3.37131 1.19326 2.24889 5.17737 1.04833 0.951406 4.2198 0.641809
threshold=0.2833476066589356 1.0000000180025095e-35 0.37118558585643774 0.28583408892154699 1.0000000180025095e-35 0.2142857142857143 0.64599358974358989 0.46741109357931798 0.46388405797101451 0.61746550472040684 0.56620470863249295 0.22167789936065677 0.21936068683862689 0.53169171254277647
decision_type=2 2 2 2 2 2 2 2 2 2 2 2 2 2
left_child=7 2 3 10 6 -5 -4 8 11 -10 -2 12 -1 -9
right_child=1 -3 4 5 -6 -7 -8 13 9 -11 -12 -13 -14 -15
leaf_value=-0.023219922255163561 0.069591411255723351 -0.058801236358284027 0.027819298828865587 -0.015570035088485888 -0.047024730501103944 0.11917286874287202 0.0046274723658816068 -0.009023717796827058 -0.050419295735680505 0.37884955379973545 0.21115894073742983 -0.051069635877861175 0.23426617635587688 -0.046956658767374961
leaf_weight=1.7602708134800229 0.41483884491026302 2.4934431612491599 17.067012164741755 35.876195264048874 3.3941774712875477 0.52139958739280601 191.43356768041849 1.2079769568517793 0.17706014867871989 0.11642929026857018 0.19097238034009933 1.7177024600096045 0.17493283515796054 14.502913297619669
leaf_count=166 25 31 94 1056 62 11 1380 165 23 14 15 145 9 1952
internal_value=-0.000432342 0.00249474 0.0031088 -0.0115466 0.00566808 -0.0136398 0.00652586 -0.037866 -0.0132863 0.119875 0.114218 -0.023985 5.55471e-05 -0.0440401
internal_weight=271.049 251.392 248.898 37.0034 211.895 36.3976 208.501 19.6573 3.9464 0.293489 0.605811 3.65291 1.9352 15.7109
internal_count=5148 2674 2643 1107 1536 1067 1474 2474 357 37 40 320 175 2117
is_linear=0
shrinkage=0.05


Tree=66
num_leaves=15
num_cat=0
split_feature=1 16 15 0 0 1 0 1 1 0 0 0 0 0
split_gain=3.07156 2.67186 2.0631 2.85938 2.18338 1.43089 3.50714 3.37417 0.808768 3.34294 0.650442 1.40659 0.169928 0.0125279
threshold=0.94998610725201449 1.0000000180025095e-35 1.0000000180025095e-35 0.77581480353335375 0.68048396334478822 0.70042735042735049 0.68217893217893233 0.71248622264210371 0.73860013860013873 0.63390485390002427 0.63390485390002427 0.8452991452991454 0.74682730923694784 0.75532879818594112
decision_type=2 2 2 2 2 2 2 2 2 2 2 2 2 2
left_child=1 2 5 4 -4 6 -1 -7 9 -3 -2 12 -12 -10
right_child=10 8 3 -5 -6 7 -8 -9 13 -11 11 -13 -14 -15
leaf_value=-0.010623175315778421 0.004424877028293645 -0.053788736607744025 0.016917317301500444 0.074513599599469668 -0.026593899146660452 0.030608861838216442 0.044396284917713878 -0.001265539317760923 -0.053824478235739062 0.079667345437262935 0.078766677557242759 0.010176818544828055 0.05396472580158658 -0.061488026095146156
leaf_weight=65.433996465522796 1.6303894370794285 1.6416970957070582 15.156490725465124 1.8063675761222828 3.5604399871081105 8.7511074142530543 3.030562173575162 162.06379248900339 2.0195414545014505 0.65703116916120041 1.0276103466749194 2.2346469014883041 2.105860099196434 0.72463149949908245
leaf_count=2581 18 117 453 9 30 286 34 1497 57 15 15 29 32 9
internal_value=-0.000611255 -0.00147522 -0.000775541 0.0144382 0.00864037 -0.00208045 -0.00818776 0.000367435 -0.0375216 -0.0156438 0.0320839 0.0404844 0.0620984 -0.0558481
internal_weight=271.844 264.846 259.803 20.5233 18.7169 239.279 68.4646 170.815 5.0429 2.29873 6.99851 5.36812 3.13347 2.74417
internal_count=5182 5088 4890 492 483 4398 2615 1783 198 132 94 76 47 66
is_linear=0
shrinkage=0.05


Tree=67
num_leaves=15
num_cat=0
split_feature=2 2 1 0 0 2 2 0 2 1 1 0 0 2
split_gain=10.3305 3.91662 4.38415 7.59773 5.90761 4.67738 4.083 3.42615 2.43458 3.06313 7.34046 3.52711 3.1408 2.35794
threshold=0.32733616232872015 0.61814457178115856 0.73797965788257069 0.47641299510458396 0.68726145038167952 0.45155596733093267 0.33554983139038091 0.71791895314478704 0.22072704136371615 0.6254770992366413 0.62306961273461636 0.39357170517619727 0.63780609695152435 0.80057606101036083
decision_type=2 2 2 2 2 2 2 2 2 2 2 2 2 2
left_child=8 2 4 -4 6 -5 -2 -3 -1 10 12 -11 -10 -9
right_child=1 7 3 5 -6 -7 -8 13 9 11 -12 -13 -14 -15
leaf_value=-0.050513806192142942 0.050644889377067306 0.042624729387010431 0.054889065636185702 -0.027550265221196558 0.051552124850994953 -0.0032644778870107648 0.0011503950049908968 0.0041903415761409164 -0.010584342535989803 0.0479022318443484 0.22340927257206045 -0.042447885378766301 0.18373568986919903 0.037987600372874686
leaf_weight=8.4433930953964609 4.4669373854994765 9.4595874696969968 4.8152071908116332 26.427383464761078 7.4064807351678601 79.372288251295686 62.021562736481428 34.666540652513504 8.5951848234981281 1.1862148195505131 0.36344923265278417 12.085752593353389 0.21309906477108675 6.0633380375802508
leaf_count=1238 61 71 29 433 58 509 625 180 669 10 15 1172 14 54
internal_value=-0.000444321 0.00313302 -0.000235714 -0.00653518 0.00919408 -0.00933075 0.00447561 0.0155174 -0.0276272 -0.0190171 0.00320304 -0.0343726 -0.00588315 0.00922164
internal_weight=265.586 234.699 184.51 110.615 73.895 105.8 66.4885 50.1895 30.8871 22.4437 9.17173 13.272 8.80828 40.7299
internal_count=5138 2020 1715 971 744 942 686 305 3118 1880 698 1182 683 234
is_linear=0
shrinkage=0.05


Tree=68
num_leaves=15
num_cat=0
split_feature=2 0 16 0 3 0 7 0 2 1 0 15 1 0
split_gain=10.6332 3.07812 2.86225 2.69889 3.42545 5.76921 3.05113 2.3399 2.32473 5.45681 7.11328 2.60317 1.30537 1.03268
threshold=0.32733616232872015 0.37271518777002333 1.0000000180025095e-35 0.50125628140703526 1.0000000180025095e-35 0.68726145038167952 1.0000000180025095e-35 0.49494743288761872 0.23370204865932467 0.57247899159663873 0.59142682180036743 1.0000000180025095e-35 0.73375527426160347 0.65232809127351232
decision_type=2 2 2 2 2 2 2 2 2 2 2 2 2 2
left_child=1 -1 3 7 6 -6 -5 12 -3 10 -10 -11 -2 -4
right_child=2 8 13 4 5 -7 -8 -9 9 11 -12 -13 -14 -15
leaf_value=0.048706042960763016 0.0060740198480131839 -0.050379091931921798 -0.0083079077224074531 0.002598016128975754 0.008500721803053243 0.092701664826738098 -0.058454645394919347 0.067757841424057247 0.01400412236160499 -0.039991462074807575 0.26264596395753176 0.023660007772629194 0.031226060961904833 -0.058489080205964994
leaf_weight=1.2839154899120355 13.252346936613327 9.6846666531637329 1.8192966133356083 199.1423910446465 7.3922287672758085 2.8067508190870285 2.0676547773182383 2.413938805460929 3.052524695172909 13.948084346950051 0.31757395854219783 1.8153568636626012 8.4462729133665544 2.3489730544388294
leaf_count=15 82 1504 36 1712 64 21 24 13 200 1305 13 93 54 47
internal_value=0.000966572 -0.0270435 0.00448429 0.00521117 0.00340355 0.0316728 0.00197063 0.0210597 -0.0304183 -0.0203149 0.0374343 -0.0326612 0.0158646 -0.0365868
internal_weight=269.792 30.1021 239.69 235.522 211.409 10.199 201.21 24.1126 28.8182 19.1335 3.3701 15.7634 21.6986 4.16827
internal_count=5183 3130 2053 1970 1821 85 1736 149 3115 1611 213 1398 136 83
is_linear=0
shrinkage=0.05


Tree=69
num_leaves=15
num_cat=0
split_feature=2 16 2 0 2 0 0 2 0 1 2 1 2 0
split_gain=8.66261 3.99456 3.53225 3.08513 4.07439 1.48361 2.29914 1.30497 1.20573 0.788212 3.25682 4.66253 1.16653 0.208434
threshold=0.26933954656124121 1.0000000180025095e-35 0.80057606101036083 0.85825892857142871 0.74332118034362804 0.42802617230098156 0.4206712433257056 0.19571547955274585 0.8755952380952382 0.57247899159663873 0.25840035080909735 0.54816615112682288 0.23370204865932467 0.65232809127351232
decision_type=2 2 2 2 2 2 2 2 2 2 2 2 2 2
left_child=5 2 3 4 -2 6 7 -1 -4 10 12 -12 -7 -3
right_child=1 13 8 -5 -6 9 -8 -9 -10 -11 11 -13 -14 -15
leaf_value=0.047712681832987054 0.00050993139222469948 -0.036142679850492784 0.063510833199574623 -0.039757759147613786 0.041619836134653948 -0.050294434217548013 0.14445527916385348 -0.052151011917383777 0.019524505699028229 -0.050352950237968576 -0.050466067330472458 0.3851400623425702 0.022535161361871944 -0.05847163780862849
leaf_weight=0.49699956318363436 232.19390989141539 2.0514229317195705 2.7493636943399897 4.6013460010290137 6.1877312883734694 2.7797474809922278 0.25608189869672049 0.95714835403487086 3.5952285453677177 10.036984397564082 0.13212938699871291 0.11480250488966703 0.68538796296343196 2.1306144436821342
leaf_count=26 2692 70 26 21 48 480 21 54 31 1553 15 15 86 45
internal_value=-0.00127277 0.000943085 0.00175595 0.000794278 0.00157703 -0.0376095 0.00630869 -0.0180195 0.0385855 -0.0430724 -0.0233868 0.152054 -0.0358891 -0.0475186
internal_weight=268.969 253.51 249.328 242.983 238.382 15.4593 1.71023 1.45415 6.34459 13.7491 3.71207 0.246932 3.46514 4.18204
internal_count=5183 2933 2818 2761 2740 2250 101 80 57 2149 596 30 566 115
is_linear=0
shrinkage=0.05


Tree=70
num_leaves=9
num_cat=0
split_feature=0 0 0 24 1 15 1 1
split_gain=2.95071 4.17631 2.57422 3.97733 8.03248 1.80367 1.95836 1.58609
threshold=0.89214649620301845 0.8755952380952382 0.82124060150375955 1.0000000180025095e-35 0.86807079128272646 1.0000000180025095e-35 0.61746550472040684 0.94998610725201449
decision_type=2 2 2 2 2 2 2 2
left_child=1 2 5 4 -4 7 -7 -1
right_child=-2 -3 3 -5 -6 6 -8 -9
leaf_value=-0.0032989623985798092 0.042360581378243889 -0.070521592542658398 -0.062258546697552999 0.074504820233863039 0.044353570134144177 -0.037775944834363466 0.017659892982006584 0.028053668305861829
leaf_weight=224.8574384697713 3.9776588529348365 2.1443453207612029 2.7990124672651273 2.8281487748026848 4.7906373851001263 1.7440136484801794 18.414953165687621 4.1075295135378829
leaf_count=4531 29 10 15 21 31 195 297 56
internal_value=-0.00038032 -0.00102999 -0.000455844 0.0238947 0.00503573 -0.00147413 0.012864 -0.00273651
internal_weight=265.664 261.686 259.542 10.4178 7.58965 249.124 20.159 228.965
internal_count=5185 5156 5146 67 46 5079 492 4587
is_linear=0
shrinkage=0.05


Tree=71
num_leaves=15
num_cat=0
split_feature=16 15 1 0 0 1 24 1 1 0 0 0 3 0
split_gain=2.25459 1.63325 2.05548 4.15748 3.36393 1.94955 3.02809 1.90661 7.66074 3.70711 1.75433 1.53933 0.805465 1.258
threshold=1.0000000180025095e-35 1.0000000180025095e-35 0.70042735042735049 0.72438780609695164 0.57525293222311769 0.71248622264210371 1.0000000180025095e-35 0.61746550472040684 0.63438086303939978 0.5047636330641504 0.45189340813464246 0.77581480353335375 1.0000000180025095e-35 0.65989690721649474
decision_type=2 2 2 2 2 2 2 2 2 2 2 2 2 2
left_child=1 2 3 4 -1 6 -4 -3 9 -9 -7 -10 -2 -14
right_child=12 7 5 -5 -6 10 -8 8 11 -11 -12 -13 13 -15
leaf_value=-0.0026461956050728235 -0.046637760398990868 -0.037623432030490657 0.03520259902427416 0.092241472464097418 -0.02621993905018858 0.028026806307149606 -0.052084553065730156 0.29944919142945409 0.0039613471288940244 0.090349339639743384 -0.0017294630194386572 0.051826272313725712 0.069891977349833267 -0.053331795522100302
leaf_weight=39.970377534627914 3.7304458059370509 1.7739204228855694 7.4610814051702601 0.97910160757601161 24.353701661340892 5.1092158402316263 1.1462378082796929 0.28518211608752853 16.53906054189429 0.82564021460711956 162.31848065275699 1.8695956617593754 0.41145454719662655 0.41708347201347351
leaf_count=1772 166 196 166 8 828 56 113 22 249 28 1550 12 22 8
internal_value=-0.00187279 -0.00126765 -0.00243886 -0.010015 -0.0115714 0.000371627 0.0235786 0.0120067 0.0165171 0.144032 -0.000821422 0.00882254 -0.0367332 0.00786151
internal_weight=267.191 262.632 241.338 65.3032 64.3241 176.035 8.60732 21.2934 19.5195 1.11082 167.428 18.4087 4.55898 0.828538
internal_count=5196 5000 4493 2608 2600 1885 279 507 311 50 1606 261 196 30
is_linear=0
shrinkage=0.05


Tree=72
num_leaves=15
num_cat=0
split_feature=2 2 1 1 18 1 24 1 1 2 1 2 0 1
split_gain=7.15151 2.50678 3.94483 6.26568 6.18608 3.80744 2.76163 3.43447 2.62207 6.42905 3.84682 2.01745 1.19707 1.76656
threshold=0.27938234806060797 0.59123077988624584 0.88589511754068728 0.88669519548725939 1.0000000180025095e-35 0.76689497716894994 1.0000000180025095e-35 0.8953802416488984 0.85825892857142871 0.5587105154991151 0.8128434065934067 0.64278480410575878 0.42802617230098156 0.67873525557011816
decision_type=2 2 2 2 2 2 2 2 2 2 2 2 2 2
left_child=12 2 8 -4 -5 -3 11 -8 10 -10 -2 -7 13 -1
right_child=1 5 3 4 -6 6 7 -9 9 -11 -12 -13 -14 -15
leaf_value=0.052322135021930206 0.00373948699052222 0.058547011370134822 -0.073004685073357958 0.014246273557412842 -0.057927231932113223 -0.016040930201903555 0.052921283325269769 0.0060322522308115601 0.04911873075997969 -0.039521620013297717 -0.017609060272299925 0.0081357209225003321 -0.03655574411157652 -0.052039363482759185
leaf_weight=0.96011880319565779 133.00684928940609 3.9609418287873259 4.5754229351878193 10.579750522971151 4.1270886585116378 12.162872843444346 6.6742135137319591 9.4135425463318807 7.8504668045788986 2.7664864063262939 25.079948080237955 29.697027273476124 14.482085444498805 0.70196713972836733
leaf_count=64 1892 23 31 71 40 64 35 77 59 15 260 181 2330 39
internal_value=0.000309485 0.00239314 -0.000480696 -0.0219049 -0.00600733 0.0111196 0.00787773 0.0254848 0.00196802 0.0260215 0.000352611 0.00111092 -0.0319433 0.00824599
internal_weight=266.039 249.895 187.986 19.2823 14.7068 61.9086 57.9477 16.0878 168.704 10.617 158.087 41.8599 16.1442 1.66209
internal_count=5181 2748 2368 142 111 380 357 112 2226 74 2152 245 2433 103
is_linear=0
shrinkage=0.05


Tree=73
num_leaves=15
num_cat=0
split_feature=2 2 0 1 1 2 1 1 2 0 18 0 2 2
split_gain=9.30667 3.63707 5.18121 3.75317 3.68682 5.32176 5.71594 3.73146 2.53927 2.21107 3.69282 1.57721 1.42761 2.4774
threshold=0.27938234806060797 0.68556499481201183 0.8452991452991454 0.89258241758241763 0.6254770992366413 0.40462234616279608 0.88589511754068728 0.84924242424242424 0.74332118034362804 0.64165023936919197 1.0000000180025095e-35 0.42802617230098156 0.22167789936065677 0.19004724919795993
decision_type=2 2 2 2 2 2 2 2 2 2 2 2 2 2
left_child=11 4 8 -4 9 7 -7 -6 -3 10 -2 12 13 -1
right_child=1 2 3 -5 5 6 -8 -9 -10 -11 -12 -13 -14 -15
leaf_value=-0.051265539716478618 0.018517424689316456 0.020870716265713612 -0.056654334277555188 0.014256163012647084 -0.023303828450950043 0.0069458203811136807 -0.016993600035162613 0.031125268054530048 0.061954184767748721 0.06436548122100115 -0.054597789846148319 -0.043063489706437363 -0.051173974010128631 0.10779459015504322
leaf_weight=0.40453421790152677 24.197400851175196 8.8558673709630984 2.8991099596023542 5.2365510351955891 35.256666760891676 126.9222221840173 31.030591282993555 3.4577055014669886 6.5376505739986888 2.3074029255658379 1.859684633091091 13.735078865196554 0.61923525389283884 0.61997383087873459
leaf_count=33 326 54 12 43 1104 869 208 40 60 16 24 2299 50 17
internal_value=0.000221684 0.00255708 0.0212616 -0.0110125 0.000601338 -0.00182916 0.00224281 -0.0184426 0.0383189 0.0174534 0.0132992 -0.0375242 0.00876197 0.0449886
internal_weight=263.94 248.561 23.5292 8.13566 225.032 196.667 157.953 38.7144 15.3935 28.3645 26.0571 15.3788 1.64374 1.02451
internal_count=5155 2756 169 55 2587 2221 1077 1144 114 366 350 2399 100 50
is_linear=0
shrinkage=0.05


Tree=74
num_leaves=15
num_cat=0
split_feature=2 0 2 2 3 2 2 0 0 1 1 1 0 0
split_gain=8.08296 3.33475 5.2752 7.85882 4.05819 3.55936 3.26205 3.35397 2.92101 2.52344 2.30915 2.24008 6.51367 2.97977
threshold=0.33099012076854711 0.57856437444773656 0.43765561282634741 0.44538401067256933 1.0000000180025095e-35 0.33554983139038091 0.3479208648204804 0.56425987100833741 0.46741109357931798 0.94998610725201449 0.75809822361546508 0.57247899159663873 0.61034790365744873 0.5267237862097105
decision_type=2 2 2 2 2 2 2 2 2 2 2 2 2 2
left_child=8 5 4 -4 -3 -2 10 -8 -1 -5 -7 12 13 -10
right_child=1 2 3 9 -6 6 7 -9 11 -11 -12 -13 -14 -15
leaf_value=0.0038221862216462261 0.059480554707170556 -0.02586308327583316 0.082716905243246014 -0.0011028900089022332 0.066117488050270609 -0.05603656887497558 0.0071229276496318954 0.044317096640022598 -0.053009294399106316 0.032852506361554568 0.028192806739312171 -0.042661281169553901 0.35258344132666475 0.022019197827225813
leaf_weight=6.4538437542505589 3.6576609984040251 26.797360126860443 2.9499857965856782 136.03294816147536 1.2553456556051958 3.0889215655624858 46.836327768862247 6.9620205610990515 2.5698648691177395 5.7009145431220523 1.104710830375552 17.989190356340259 0.12375496979802836 2.7282211976125836
leaf_count=421 30 593 27 803 23 48 328 69 296 87 12 2149 10 306
internal_value=-0.00146195 0.00165953 -0.00190341 0.00194406 -0.021747 0.0116426 0.00862534 0.0119362 -0.02596 0.000262887 -0.0338484 -0.0341703 -0.00599788 -0.0143738
internal_weight=264.251 234.386 172.737 144.684 28.0527 61.6496 57.992 53.7983 29.8649 141.734 4.19363 23.411 5.42184 5.29809
internal_count=5202 2020 1533 917 616 487 457 397 3182 890 60 2761 612 602
is_linear=0
shrinkage=0.05


Tree=75
num_leaves=15
num_cat=0
split_feature=2 15 1 2 0 0 0 0 1 0 0 0 1 1
split_gain=7.34167 2.76812 3.00459 2.56647 4.79398 4.79935 4.12128 3.46028 2.00821 1.8744 4.17812 1.51918 1.54981 1.68344
threshold=0.26933954656124121 1.0000000180025095e-35 0.63606261288380506 0.63598412275314342 0.74347628772407548 0.72438780609695164 0.82807881773399028 0.71791895314478704 0.86807079128272646 0.77581480353335375 0.68726145038167952 0.42802617230098156 0.67873525557011816 0.59549138804457968
decision_type=2 2 2 2 2 2 2 2 2 2 2 2 2 2
left_child=11 3 -3 4 5 -2 -6 -5 -9 10 -4 12 13 -1
right_child=1 2 9 7 6 -7 -8 8 -10 -11 -12 -13 -14 -15
leaf_value=-0.050702573770820158 -0.00088753331169795003 0.083699340512184334 0.022267166237907685 0.046218124209195591 -0.035441708487230404 0.037377743068632154 0.043336633986563816 -0.012618564367881682 0.013740513243511714 0.059388169755175114 -0.041678642657558385 -0.041784966551862382 -0.051853349703591192 0.091953790348327499
leaf_weight=0.29559666197746881 162.75896261679009 1.7309600152075315 11.857672768179329 6.3536649234592906 15.133741621859373 8.6287462627515179 1.8647595494985569 10.161933824419974 25.008860368281603 2.0549029894173136 3.2558345748111597 11.740118159446864 0.61948834080249071 0.68844133568927646
leaf_count=29 2303 22 104 51 123 54 12 46 162 13 30 2148 37 33
internal_value=0.000581587 0.00251932 0.0209137 0.00100724 -0.00147295 0.00103898 -0.0267996 0.0122593 0.00612456 0.0145835 0.00849161 -0.0355499 0.0100994 0.049101
internal_weight=262.154 248.81 18.8994 229.911 188.386 171.388 16.9985 41.5245 35.1708 17.1684 15.1135 13.3436 1.60353 0.984038
internal_count=5167 2920 169 2751 2492 2357 135 259 208 147 134 2247 99 62
is_linear=0
shrinkage=0.05


Tree=76
num_leaves=15
num_cat=0
split_feature=2 7 24 16 1 1 1 0 0 2 1 1 15 2
split_gain=6.58696 3.38679 3.98462 2.62767 2.51742 2.36674 1.64283 1.37663 1.50527 1.39665 0.70349 9.28464 0.444109 2.18527
threshold=0.26933954656124121 1.0000000180025095e-35 0.2142857142857143 1.0000000180025095e-35 0.6254770992366413 0.80829572318934029 0.76154939587775416 0.42802617230098156 0.4206712433257056 0.19571547955274585 0.53169171254277647 0.52883062600930952 1.0000000180025095e-35 0.2452235817909241
decision_type=2 2 2 2 2 2 2 2 2 2 2 2 2 2
left_child=7 2 3 4 -2 6 -4 8 9 -1 11 -9 -12 -14
right_child=1 -3 5 -5 -6 -7 -8 10 -10 -11 12 -13 13 -15
leaf_value=0.054768009062380087 0.015722924128654166 -0.058439662495663361 0.043050575142092956 -0.045189897113633359 -0.0004624497396166742 0.010380328494127549 0.12952872427244294 -0.050286598782481484 0.10407421050844019 -0.052283911076830086 -0.050268698392193167 0.46185788492495039 -0.050324391520071357 0.086734381236956218
leaf_weight=0.46016134647652396 27.116206739097834 2.3692262610420576 1.1115371556952589 3.0676758876070371 210.69359997473657 1.9777691811323164 1.0855198949575422 0.9472822407260526 0.32214916124939907 0.90170187642797828 8.5467877935152465 0.097614448517560959 1.4649087237194187 0.36286248546093691
leaf_count=22 401 35 23 87 2357 24 8 177 21 53 1679 15 269 30
internal_value=-0.000775496 0.00105413 0.00162933 0.000789957 0.00138308 0.0500591 0.0857776 -0.0353227 0.00687943 -0.016112 -0.0415462 -0.00244196 -0.0454847 -0.0231145
internal_weight=260.525 247.422 245.052 240.877 237.81 4.17483 2.19706 13.1035 1.68401 1.36186 11.4195 1.0449 10.3746 1.82777
internal_count=5201 2935 2900 2845 2758 55 31 2266 96 75 2170 192 1978 299
is_linear=0
shrinkage=0.05


Tree=77
num_leaves=15
num_cat=0
split_feature=2 16 2 0 2 2 0 0 0 0 2 2 2 1
split_gain=5.98495 2.15416 1.95595 2.14597 5.87596 2.48069 1.7561 4.56958 1.52637 1.42679 1.33311 0.848612 2.37248 0.733974
threshold=0.26933954656124121 1.0000000180025095e-35 0.80057606101036083 0.59498901558740469 0.43765561282634741 0.5234651267528535 0.8755952380952382 0.90815370196813505 0.42802617230098156 0.4206712433257056 0.20523669570684436 0.35989569127559667 0.33099012076854711 0.53169171254277647
decision_type=2 2 2 2 2 2 2 2 2 2 2 2 2 2
left_child=8 2 3 5 -5 -2 -4 -8 9 10 -1 12 -3 -10
right_child=1 11 6 4 -6 -7 7 -9 13 -11 -12 -13 -14 -15
leaf_value=0.055195016721630054 0.0048488386101822843 -0.051225541252978048 0.061665877392027571 -0.024338748031020475 0.0017503776349398214 0.036327197485206623 -0.050978253457937245 0.062336407595595771 -0.00029534825474010327 0.10642042915445829 -0.052314384037419961 -0.045774375749335551 0.13388471849618191 -0.045249420953459817
leaf_weight=0.45839898707345017 74.390846631489694 0.50235953694209357 2.5094008706510058 25.783425115048885 132.46018605679274 6.8336900472640982 1.7372346743941309 1.8236660733819006 0.99968853639438648 0.31737342383712519 0.77726989239454269 3.343862478621304 0.26408783905208111 9.8992625875398499
leaf_count=22 1180 39 28 764 794 55 10 21 184 21 47 71 5 1968
internal_value=-0.0006872 0.00100021 0.00160114 0.000890628 -0.00250045 0.00749722 0.0296302 0.00705428 -0.0345179 0.0118567 -0.0124314 -0.0348975 0.0125562 -0.0411261
internal_weight=262.101 249.649 245.538 239.468 158.244 81.2245 6.0703 3.5609 12.452 1.55304 1.23567 4.11031 0.766447 10.899
internal_count=5209 2967 2852 2793 1558 1235 59 31 2242 90 69 115 44 2152
is_linear=0
shrinkage=0.05


Tree=78
num_leaves=15
num_cat=0
split_feature=2 2 2 1 1 0 2 1 2 24 0 0 0 0
split_gain=6.43277 1.98382 4.30182 2.72015 7.70432 2.33889 2.19929 4.2585 2.08326 5.13098 1.93353 1.47055 1.13773 0.823599
threshold=0.23370204865932467 0.32923825085163122 0.23472332954406741 0.6254770992366413 0.61242875528589824 0.37271518777002333 0.33554983139038091 0.70357598978288649 0.3479208648204804 1.0000000180025095e-35 0.74347628772407548 0.37271518777002333 0.52985792720892066 0.48666429587482224
decision_type=2 2 2 2 2 2 2 2 2 2 2 2 2 2
left_child=11 2 -2 4 -4 -5 7 12 9 -8 -10 -1 -3 -9
right_child=1 6 3 5 -6 -7 8 13 10 -11 -12 -13 -14 -15
leaf_value=0.033821005886634531 0.23182047438975492 0.041321392984460505 -0.017690585211279714 0.051744990733537624 0.10316707143652487 -0.040218454425385602 -0.054257149509516989 0.015988854510302474 0.0059860022031861145 0.063702665689834695 -0.0049299504191005943 -0.050323270492287436 0.099076112521898269 -0.054640747109637261
leaf_weight=0.55983002111315627 0.17714057257399218 1.8487653322517865 7.1217935131862777 0.74661287665367027 1.6182704642415044 9.3467270624823851 4.170532099902629 0.66521235555410374 169.81394608132541 1.1834783162921665 53.298850803636014 7.1619305275380611 1.5827118810266254 1.0875225188210604
leaf_count=8 23 13 464 5 117 1022 100 6 1476 15 357 1505 30 29
internal_value=0.000731783 0.00210567 -0.0134267 -0.0157334 0.00468687 -0.0334158 0.00336943 0.0355725 0.0026387 -0.0281827 0.00337832 -0.0442228 0.0679598 -0.0278348
internal_weight=260.383 252.662 19.0105 18.8334 8.74006 10.0933 233.651 5.18421 228.467 5.35401 223.113 7.72176 3.43148 1.75273
internal_count=5170 3657 1631 1608 581 1027 2026 78 1948 115 1833 1513 43 35
is_linear=0
shrinkage=0.05


Tree=79
num_leaves=15
num_cat=0
split_feature=2 15 0 2 1 2 1 1 0 0 2 1 0 0
split_gain=3.96649 2.64071 3.85474 3.33948 3.25964 3.24589 4.78111 5.74452 3.96191 5.50418 4.14805 3.47522 1.96226 1.47079
threshold=0.22072704136371615 1.0000000180025095e-35 0.50442616529573059 0.37738516926765447 0.76349757113115901 0.43465526401996618 0.61311827956989262 0.61185250219490794 0.65050445685179747 0.65660248376438435 0.5587105154991151 0.90694158075601383 0.46588642106663125 0.37271518777002333
decision_type=2 2 2 2 2 2 2 2 2 2 2 2 2 2
left_child=13 5 4 -4 12 6 7 -2 10 -10 -7 -8 -3 -1
right_child=1 2 3 -5 -6 8 11 -9 9 -11 -12 -13 -14 -15
leaf_value=0.035798372965968349 0.0035064644395230975 0.075269318368053173 -0.040742552379210421 0.018009279858503393 0.00080504676270661251 0.005062079602217366 -0.020589164978776501 0.12330428234569052 -0.069869461570481947 -0.0024298241729551317 0.039687938746630402 0.066314851396909333 0.19072200349665516 -0.050295346089884618
leaf_weight=0.54528683423995872 17.991208752151582 0.99970517074689558 2.9425362916663316 13.58557212166488 0.95525381714105595 40.006668379530311 55.460103786550462 1.0596182052977372 3.117968510836362 102.06043221242726 11.035095095634459 1.1747498735785473 0.58246689150109887 5.4967463319189847
leaf_count=7 603 25 100 91 19 224 2034 34 19 660 84 9 21 1246
internal_value=-0.00249267 -0.0015289 0.0163586 0.00754956 0.0737383 -0.00299947 -0.011498 0.0101697 0.00111789 -0.00442904 0.0125481 -0.0187866 0.117773 -0.0425255
internal_weight=257.013 250.971 19.0655 16.5281 2.53743 231.906 75.6857 19.0508 156.22 105.178 51.0418 56.6349 1.58217 6.04203
internal_count=5176 3923 256 191 65 3667 2680 637 987 679 308 2043 46 1253
is_linear=0
shrinkage=0.05


Tree=80
num_leaves=15
num_cat=0
split_feature=2 2 2 0 0 5 16 1 0 0 1 0 0 0
split_gain=7.11473 3.52638 2.2601 3.53949 4.88447 3.12295 2.64544 2.56043 0.69463 0.581646 2.74775 0.348115 0.00096638 4.29724e-05
threshold=0.2452235817909241 0.80057606101036083 0.38893811404705053 0.59498901558740469 0.59069264069264082 1.0000000180025095e-35 1.0000000180025095e-35 0.88589511754068728 0.8755952380952382 0.42802617230098156 0.59731240981240996 0.65232809127351232 0.37271518777002333 0.39357170517619727
decision_type=2 2 2 2 2 2 2 2 2 2 2 2 2 2
left_child=9 2 3 4 -2 -5 7 -4 -3 10 -1 -8 -12 -14
right_child=1 8 6 5 -6 -7 11 -9 -10 -11 12 -13 13 -15
leaf_value=0.12351346329518316 -0.0040299563580413339 0.061007111741932553 0.0068235188380277815 0.057456245787949292 0.11335725620860936 -0.038882982651134275 -0.022766810282985057 -0.0071688211595899894 0.025101886448455325 -0.050238580705125602 -0.054394102136420278 -0.057948459131680397 -0.051733595623591248 -0.050883822921114569
leaf_weight=0.2841466828249376 37.320577868726104 2.4550857730209819 150.06380996480584 0.90701631410047312 0.90772170759737392 11.59247524384409 1.1640278585255139 41.801682852208614 2.9845856763422489 7.3028393001295626 0.36507034488022305 1.7757433997467158 0.22923293057829142 0.42385845864191651
leaf_count=19 1317 29 1016 34 48 610 21 299 28 1706 6 40 9 36
internal_value=-4.47813e-05 0.001488 0.000605833 -0.00879478 -0.00124263 -0.0318922 0.00305378 0.00377501 0.041307 -0.0447491 -0.0139662 -0.044018 -0.0523338 -0.0511821
internal_weight=259.578 250.973 245.533 50.7278 38.2283 12.4995 194.805 191.865 5.43967 8.60515 1.30231 2.93977 1.01816 0.653091
internal_count=5218 3442 3385 2009 1365 644 1376 1315 57 1776 70 61 51 45
is_linear=0
shrinkage=0.05


Tree=81
num_leaves=15
num_cat=0
split_feature=2 0 0 1 1 2 0 0 1 0 2 0 0 0
split_gain=3.73502 1.99476 4.05416 3.35949 5.52944 1.69462 3.84388 3.42318 2.89847 4.30485 2.62441 1.80163 1.63883 0.000124992
threshold=0.22072704136371615 0.46741109357931798 0.46588642106663125 0.51508489993935724 0.59229629629629643 0.53128173947334301 0.71209106984969073 0.67484939759036155 0.57247899159663873 0.5267237862097105 0.38663336634635931 0.72797744890768157 0.37271518777002333 0.42802617230098156
decision_type=2 2 2 2 2 2 2 2 2 2 2 2 2 2
left_child=12 2 3 -2 -5 8 7 -7 9 -3 -10 -8 -1 -14
right_child=1 5 -4 4 -6 6 11 -9 10 -11 -12 -13 13 -15
leaf_value=0.045422256536604484 0.12223018042621757 -0.016666274136879752 0.12031872488064742 -0.075666690326907649 0.016464126939575038 0.0055891427401167397 -0.030964353631231612 0.037856458109182096 -0.018379158378798523 0.055356885235126344 -0.0021981553882000106 -0.00093116992667735511 -0.05102922760854222 -0.050191522453896548
leaf_weight=0.49176864326000114 0.65100050857291236 3.6886176040861738 0.88755889842286606 1.8267014659941221 15.016373029910026 23.254102472215891 5.5009153857827178 12.713064607232807 33.872903099516407 4.7416920429095626 96.301836497150362 54.131879957392812 0.49466052139177907 4.4612966664135456
leaf_count=6 16 110 11 48 231 149 27 67 1958 141 825 325 36 1200
internal_value=-0.000675025 0.000208422 0.0160689 0.0107798 0.00647216 -0.00103639 0.00408477 0.0169944 -0.00456861 0.0238437 -0.00640863 -0.00370163 -0.0416365 -0.0502751
internal_weight=258.034 252.587 18.3816 17.4941 16.8431 234.205 95.6 35.9672 138.605 8.43031 130.175 59.6328 5.44773 4.95596
internal_count=5150 3908 306 295 279 3602 568 216 3034 251 2783 352 1242 1236
is_linear=0
shrinkage=0.05


Tree=82
num_leaves=15
num_cat=0
split_feature=2 16 1 1 2 0 1 0 0 1 0 0 1 1
split_gain=4.33411 3.02379 2.50994 4.00144 3.89984 3.79085 3.49244 2.10849 2.0241 1.29787 9.87944 1.69433 1.92192 5.4135
threshold=0.31555154919624334 1.0000000180025095e-35 0.72314791079210472 0.70162346163917266 0.45155596733093267 0.47106647537063612 0.67379862700228854 0.65838221673355979 0.63670033670033688 0.74589722894807653 0.58735708735708747 0.37271518777002333 0.6254770992366413 0.62306961273461636
decision_type=2 2 2 2 2 2 2 2 2 2 2 2 2 2
left_child=9 2 3 6 5 -4 -2 -5 -6 11 -11 -1 13 -13
right_child=1 -3 4 7 8 -7 -8 -9 -10 10 -12 12 -14 -15
leaf_value=0.036739746272444591 0.01200465688335243 -0.04523721558323781 0.02277726307447623 0.022183936693075286 0.013504963202165252 -0.023734018204040662 -0.016731257786944436 0.067391348449726329 -0.0011825360307384514 -0.031404639485635336 0.27737752484343164 -0.025278978475700483 -0.050480735096008512 0.1399943031840204
leaf_weight=0.98046553693712368 37.075280082412064 3.5055781533010295 5.1576700564473859 8.8896271418780071 30.484656743705273 29.08730680309236 14.792045343667267 3.6334522217512122 101.7559743411839 1.7296436494216316 0.30466968589462329 9.7854977394454181 7.2712897174060336 0.5218893557321288
leaf_count=11 390 84 33 113 186 514 184 31 640 139 26 1513 1216 46
internal_value=-0.00108088 0.00085142 0.00155122 0.00993404 -0.00169094 -0.0167289 0.00380946 0.0353004 0.00220329 -0.0230731 0.0148402 -0.0272288 -0.0307967 -0.0169108
internal_weight=254.975 234.382 230.876 64.3904 166.486 34.245 51.8673 12.5231 132.241 20.5935 2.03431 18.5591 17.5787 10.3074
internal_count=5126 2175 2091 718 1373 547 574 144 826 2951 165 2786 2775 1559
is_linear=0
shrinkage=0.05


Tree=83
num_leaves=15
num_cat=0
split_feature=2 2 1 1 18 15 6 1 1 1 2 2 2 2
split_gain=4.56481 2.60888 3.64167 3.51952 4.63863 2.92139 3.53351 3.15178 1.92417 5.32336 4.56652 2.51649 0.709966 0.654945
threshold=0.2452235817909241 0.65082308650016796 0.88589511754068728 0.88669519548725939 1.0000000180025095e-35 1.0000000180025095e-35 1.0000000180025095e-35 0.63606261288380506 0.86807079128272646 0.88998899889989003 0.74332118034362804 0.69769075512886058 0.67629227042198192 0.51899543404579174
decision_type=2 2 2 2 2 2 2 2 2 2 2 2 2 2
left_child=-1 2 5 13 -5 6 -2 -7 11 -10 -11 12 -3 -4
right_child=1 8 3 4 -6 7 -8 -9 9 10 -12 -13 -14 -15
leaf_value=-0.038205997887567816 -0.00040619372397115571 0.026323304297937413 -0.038449035395398901 0.0020169477110873169 -0.054075940269679171 0.079186388417093745 -0.070800552706978187 0.01252906924854027 0.066533921453266462 -0.017321434874329935 0.029630049056812241 -0.039331454180016878 -0.0030450743718629745 -0.074977559741463029
leaf_weight=7.9573476547375313 170.79565667919815 3.9034394249320012 2.3544042930007008 16.465185232460502 4.7486018501222125 2.1293667964637271 1.8014729134738434 10.607427817303686 4.9652908444404629 9.2479344978928584 11.769704373553393 3.5843395441770545 4.3524536341428757 2.5628340691328049
leaf_count=1774 2801 20 21 110 45 40 10 117 23 59 109 17 20 14
internal_value=-0.000926146 0.000263838 -0.00189941 -0.0193737 -0.0105392 0.000564369 -0.00114093 0.023673 0.0123583 0.0199712 0.00897101 -0.00434784 0.0108405 -0.0574875
internal_weight=257.245 249.288 211.465 26.131 21.2138 185.334 172.597 12.7368 37.8232 25.9829 21.0176 11.8402 8.25589 4.91724
internal_count=5180 3406 3158 190 155 2968 2811 157 248 191 168 57 40 35
is_linear=0
shrinkage=0.05


Tree=84
num_leaves=15
num_cat=0
split_feature=2 7 1 2 0 2 0 2 20 0 0 2 2 24
split_gain=4.04757 3.02826 2.61528 3.53913 5.80588 3.12697 2.76581 2.72971 2.16936 1.31504 8.71545 0.983896 1.9653 0.000979403
threshold=0.2833476066589356 1.0000000180025095e-35 0.88589511754068728 0.68556499481201183 0.7024963895192905 0.40462234616279608 0.8755952380952382 0.287426307797432 1.0000000180025095e-35 0.54778212654924996 0.54726911618669327 0.19004724919795993 0.19177474826574328 0.2142857142857143
decision_type=2 2 2 2 2 2 2 2 2 2 2 2 2 2
left_child=9 2 5 4 -4 7 -5 -2 -7 10 11 -1 -13 -3
right_child=1 13 3 6 -6 8 -8 -9 -10 -11 -12 12 -14 -15
leaf_value=-0.050525989240889614 0.071742152875603163 -0.055941237693602375 0.0026601151457233021 0.026158688687190249 -0.040151057487196572 0.033394972042476233 -0.020536932669164301 -0.0065814536291779052 0.0077230754218681284 -0.050289573720522396 0.44704986580423783 0.11620290373837072 -0.017395506163422031 -0.058095033045257108
leaf_weight=2.1380212320946121 1.1366973221302021 0.96594748459756297 17.022480346262459 10.562232602387665 14.809122383594511 8.7928362227976304 4.531635243445634 52.094192184042186 128.36672413162887 4.0585473158862433 0.1005478501319893 0.28854801389388729 5.9842501068487763 1.1637353608384728
leaf_count=530 64 19 129 97 93 64 34 1308 843 908 25 10 1012 13
internal_value=0.000786592 0.00223842 0.00277109 -0.00780156 -0.0172571 0.00537693 0.0121393 -0.00490892 0.00936881 -0.0268695 -0.0157019 -0.0212339 -0.01125 -0.0571181
internal_weight=252.016 239.446 237.316 46.9255 31.8316 190.39 15.0939 53.2309 137.16 12.5699 8.51137 8.41082 6.2728 2.12968
internal_count=5149 2664 2632 353 222 2279 131 1372 907 2485 1577 1552 1022 32
is_linear=0
shrinkage=0.05


Tree=85
num_leaves=15
num_cat=0
split_feature=2 1 1 0 24 15 2 0 2 0 0 0 2 2
split_gain=3.13792 2.11821 2.586 4.23118 4.56212 2.96436 2.95378 3.40833 2.65778 2.29673 1.47747 0.763953 0.792328 0.228025
threshold=0.22072704136371615 0.93777654867256655 0.80151515151515162 0.69891215346824198 1.0000000180025095e-35 1.0000000180025095e-35 0.46561728417873388 0.71209106984969073 0.42945313453674322 0.8452991452991454 0.37271518777002333 0.65160027238678941 0.58047154545784008 0.69769075512886058
decision_type=2 2 2 2 2 2 2 2 2 2 2 2 2 2
left_child=10 2 3 5 -5 -2 8 -8 -4 11 -1 12 -3 -13
right_child=1 9 6 4 -6 -7 7 -9 -10 -11 -12 13 -14 -15
leaf_value=0.03892797521790934 -0.0018701502314015551 -0.0041871934555595264 -0.010398207987987424 0.036912593780406795 -0.027861792313572633 0.029025737249614644 0.0096348707917164877 -0.010653228484524919 -0.050388639892788384 -0.018381633017173219 -0.050240810043018128 0.08398262377989972 0.053003219660893879 0.052931849688740075
leaf_weight=0.52082079648971458 109.29305564751849 1.2178474962711328 11.315651264041664 15.750264997128399 3.2853229977190486 8.3573935523163509 33.851787261664867 53.289543038234115 6.5653835935518137 2.0090877898037434 4.2996553466655314 0.86962816119194064 1.2046948596835134 1.8471002299338577
leaf_count=6 2689 7 229 113 39 174 207 304 60 29 1237 8 24 38
internal_value=-0.000650885 0.000123079 -0.000670221 0.00386311 0.0257333 0.000324564 -0.00657033 -0.00277191 -0.0250815 0.026947 -0.0406067 0.0446673 0.0242528 0.0628712
internal_weight=253.677 248.857 241.708 136.686 19.0356 117.65 105.022 87.1413 17.881 7.14836 4.82048 5.13927 2.42254 2.71673
internal_count=5164 3921 3815 3015 152 2863 800 511 289 106 1243 77 31 46
is_linear=0
shrinkage=0.05


Tree=86
num_leaves=15
num_cat=0
split_feature=2 0 0 2 2 7 0 0 1 20 0 0 0 2
split_gain=3.76122 1.80464 4.42364 2.40431 2.65843 3.05084 2.61777 4.53267 2.29949 1.06152 1.00009 6.61089 0.975984 0.880017
threshold=0.27938234806060797 0.45189340813464246 0.43937035115032003 0.28583408892154699 0.37492474913597112 1.0000000180025095e-35 0.5267237862097105 0.5525062656641605 0.74037037037037046 1.0000000180025095e-35 0.54778212654924996 0.54726911618669327 0.42471814765426119 0.24638138711452487
decision_type=2 2 2 2 2 2 2 2 2 2 2 2 2 2
left_child=10 2 8 6 9 -6 -3 -8 12 -5 11 13 -2 -1
right_child=1 3 -4 4 5 -7 7 -9 -10 -11 -12 -13 -14 -15
leaf_value=-0.012809456376658174 -0.00081420744457842112 -0.050811233279615668 0.076753782316169167 -0.053991367887817526 0.0032368035958621104 -0.057834681920144904 0.26807707739630787 0.033149002154586028 0.030304645833867994 -0.011097217991755476 -0.050233736389052701 0.3369507843551095 -0.044832333574311975 -0.050574863970364176
leaf_weight=5.2307877177372557 3.3043981930240971 0.32738591916859039 2.7205764902755609 1.5178411100059772 198.74496678542346 2.0662119835615149 0.31320892460644245 0.59603084716945887 4.7233887761831284 28.999587467871606 3.4609421766363084 0.12909978022798885 2.0346588445827365 2.1877226708456874
leaf_count=1168 26 24 24 48 1478 26 21 49 32 1008 882 21 22 344
internal_value=0.000613071 0.00189595 0.0201866 0.000890596 0.000518892 0.00260842 0.0704232 0.114075 0.00489261 -0.0132306 -0.0279785 -0.0177734 -0.0175891 -0.0239465
internal_weight=256.357 245.348 12.783 232.565 231.329 200.811 1.23663 0.90924 10.0624 30.5174 11.0086 7.54761 5.33906 7.41851
internal_count=5173 2758 104 2654 2560 1504 94 70 80 1056 2415 1533 48 1512
is_linear=0
shrinkage=0.05


Tree=87
num_leaves=15
num_cat=0
split_feature=2 1 1 2 0 1 1 2 2 2 2 2 0 2
split_gain=3.84369 2.49707 2.98598 1.81227 2.83 2.80598 3.58636 2.30843 1.69452 1.50228 1.44997 1.44522 2.35012 2.13104
threshold=0.3479208648204804 0.62095088819226762 0.60331143951833621 0.63598412275314342 0.77388922702373719 0.88589511754068728 0.88669519548725939 0.45155596733093267 0.80057606101036083 0.37314788997173315 0.74332118034362804 0.2452235817909241 0.42802617230098156 0.24742934852838519
decision_type=2 2 2 2 2 2 2 2 2 2 2 2 2 2
left_child=11 2 9 5 10 7 -7 -3 -6 -2 -5 12 -1 -13
right_child=1 3 -4 4 8 6 -8 -9 -10 -11 -12 13 -14 -15
leaf_value=0.024620927697778999 0.046663632294804698 -0.0084449481676138523 0.052489194775788908 0.018032774298224162 -0.0099560499807747945 -0.056313224874093064 -0.0084180659305318276 0.004952609799835998 0.021460662921316761 -0.0036067866740270363 0.05938338260234205 0.12504707324223566 -0.050200871456447999 -0.012988051967146344
leaf_weight=1.277906754054128 1.8051038775593031 51.039863585494459 4.9817457869648925 16.423752516508106 18.2160106189549 5.0089831650257137 17.790095187723637 86.882087536156178 5.6150956712663165 8.4112694635987264 2.4342045914381734 0.28256778605282562 5.8711047486867756 26.712774460203946
leaf_count=72 16 761 31 104 96 37 135 514 55 41 25 41 1719 1558
internal_value=-0.00123522 0.00120159 0.0207514 -0.000259106 0.00889833 -0.00269141 -0.0189407 -5.3358e-06 -0.00255363 0.00527536 0.0233704 -0.0168369 -0.0368263 -0.0115432
internal_weight=252.753 218.608 15.1981 203.41 42.6891 160.721 22.7991 137.922 23.8311 10.2164 18.858 34.1444 7.14901 26.9953
internal_count=5205 1815 88 1727 280 1447 172 1275 151 57 129 3390 1791 1599
is_linear=0
shrinkage=0.05


Tree=88
num_leaves=15
num_cat=0
split_feature=2 2 0 0 0 2 1 0 2 0 2 2 1 0
split_gain=3.11948 1.84494 2.33878 3.45037 3.78254 1.51059 2.38369 1.92535 4.05014 2.67064 0.932845 1.48876 2.01844 2.88465
threshold=0.29514934122562414 0.30277056992053991 0.59142682180036743 0.52883062600930952 0.44507936507936513 0.31555154919624334 0.54085850556438808 0.57856437444773656 0.4792556911706925 0.57059800664451832 0.19004724919795993 0.19177474826574328 0.6254770992366413 0.54778212654924996
decision_type=2 2 2 2 2 2 2 2 2 2 2 2 2 2
left_child=10 2 3 4 -2 6 -3 9 -9 -7 -1 -12 13 -13
right_child=1 5 -4 -5 -6 7 -8 8 -10 -11 11 12 -14 -15
leaf_value=-0.050444740132065714 0.11403978358467844 0.086315961597585339 -0.050896564405817829 0.20340570018630882 -0.051118780616330274 0.0057091019870376958 -0.051528766410178929 -0.013770844760775232 0.003419193413493473 0.043413140577961883 0.084459853315220768 0.025033636565287357 -0.04155751358086375 -0.050436024513346278
leaf_weight=2.508696721866726 0.7310106419026845 0.35710502229630892 0.48718289891257871 0.39358843304216851 0.65937507059425116 60.293263850267977 2.5757289417088032 47.854371367488056 120.6686104927212 5.0933080427348605 0.3517728466540565 3.9201292286161316 5.5411071465350688 1.8702179370447991
leaf_count=768 6 8 40 34 43 522 183 877 731 70 21 508 1043 359
internal_value=-5.34894e-06 0.00134644 0.0461967 0.0727118 0.0357152 0.000916351 -0.0347446 0.00136348 -0.00146215 0.00864607 -0.022781 -0.0168408 -0.0199856 0.000657773
internal_weight=253.305 239.114 2.27116 1.78397 1.39039 236.842 2.93283 233.91 168.523 65.3866 14.1919 11.6832 11.3315 5.79035
internal_count=5213 2514 123 83 49 2391 191 2200 1608 592 2699 1931 1910 867
is_linear=0
shrinkage=0.05


Tree=89
num_leaves=15
num_cat=0
split_feature=16 1 0 7 0 0 15 1 0 0 0 1 0 0
split_gain=1.30225 1.23784 3.24934 1.1745 4.61022 8.97048 1.39472 1.74352 5.43918 4.19039 1.36065 6.14199 4.61978 0.0087521
threshold=1.0000000180025095e-35 0.73860013860013873 0.63390485390002427 1.0000000180025095e-35 0.50685446009389679 0.48871925360474988 1.0000000180025095e-35 0.89871356456603169 0.77581480353335375 0.70438540332906541 0.67669683257918567 0.75573053368328968 0.65050445685179747 0.77970588235294136
decision_type=2 2 2 2 2 2 2 2 2 2 2 2 2 2
left_child=3 2 -2 6 5 -5 10 8 -8 -9 12 -12 -1 -6
right_child=1 -3 -4 4 13 -7 7 9 -10 -11 11 -13 -14 -15
leaf_value=0.0024127478784335575 -0.052406118501680865 -0.054678194319423959 0.096771585965336249 -0.050395047297810192 -0.054917214471425051 0.6413531752189896 0.01431486082344524 0.040037740048528503 0.12143615288036527 -0.059816712916813043 0.038323431592370089 0.0011630542695763488 -0.023476425915256612 -0.062796870193728496
leaf_weight=113.14894500398077 0.94392769061960213 1.9528023879975078 0.59520138893276453 0.1339691521134222 1.561940524261445 0.072082750266417861 14.730638388311496 1.9710535965859879 1.2886783480644215 2.2499910276383162 12.928877134108914 79.458886853884906 20.327239314327016 0.45507439970970143
leaf_count=3478 112 62 15 33 65 8 448 14 6 18 123 549 265 3
internal_value=0.00207232 -0.0282493 0.00528286 0.0024987 -0.0336812 0.191598 0.00282552 0.0153994 0.0229323 -0.0131888 0.00169873 0.00636333 -0.00152994 -0.056695
internal_weight=251.819 3.49193 1.53913 248.327 2.22307 0.206052 246.104 20.2404 16.0193 4.22104 225.864 92.3878 133.476 2.01701
internal_count=5199 189 127 5010 109 41 4901 486 454 32 4415 672 3743 68
is_linear=0
shrinkage=0.05


Tree=90
num_leaves=15
num_cat=0
split_feature=2 15 1 1 2 2 0 0 0 0 1 0 0 0
split_gain=3.6777 2.74525 3.46728 3.13972 2.00575 1.98454 4.83552 5.1487 3.22037 2.73421 1.46663 1.29903 1.18112 1.95139
threshold=0.23370204865932467 1.0000000180025095e-35 0.63606261288380506 0.61746550472040684 0.38893811404705053 0.63598412275314342 0.74347628772407548 0.72438780609695164 0.85825892857142871 0.90815370196813505 0.91847585290208245 0.37271518777002333 0.77581480353335375 0.68726145038167952
decision_type=2 2 2 2 2 2 2 2 2 2 2 2 2 2
left_child=11 5 3 4 -3 6 7 -2 10 -10 -7 -1 13 -4
right_child=1 2 12 -5 -6 8 -8 -9 9 -11 -12 -13 -14 -15
leaf_value=0.029223466728186459 -0.0032820144496789314 -0.051286131331006159 0.015037666215205922 0.13541859186909685 0.093645548335543588 0.022755366792631751 -0.029988787939968412 0.034173749290337258 -0.038115083753005333 0.022238187117843335 -0.0018802751235318651 -0.050256998162845637 0.044643155297582518 -0.028963883960359461
leaf_weight=0.57599287480115791 158.08502595615573 0.54037146223709287 12.033156760502608 1.1308231782168148 0.42763832211494446 22.803082771599296 15.863363729789851 9.7401834432966989 5.7572913877665979 2.7840533740818501 8.2188078165054304 4.7832644921727479 2.249007634818553 3.1870593521744004
leaf_count=7 2950 35 138 12 2 119 130 61 33 24 81 1490 15 31
internal_value=-0.000744781 0.000159463 0.0181168 0.0788378 0.0127404 -0.0014145 -0.0036023 -0.00110817 0.00874326 -0.0184429 0.0162285 -0.0417147 0.0108215 0.0058239
internal_weight=248.179 242.82 19.5681 2.09883 0.96801 223.252 183.689 167.825 39.5632 8.54134 31.0219 5.35926 17.4692 15.2202
internal_count=5128 3631 233 49 37 3398 3141 3011 257 57 200 1497 184 169
is_linear=0
shrinkage=0.05


Tree=91
num_leaves=15
num_cat=0
split_feature=2 7 15 1 0 0 2 0 0 0 2 0 0 0
split_gain=4.10431 2.5146 2.66755 2.44915 4.03832 3.83671 2.10282 3.75101 3.01891 0.00467289 0.00355343 0.00131557 0.000464208 6.21578e-05
threshold=0.22072704136371615 1.0000000180025095e-35 1.0000000180025095e-35 0.89871356456603169 0.77581480353335375 0.69891215346824198 0.38893811404705053 0.59498901558740469 0.63510737628384695 0.37271518777002333 0.49978657066822058 0.63390485390002427 0.59558226408965409 0.42802617230098156
decision_type=2 2 2 2 2 2 2 2 2 2 2 2 2 2
left_child=9 2 6 4 -4 -5 7 -2 -8 -1 11 12 -3 -11
right_child=1 10 3 5 -6 -7 8 -9 -10 13 -12 -13 -14 -15
leaf_value=-0.055611573616294478 -0.0026207479271275701 -0.055269752679314534 0.020122441554234663 0.038094119782058435 0.11258498432172914 -0.057876551103974938 0.010149593181326258 -0.037102820224619075 -0.0033051777255144578 -0.050793092534862562 -0.059523768461712048 -0.052961697193104576 -0.057734688598908457 -0.050138443052755777
leaf_weight=0.45185542106628318 33.558652231004089 0.49758948851376661 13.439280919730665 1.8829988483339537 1.2946478873491276 2.3300849348306656 64.626393196173012 10.309779683826489 117.47115473402664 0.40976383071392808 0.63376727700233448 0.50462242867797613 0.30999950575642288 3.1496942366939038
leaf_count=6 1661 34 202 13 6 19 448 658 871 40 6 13 4 1200
internal_value=-0.000651535 0.000163703 0.000613527 0.0186342 0.028247 -0.0149833 -0.00089749 -0.0107246 0.00146992 -0.0508218 -0.0564494 -0.0549645 -0.0562159 -0.0502138
internal_weight=250.87 246.859 244.913 18.947 14.7339 4.21308 225.966 43.8684 182.098 4.01131 1.94598 1.31221 0.807589 3.55946
internal_count=5181 3935 3878 240 208 32 3638 2319 1319 1246 57 51 38 1240
is_linear=0
shrinkage=0.05


Tree=92
num_leaves=15
num_cat=0
split_feature=2 2 0 2 15 1 0 2 1 1 0 0 0 0
split_gain=4.75813 1.8989 2.23315 3.92623 2.80803 2.74009 2.54684 1.75695 3.17709 3.34941 2.17708 3.48566 2.02007 1.72977
threshold=0.3479208648204804 0.80057606101036083 0.63670033670033688 0.41223940253257757 1.0000000180025095e-35 0.91847585290208245 0.63390485390002427 0.25840035080909735 0.57247899159663873 0.56280339805825252 0.47106647537063612 0.4600884955752213 0.42802617230098156 0.4206712433257056
decision_type=2 2 2 2 2 2 2 2 2 2 2 2 2 2
left_child=7 2 6 4 -4 -5 -2 12 9 -9 11 -10 13 -1
right_child=1 -3 3 5 -6 -7 -8 8 10 -11 -12 -13 -14 -15
leaf_value=-0.011370041148210488 0.0077058688809767866 0.033688029618334468 -0.04586569297653656 0.0033690041839873662 0.049612290466838016 -0.022919179955734486 0.067212876373278663 0.0063084134973624296 -0.0046063318104138298 0.11269534198502318 -0.028063275038109278 0.13233792735866223 -0.050219942255450505 0.12682742205095099
leaf_weight=1.1712978230789293 89.085503038018942 5.1424424350261679 7.0604093545116475 106.12485682405531 0.86435491405427445 10.933789901435373 1.8351074885576952 4.4185502813197699 4.0928956554271307 0.8886174177750944 15.891387308482079 0.52417063689790655 6.153570115333423 0.2806874276138841
leaf_count=69 783 56 185 696 10 89 24 107 105 32 1089 22 1938 19
internal_value=0.00100159 0.00366012 0.00294491 -0.00139224 -0.0354519 0.000913573 0.00890694 -0.0165818 -0.0103593 0.0241215 -0.0192823 0.0109408 -0.0377028 0.0153453
internal_weight=254.468 221.046 215.904 124.983 7.92476 117.059 90.9206 33.4212 25.8156 5.30717 20.5085 4.61707 7.60556 1.45199
internal_count=5224 1843 1787 980 195 785 807 3381 1355 139 1216 127 2026 88
is_linear=0
shrinkage=0.05


Tree=93
num_leaves=15
num_cat=0
split_feature=1 1 1 1 0 0 1 18 1 0 0 24 1 0
split_gain=1.84236 2.15709 2.56925 2.92395 2.56265 3.02209 2.32937 3.07573 2.84687 2.0339 1.59161 1.65651 1.17457 0.982248
threshold=0.93777654867256655 0.88589511754068728 0.84924242424242424 0.8447574334898279 0.85825892857142871 0.67873525557011805 0.89567786069651756 1.0000000180025095e-35 0.91847585290208245 0.76986128625472894 0.74347628772407548 1.0000000180025095e-35 0.49473450836936045 0.5317802316186373
decision_type=2 2 2 2 2 2 2 2 2 2 2 2 2 2
left_child=1 2 3 12 5 -4 9 8 -8 -3 13 -12 -1 -2
right_child=10 6 4 -5 -6 -7 7 -9 -10 -11 11 -13 -14 -15
leaf_value=-0.060468285096684574 0.01715364420050389 -0.042519725534723517 -0.00086870107971256732 -0.042910994914100942 -0.02753955065561068 0.036820716335071377 0.016393917987891853 -0.040955932065516107 -0.020789274556241188 0.0062894795006819175 -0.017499093006579699 0.053534700528993895 -0.00027340313433094543 0.07657770876700086
leaf_weight=0.81419419636949797 1.155350856482982 8.9486039690673334 8.9695356353186124 4.1716121081262818 3.0331131070852271 13.067480202764271 14.724893920123582 4.7250378280878058 7.9145958125591269 2.8028764501214019 2.7128072902560239 1.1767580546438692 173.92659969930537 1.7467935420572756
leaf_count=48 18 73 69 26 15 77 83 34 46 14 43 22 4574 25
internal_value=-0.00078584 -0.00150344 0.00055906 -0.0015415 0.0155496 0.0214803 -0.012259 -0.00426312 0.00339495 -0.0308781 0.0248994 0.00399163 -0.000553878 0.0529208
internal_weight=249.89 243.099 203.983 178.912 25.0701 22.037 39.116 27.3645 22.6395 11.7515 6.79171 3.88957 174.741 2.90214
internal_count=5167 5059 4809 4648 161 146 250 163 129 87 108 65 4622 43
is_linear=0
shrinkage=0.05


Tree=94
num_leaves=15
num_cat=0
split_feature=16 2 24 1 0 1 0 0 1 2 15 2 2 2
split_gain=4.10797 3.71337 2.12018 1.76957 4.16095 3.05045 1.48776 1.8313 0.930252 0.846648 0.590289 1.4375 0.0469805 0.00319427
threshold=1.0000000180025095e-35 0.26933954656124121 0.2142857142857143 0.67379862700228854 0.43937035115032003 0.68671792552389588 0.42802617230098156 0.4206712433257056 0.78705964422741548 0.19571547955274585 1.0000000180025095e-35 0.2452235817909241 0.65082308650016796 0.54584935307502758
decision_type=2 2 2 2 2 2 2 2 2 2 2 2 2 2
left_child=1 6 3 4 -3 -5 7 9 -4 -1 -8 -12 13 -2
right_child=12 2 8 5 -6 -7 10 -9 -10 -11 11 -13 -14 -15
leaf_value=0.029966946695191773 -0.052403732571126606 -0.053273801084663765 0.0053204061084315135 -0.031810213052778986 0.01330846376917676 -0.00055262032634677825 -0.050190673976533477 0.12695294154646924 0.055311213806976449 -0.052169528443402072 -0.050243832356884344 0.060395932650206423 -0.069337821514773912 -0.056687066812172886
leaf_weight=0.58140980079769888 2.3228190072113648 2.492813773918896 1.473979850765317 8.1513829203322512 39.970295812236145 183.86864400608465 5.5386641811346635 0.28013781644403923 2.5243136771023273 0.68148199142888188 0.86987012322060742 0.44313852349296212 0.53597743809223164 0.5356265753507613
leaf_count=25 183 30 15 143 782 1837 1764 17 22 50 280 31 3 7
internal_value=-0.00112297 -0.000371832 0.000778676 0.00016306 0.00939973 -0.00187953 -0.0330561 0.0112991 0.036882 -0.0143556 -0.0430451 -0.0129031 -0.0557535 -0.0532064
internal_weight=250.271 246.876 238.481 234.483 42.4631 192.02 8.3947 1.54303 3.99829 1.26289 6.85167 1.31301 3.39442 2.85845
internal_count=5189 4996 2829 2792 812 1980 2167 92 37 75 2075 311 193 190
is_linear=0
shrinkage=0.05


Tree=95
num_leaves=15
num_cat=0
split_feature=2 0 2 0 1 1 0 0 0 1 1 0 2 0
split_gain=2.01397 1.54286 3.09307 2.75988 2.33479 4.9543 3.11766 1.53631 1.09455 1.1434 0.111511 6.5594e-05 2.08678e-05 7.0393e-08
threshold=0.22072704136371615 0.8755952380952382 0.74332118034362804 0.89214649620301845 0.88589511754068728 0.84924242424242424 0.48404074702886252 0.37271518777002333 0.8452991452991454 0.92705099778270528 0.92705099778270528 0.42802617230098156 0.19004724919795993 0.54778212654924996
decision_type=2 2 2 2 2 2 2 2 2 2 2 2 2 2
left_child=7 2 4 -3 5 -2 -6 -1 9 -4 -5 12 -9 -13
right_child=1 3 8 10 6 -7 -8 11 -10 -11 -12 13 -14 -15
leaf_value=0.046015637897849411 -0.00053796696240557826 -0.066994057616631172 0.062768074944609828 -0.0065567783726833391 0.053620635655237961 0.024026485638626034 -0.014665891960154595 -0.050490146499231614 0.0031100586478710768 0.017769271698368616 0.010428027614813946 -0.050124890567878215 -0.051232456792850517 -0.050107544352884871
leaf_weight=0.47939067706465666 174.21514662075788 2.3298451006412497 3.2730783224105817 1.9408621937036517 1.7556641269475211 23.267567487433553 34.854745093733072 0.21444765105843577 2.3906395435333252 2.4822827558964491 1.9246246069669721 1.8385261686053129 0.16951862815767527 0.85773224139120419
leaf_count=5 3430 11 21 8 15 150 248 27 18 40 23 782 9 410
internal_value=9.49974e-05 0.000630051 0.00126019 -0.0240086 0.000206242 0.00235624 -0.0113912 -0.0372477 0.0315478 0.0433601 0.00189995 -0.0502064 -0.0508179 -0.0501194
internal_weight=251.994 248.434 242.239 6.19533 234.093 197.483 36.6104 3.55962 8.146 5.75536 3.86549 3.08022 0.383966 2.69626
internal_count=5197 3964 3922 42 3843 3580 263 1233 79 61 31 1228 36 1192
is_linear=0
shrinkage=0.05


Tree=96
num_leaves=15
num_cat=0
split_feature=2 1 1 16 2 0 0 1 1 0 0 0 0 3
split_gain=2.71111 2.19245 2.24037 2.21052 2.27064 2.13052 3.82325 2.10969 5.42079 2.86107 9.46069 2.16041 2.07855 3.75722
threshold=0.37738516926765447 0.94998610725201449 0.91847585290208245 1.0000000180025095e-35 0.65082308650016796 0.65050445685179747 0.8015748031496065 0.54623154623154624 0.54358379062895745 0.53079284811269645 0.53640862495581487 0.44507936507936513 0.59142682180036743 1.0000000180025095e-35
decision_type=2 2 2 2 2 2 2 2 2 2 2 2 2 2
left_child=7 2 3 4 -2 -4 -7 8 9 11 -11 -1 -9 -14
right_child=1 -3 5 -5 -6 6 -8 12 -10 10 -12 -13 13 -15
leaf_value=0.071683475927725809 0.0015158951053639231 0.033521237738990371 0.020765220707276121 -0.042068384847996194 0.017672642126009573 -0.060765714606195835 0.0047415309374050328 -0.0080895218541270197 0.20921984962079729 0.60276591200574914 0.029603572435841975 -0.058128392172727965 -0.045075471016857119 0.065516988823649328
leaf_weight=0.401436605490744 158.40760333277285 5.5843245685100547 2.5436014942824832 2.6726214000955215 25.206319600343704 4.9130501262843591 4.0746774785220623 34.450520462240092 0.36302537145093072 0.076546774012967833 1.2109806708758695 1.5900023704161865 8.3256107377819681 0.8460324613843121
leaf_count=29 1142 97 24 65 126 32 22 2572 25 18 105 185 725 36
internal_value=0.000118483 0.00262507 0.00175289 0.00307676 0.00373388 -0.019634 -0.0310673 -0.0106687 0.0258906 0.0055936 0.0636795 -0.0319608 -0.013721 -0.0348739
internal_weight=250.666 203.402 197.818 186.287 183.614 11.5313 8.98773 47.2642 3.64199 3.27897 1.28753 1.99144 43.6222 9.17164
internal_count=5203 1508 1411 1333 1268 78 54 3695 362 337 123 214 3333 761
is_linear=0
shrinkage=0.05


Tree=97
num_leaves=15
num_cat=0
split_feature=16 2 1 0 1 2 2 1 0 0 1 0 2 2
split_gain=2.6739 1.96044 2.4739 1.87997 4.24484 2.20917 1.60142 5.28763 1.355 4.45092 1.039 0.583721 0.319582 0.00265443
threshold=1.0000000180025095e-35 0.2833476066589356 0.56430934656741127 0.50125628140703526 0.58363746958637475 0.65082308650016796 0.3212703168392182 0.51508489993935724 0.54778212654924996 0.54726911618669327 0.67873525557011816 0.52443100429731027 0.60801303386688244 0.54584935307502758
decision_type=2 2 2 2 2 2 2 2 2 2 2 2 2 2
left_child=1 8 6 4 -4 -5 7 -3 9 10 -1 -8 13 -2
right_child=12 2 3 5 -6 -7 11 -9 -10 -11 -12 -13 -14 -15
leaf_value=-0.0046561795050079182 -0.052178863868490667 0.19193688574115589 -0.091986006991234048 -0.0026400156335585636 0.01774632163300173 0.01159183333268507 0.039751149829698906 0.002076481442314987 -0.05023919722326449 0.2438012943651352 -0.050704805962191436 0.0053426523900277807 -0.018108988053361821 -0.056470533333991949
leaf_weight=5.339557850151321 2.0287575121037662 0.60522928461432346 0.91329908370971935 170.0812176913023 25.167811988852918 32.473864428699017 2.020746074616909 0.93055611941963434 2.7725387294776738 0.16991791920736421 1.5896469145081935 3.1601419895887375 0.89831078797578801 0.43809939548373211
leaf_count=1180 177 7 12 2048 229 223 11 36 858 23 341 22 6 6
internal_value=0.000624139 0.00123161 0.0021472 0.00126857 0.0139038 -0.000358349 0.0320558 0.0768975 -0.0205972 -0.00902062 -0.0152203 0.0187633 -0.0436428 -0.052941
internal_weight=248.59 245.225 235.353 228.636 26.0811 202.555 6.71667 1.53579 9.87166 7.09912 6.9292 5.18089 3.36517 2.46686
internal_count=5179 4990 2588 2512 241 2271 76 43 2402 1544 1521 33 189 183
is_linear=0
shrinkage=0.05


Tree=98
num_leaves=15
num_cat=0
split_feature=2 1 0 24 1 1 2 0 2 1 0 0 0 0
split_gain=2.87514 1.82445 3.68105 3.93702 3.31916 1.81077 1.81869 2.55387 1.41259 1.22764 1.11878 13.9332 0.922106 2.65963
threshold=0.27938234806060797 0.61311827956989262 0.64165023936919197 1.0000000180025095e-35 0.60424160671462845 0.61746550472040684 0.287426307797432 0.55022935779816529 0.80057606101036083 0.59931972789115651 0.5317802316186373 0.53079284811269645 0.42802617230098156 0.42471814765426119
decision_type=2 2 2 2 2 2 2 2 2 2 2 2 2 2
left_child=10 2 3 4 -2 -3 7 -7 -8 -5 11 12 13 -1
right_child=1 5 -4 9 -6 6 8 -9 -10 -11 -12 -13 -14 -15
leaf_value=-0.017566435061835469 0.011921290832553584 -0.053758759507190217 0.10316173621984559 -0.06029809220765539 0.085672671310219772 0.00059186747801933705 -0.0015945193624191678 0.1458457213760708 0.024399261486667649 0.006689046259587968 -0.050200819015692504 0.70917434625639253 -0.036924705867671333 0.1661513108455604
leaf_weight=1.4044891218654791 13.94450602587313 1.614106980152427 1.1123269125819195 2.295089378021657 1.712955830618738 0.74757868936285266 211.51567830657586 0.50840560812503099 5.3590135630220166 0.97430889029055823 3.5764574888162315 0.065768418367951997 3.6866184415994212 0.22913598688319314
leaf_count=97 184 30 9 34 27 44 2305 50 59 16 1190 13 1130 11
internal_value=-0.000717403 0.000321857 0.0147644 0.00956935 0.0199898 -0.000995205 -0.000604769 0.0593887 -0.000952208 -0.0403353 -0.028522 -0.0141267 -0.0230681 0.00820224
internal_weight=248.746 239.784 20.0392 18.9269 15.6575 219.745 218.131 1.25598 216.875 3.2694 8.96247 5.38601 5.32024 1.63363
internal_count=5199 2758 270 261 211 2488 2458 94 2364 50 2441 1251 1238 108
is_linear=0
shrinkage=0.05


Tree=99
num_leaves=15
num_cat=0
split_feature=2 15 1 1 0 2 0 0 0 0 1 2 0 0
split_gain=3.33797 1.34058 2.97181 3.34377 2.06091 2.04397 1.61618 1.58073 2.54721 1.17259 0.573832 0.537606 0.00390547 7.551e-05
threshold=0.22072704136371615 1.0000000180025095e-35 0.63606261288380506 0.61746550472040684 0.40100502512562819 0.38893811404705053 0.42802617230098156 0.77581480353335375 0.66921119592875333 0.43937035115032003 0.70545916208209913 0.40056328475475317 0.37271518777002333 0.42802617230098156
decision_type=2 2 2 2 2 2 2 2 2 2 2 2 2 2
left_child=12 4 3 5 10 -3 11 8 -4 -8 -2 -6 -1 -14
right_child=1 2 7 -5 6 -7 9 -9 -10 -11 -12 -13 13 -15
leaf_value=-0.055312468772911738 -0.065873277642565023 -0.057831689052508323 0.011753811134600337 0.11860497445100343 0.011904977489121431 0.084585387358952518 -0.038124882665559585 0.050771848947667758 -0.035358362852524382 -0.00091861662392624197 -0.020133664569322671 0.047773385105216164 -0.050855079523873997 -0.050111486003610421
leaf_weight=0.43278625980019514 1.4496633862145238 0.6338199428282707 11.654866824625062 1.3036891142837701 2.0587870343588284 0.41814380884170532 2.1384986923076204 1.7134669478982676 3.8059547604061654 217.1670571990544 1.301184319425374 2.1208250671625137 0.39657516567967865 2.4542393827578053
leaf_count=6 26 38 157 14 54 2 45 13 36 3559 9 9 39 1206
internal_value=-0.000807981 -0.000138894 0.0124297 0.0650936 -0.00122388 -0.0012225 -0.000694429 0.00520619 0.000156316 -0.00128142 -0.0442379 0.0301054 -0.0508868 -0.0502149
internal_weight=249.05 245.766 19.5299 2.35565 226.236 1.05196 223.485 17.1743 15.4608 219.306 2.75085 4.17961 3.2836 2.85081
internal_count=5213 3962 260 54 3702 40 3667 206 193 3604 35 63 1251 1245
is_linear=0
shrinkage=0.05


Tree=100
num_leaves=15
num_cat=0
split_feature=2 15 0 2 2 1 0 2 0 0 1 1 2 0
split_gain=1.69791 1.82897 2.07435 3.23756 1.82904 1.24332 1.35977 2.14842 1.15471 1.86373 1.06073 5.00643 0.958629 0.707987
threshold=0.26933954656124121 1.0000000180025095e-35 0.48404074702886252 0.37118558585643774 0.3905778974294663 0.94998610725201449 0.8755952380952382 0.77906072139740001 0.42802617230098156 0.42471814765426119 0.53169171254277647 0.52883062600930952 0.51899543404579174 0.37271518777002333
decision_type=2 2 2 2 2 2 2 2 2 2 2 2 2 2
left_child=8 5 -3 -4 -5 6 7 -2 9 13 11 -10 -7 -1
right_child=1 2 3 4 -6 12 -8 -9 10 -11 -12 -13 -14 -15
leaf_value=0.026320235765952729 -0.002688546734867544 0.062871451768794606 -0.042660566004298628 0.057842319163291279 0.0098256546131849851 -0.027904705721182296 -0.028723019531953123 0.042014536082760748 -0.050207448168830493 0.13440481422057149 -0.041365960732137101 0.27764033829311757 0.031270992915347774 -0.050652215836769945
leaf_weight=0.60699336044490226 211.24777374300174 1.9478517640382076 2.6267274073325124 2.3699480779469004 12.155015686526893 0.8110005259513845 4.9135640338063231 2.7223531492054454 0.50066889554727811 0.26764783263206471 5.5318584967171773 0.15173692395910621 4.3838389459997416 0.58826309186406434
leaf_count=10 2661 20 51 17 83 4 22 17 171 11 1955 15 87 73
internal_value=-0.00160675 -0.000877243 0.0139752 0.00842229 0.0176602 -0.00214321 -0.00271698 -0.00211979 -0.0248049 0.0151428 -0.0342546 0.0260436 0.0220327 -0.0115629
internal_weight=250.825 243.178 19.0995 17.1517 14.525 224.079 218.884 213.97 7.64717 1.4629 6.18426 0.652406 5.19484 1.19526
internal_count=5197 2962 171 151 100 2791 2700 2678 2235 94 2141 186 91 83
is_linear=0
shrinkage=0.05


Tree=101
num_leaves=15
num_cat=0
split_feature=2 1 24 1 1 15 1 1 1 1 1 1 2 0
split_gain=1.73276 1.19122 2.60644 3.08757 1.26547 1.25718 3.57336 2.06622 1.89509 1.8464 3.19325 2.29065 0.0236775 0.000404405
threshold=0.19004724919795993 0.56430934656741127 1.0000000180025095e-35 0.56030303030303041 0.49473450836936045 1.0000000180025095e-35 0.63606261288380506 0.66164391321588412 0.61746550472040684 0.68671792552389588 0.67942846675215252 0.71248622264210371 0.33099012076854711 0.37271518777002333
decision_type=2 2 2 2 2 2 2 2 2 2 2 2 2 2
left_child=13 2 3 4 -2 9 8 -8 -7 10 -3 -11 -4 -1
right_child=1 5 12 -5 -6 6 7 -9 -10 11 -12 -13 -14 -15
leaf_value=-0.052879589047246892 -0.057695556033071319 -0.0052922300866445641 -0.050732936048755818 0.1277674268175438 0.024602971205762495 0.013585691785148091 -0.06805817701363559 0.0089652800303478535 0.10971755316376415 0.020767559155174579 -0.047900456177783407 -0.00036298681621452217 -0.067916975048444655 -0.050146325080644871
leaf_weight=0.14858927205204864 0.50467739172745307 37.230306188459508 0.30764527595601965 0.71431925625074644 6.2727118147304282 0.830729182343933 0.9225726254517238 15.48671009170357 1.3390046171844003 13.945356627111321 4.9862258275970808 159.72633498616051 0.57535620033740997 1.5165261072106657
leaf_count=3 27 1577 44 24 245 61 46 175 25 447 99 1638 3 752
internal_value=0.000441287 0.000789828 0.0193191 0.0288955 0.0184746 0.000127997 0.0126084 0.00463482 0.0729114 -0.000946051 -0.0103247 0.00133374 -0.0619299 -0.0503902
internal_weight=244.507 242.842 8.37471 7.49171 6.77739 234.467 18.579 16.4093 2.16973 215.888 42.2165 173.672 0.883001 1.66512
internal_count=5166 4411 343 296 272 4068 307 221 86 3761 1676 2085 47 755
is_linear=0
shrinkage=0.05


Tree=102
num_leaves=15
num_cat=0
split_feature=7 24 0 0 2 0 16 0 0 2 0 2 0 2
split_gain=2.25884 1.79971 2.55819 3.43676 1.6415 1.55089 1.46473 1.4379 1.75602 1.16254 0.295974 0.28059 0.00940013 0.00157486
threshold=1.0000000180025095e-35 0.2142857142857143 0.65989690721649474 0.59284802043422746 0.25840035080909735 0.53218407812962421 1.0000000180025095e-35 0.42802617230098156 0.42471814765426119 0.61814457178115856 0.65232809127351232 0.23370204865932467 0.85825892857142871 0.34388099610805517
decision_type=2 2 2 2 2 2 2 2 2 2 2 2 2 2
left_child=1 4 3 5 7 -3 9 8 -1 -6 -8 -9 13 -2
right_child=12 2 -4 -5 6 -7 10 11 -10 -11 -12 -13 -14 -15
leaf_value=-0.0095463820068380761 -0.050302990607356192 0.050896336334392292 -0.017286252566280091 0.12334189155239672 -0.0019022111070689741 -0.055679657620455139 -0.023668441839247534 -0.050118263798033982 0.13255144022002488 0.0069433768068677681 -0.059067952348692054 -0.025497689181349238 -0.06331137288514975 -0.054675138151073381
leaf_weight=1.12391728744842 0.24430952535476436 0.87369100423529678 1.6636165659874675 1.2233020965941248 188.67606570199132 0.56023903924506158 1.3187541430816048 2.7648664002772421 0.26956350356340397 46.249753979966044 1.0692093372344968 1.9902091802796347 0.32725340127944935 1.3122856691479681
leaf_count=71 84 20 21 21 2686 18 62 1385 9 304 34 463 2 24
internal_value=-0.00106467 -0.000649984 0.0313365 0.0617779 -0.00121766 0.0092569 -0.00055682 -0.0267241 0.0179419 -0.000160784 -0.0395186 -0.0398135 -0.0556084 -0.0539889
internal_weight=249.667 247.783 4.32085 2.65723 243.462 1.43393 237.314 6.14856 1.39348 234.926 2.38796 4.75508 1.88385 1.5566
internal_count=5204 5094 80 59 5014 38 3086 1928 80 2990 96 1848 110 108
is_linear=0
shrinkage=0.05


Tree=103
num_leaves=15
num_cat=0
split_feature=2 1 1 2 0 0 0 1 1 2 0 2 0 0
split_gain=1.54992 1.57486 3.33819 3.10559 4.43025 2.67901 3.9249 1.61164 3.70595 1.58732 1.25415 0.887347 0.00046185 8.67698e-06
threshold=0.19004724919795993 0.6254770992366413 0.62306961273461636 0.33255384862422949 0.39357170517619727 0.41732874569909295 0.42802617230098156 0.65030120481927722 0.65345368916797508 0.40462234616279608 0.58735708735708747 0.33255384862422949 0.37271518777002333 0.42802617230098156
decision_type=2 2 2 2 2 2 2 2 2 2 2 2 2 2
left_child=12 2 5 4 -3 -2 -7 9 -9 -5 -6 -4 -1 -14
right_child=1 3 11 7 10 6 -8 8 -10 -11 -12 -13 13 -15
leaf_value=-0.052755813690024182 -0.070521271268290414 0.05461862450289328 0.11613539078817399 -0.054603007858415847 -0.051997892177267691 0.11873401245277514 0.0059656942620280188 0.098120229631376371 -0.00044221687061145272 0.0010048767626431117 -0.010588937684697727 0.041807346588619947 -0.050454253296822731 -0.050088693476856072
leaf_weight=0.19220053032040496 1.0966960727237225 1.3987475894391526 0.82925645250361302 2.71330159343779 6.7818355873459932 0.79383109509945171 27.557306108879857 0.95833203941583534 197.78589495550841 2.4349772594869137 2.5035363549832255 0.77850260213017464 0.18811282701790322 1.1842261415440587
leaf_count=4 25 14 29 51 1012 15 1081 14 1771 13 389 7 28 723
internal_value=-0.000852254 -0.000536279 0.00998744 -0.00205937 -0.0283368 0.00615709 0.0091232 -0.000682419 3.3045e-05 -0.0283022 -0.0408331 0.0801446 -0.0504603 -0.0501388
internal_weight=247.197 245.632 31.0556 214.577 10.6841 29.4478 28.3511 203.893 198.744 5.14828 9.28537 1.60776 1.56454 1.37234
internal_count=5176 4421 1157 3264 1415 1121 1096 1849 1785 64 1401 36 755 751
is_linear=0
shrinkage=0.05


Tree=104
num_leaves=15
num_cat=0
split_feature=16 2 0 0 2 2 0 24 2 2 1 0 2 0
split_gain=2.17579 1.4124 1.41665 3.38445 3.19629 1.4429 2.86152 2.29535 0.383435 0.00269322 0.000556156 0.0002639 8.65121e-05 5.79996e-06
threshold=1.0000000180025095e-35 0.19004724919795993 0.46741109357931798 0.46588642106663125 0.45472943782806402 0.59123077988624584 0.70438540332906541 1.0000000180025095e-35 0.60801303386688244 0.48335838317871099 0.54358379062895745 0.37271518777002333 0.32733616232872015 0.42802617230098156
decision_type=2 2 2 2 2 2 2 2 2 2 2 2 2 2
left_child=1 11 3 4 -3 7 -7 -4 9 10 -2 -1 -12 -13
right_child=8 2 5 -5 -6 6 -8 -9 -10 -11 12 13 -14 -15
leaf_value=-0.052488614213536733 -0.054039583973581475 0.0025531837487660371 0.00076014221461269361 0.11536546795440511 0.074021558115749078 0.027378679268500197 0.00063636108330147856 -0.013157018197094101 -0.012668079287489585 -0.054948763415708958 -0.050309583338654124 -0.050404741832031363 -0.051272384717962194 -0.050083906945504124
leaf_weight=0.13101335242390533 0.1724744316888972 15.368507074425002 129.69185183686204 0.79495051200501521 1.7417361475527275 13.023313546553252 43.135869389399886 38.398954785545357 0.81243500113487233 0.90387645922601212 0.3296873584622515 0.16260274010710407 0.7981706908904016 1.0536723532713947
leaf_count=3 15 335 2795 12 14 104 264 767 5 22 104 27 45 673
internal_value=0.000172885 0.000695719 0.000979761 0.0145139 0.0098283 -0.000100871 0.0068379 -0.00241912 -0.0420301 -0.0528525 -0.0513953 -0.0503565 -0.0509909 -0.0501268
internal_weight=246.519 243.502 242.155 17.9052 17.1102 224.25 56.1592 168.091 3.01664 2.20421 1.30033 1.34729 1.12786 1.21628
internal_count=5185 4994 4291 361 349 3930 368 3562 191 186 164 703 149 700
is_linear=0
shrinkage=0.05


Tree=105
num_leaves=15
num_cat=0
split_feature=2 0 2 0 0 0 2 1 0 1 0 1 0 0
split_gain=1.73056 3.01755 3.98319 3.36446 3.83914 2.84247 3.37114 2.47103 3.20946 8.87774 4.5189 6.03799 3.36443 2.55835
threshold=0.45472943782806402 0.65050445685179747 0.53694933652877819 0.60331143951833621 0.52290209790209796 0.66224329968673878 0.56520581245422374 0.7193750000000001 0.65838221673355979 0.70385185185185206 0.58681159420289863 0.57247899159663873 0.58444252376836647 0.47106647537063612
decision_type=2 2 2 2 2 2 2 2 2 2 2 2 2 2
left_child=7 2 3 4 -2 6 -3 8 10 -10 12 -12 -1 -9
right_child=1 5 -4 -5 -6 -7 -8 13 9 -11 11 -13 -14 -15
leaf_value=0.0036606178847106447 0.024144867685786525 0.0077811682886518383 0.037245334943241566 0.026725014231900997 -0.024454818980412327 0.0013383051719087656 -0.064288080889454133 0.014331377524068127 -0.0011914096337207615 0.16284469708870816 0.081124277152730864 -0.042519759267768312 0.10244407229479152 -0.02036028846246897
leaf_weight=42.8439504558919 6.0567006170749726 2.8953755274415007 13.656156247481702 10.768394023180006 12.348248105496166 96.736178081482649 3.6912836749106646 6.3641958546359083 2.9812089535407713 1.1403290834277866 1.0966719259740774 9.9081780647393298 0.87965012551285227 32.215440072468482
leaf_count=2535 33 25 109 58 61 639 17 102 90 20 49 626 34 782
internal_value=0.000358912 0.0037999 0.0149588 0.00452638 -0.00846163 -0.000825699 -0.0326078 -0.00480285 0.00164432 0.0441934 -0.00156 -0.0301982 0.00564799 -0.0146375
internal_weight=243.582 146.152 42.8295 29.1733 18.4049 103.323 6.58666 97.4296 58.85 4.12154 54.7285 11.0048 43.7236 38.5796
internal_count=5180 942 261 152 94 681 42 4238 3354 110 3244 675 2569 884
is_linear=0
shrinkage=0.05


Tree=106
num_leaves=15
num_cat=0
split_feature=2 0 0 2 1 24 0 0 1 2 0 0 24 1
split_gain=3.11165 3.09733 5.18058 2.98789 2.92894 9.63962 5.85779 3.89471 3.25666 5.14414 2.70006 2.24708 2.24343 1.77777
threshold=0.2452235817909241 0.74347628772407548 0.73253381676195806 0.60103935003280651 0.86807079128272646 1.0000000180025095e-35 0.77970588235294136 0.77388922702373719 0.90054945054945057 0.74332118034362804 0.72112085398398784 0.86568199841395732 0.2142857142857143 0.78705964422741548
decision_type=2 2 2 2 2 2 2 2 2 2 2 2 2 2
left_child=-1 2 3 12 5 7 -7 -3 11 -10 -5 -6 -2 -4
right_child=1 4 13 10 8 6 -8 -9 9 -11 -12 -13 -14 -15
leaf_value=-0.040401405972689403 -0.00062547696508037794 -0.012195219014048998 0.068505011707299987 0.034243773151156086 0.03581003847821667 -0.035410511670568988 0.087618577144220194 -0.063370329208133638 -0.03610854761317471 0.018250804019699605 -0.02801607923690945 -0.017233802229398933 0.043199242474418406 0.022157376714141589
leaf_weight=4.6508128450950599 163.11507345573045 6.1242738496512201 3.6272108033299428 11.353556640446184 7.7245872002095002 1.5299372449517239 2.6319025978446007 9.4621495530009252 10.277621038258077 7.5487428382039061 2.0568748656660309 2.6925396472215652 2.9734497824683777 4.8161969687789679
leaf_count=1719 2789 40 21 94 51 26 14 57 60 85 12 12 55 33
internal_value=9.92713e-05 0.000897634 0.00379258 0.00199215 -0.0104394 -0.0252113 0.0423918 -0.0432624 -0.000110619 -0.0130896 0.0246944 0.0220997 0.000159108 0.0420679
internal_weight=240.585 235.934 187.942 179.499 47.9918 19.7483 4.16184 15.5864 28.2435 17.8264 13.4104 10.4171 166.089 8.44341
internal_count=5068 3349 3004 2950 345 137 40 97 208 145 106 63 2844 54
is_linear=0
shrinkage=0.05


Tree=107
num_leaves=15
num_cat=0
split_feature=2 16 1 2 0 0 1 1 1 2 0 2 0 0
split_gain=2.79251 2.03909 1.50632 4.096 4.47464 4.05948 3.24535 4.56018 2.08405 0.459006 0.00274195 0.00189461 0.00237384 8.09254e-05
threshold=0.22072704136371615 1.0000000180025095e-35 0.88589511754068728 0.69769075512886058 0.8755952380952382 0.70438540332906541 0.85825892857142871 0.86582551161717203 0.81853972798854702 0.60801303386688244 0.37271518777002333 0.54584935307502758 0.50125628140703526 0.42802617230098156
decision_type=2 2 2 2 2 2 2 2 2 2 2 2 2 2
left_child=10 2 6 5 -5 -4 8 -8 -2 11 -1 12 -3 -12
right_child=1 9 3 4 -6 -7 7 -9 -10 -11 13 -13 -14 -15
leaf_value=-0.054818309488743167 0.0038195965757807215 -0.055541621939559277 -9.8888731781335634e-05 0.036064903016548792 -0.026096617843300515 -0.0358651541987864 0.081630934121522364 0.012830067079604679 -0.011153957283909652 -0.006737238297579386 -0.050898940712603563 -0.056776592059144974 -0.051216543780641534 -0.050086989055381829
leaf_weight=0.37950911372899954 147.58522572519723 0.40508823026902963 17.51824501529336 9.2366912700235826 4.2166628427803508 14.500141032040117 2.8600238747894791 15.25309456232935 27.580616800813004 0.73020530492067326 0.36742996401153538 0.25154608860611904 1.4631140675628556 1.8620999209233557
leaf_count=6 3100 18 141 97 34 97 18 97 216 5 41 4 115 1194
internal_value=0.00056155 0.00111717 0.00161903 -0.00656897 0.0165817 -0.0162963 0.00354538 0.0236936 0.00146195 -0.0409257 -0.0508896 -0.0527029 -0.0521544 -0.0502208
internal_weight=244.21 241.601 238.751 45.4717 13.4534 32.0184 193.279 18.1131 175.166 2.84995 2.60904 2.11975 1.8682 2.22953
internal_count=5183 3942 3800 369 131 238 3431 115 3316 142 1241 137 133 1235
is_linear=0
shrinkage=0.05


Tree=108
num_leaves=7
num_cat=0
split_feature=0 0 2 2 2 0
split_gain=2.30572 2.35197 2.44041 1.89183 1.62543 0.946237
threshold=0.90815370196813505 0.8755952380952382 0.80057606101036083 0.27938234806060797 0.28583408892154699 0.42802617230098156
decision_type=2 2 2 2 2 2
left_child=1 2 3 5 -5 -1
right_child=-2 -3 -4 4 -6 -7
leaf_value=0.0099168973637788378 0.051976872441867217 -0.039169324289125645 0.058637549933614565 0.054157425265627328 0.00058200487266745892 -0.033582008950627171
leaf_weight=1.5802489456254978 2.1455340571701518 3.7887166626751414 1.7938640546053637 1.4247329183854152 223.78813740750775 5.9861144077731296
leaf_count=103 22 20 27 101 2561 2310
internal_value=0.000375687 -8.87835e-05 0.000542427 9.47295e-05 0.000920932 -0.0244972
internal_weight=240.507 238.362 234.573 232.779 225.213 7.56636
internal_count=5144 5122 5102 5075 2662 2413
is_linear=0
shrinkage=0.05


Tree=109
num_leaves=15
num_cat=0
split_feature=2 16 1 0 2 0 0 0 2 1 1 15 2 2
split_gain=2.08702 1.80085 1.69512 2.77065 2.88129 1.83859 1.50045 1.46606 1.19661 1.81956 1.0069 0.750605 1.16948 2.14912
threshold=0.26933954656124121 1.0000000180025095e-35 0.94998610725201449 0.85825892857142871 0.77906072139740001 0.63053270661966321 0.42802617230098156 0.42471814765426119 0.19571547955274585 0.64208857175218037 0.89258241758241763 1.0000000180025095e-35 0.2452235817909241 0.25125196576118475
decision_type=2 2 2 2 2 2 2 2 2 2 2 2 2 2
left_child=6 2 3 4 -2 -4 7 8 9 -1 -5 -8 -13 -14
right_child=1 -3 5 10 -6 -7 11 -9 -10 -11 -12 12 13 -15
leaf_value=-0.053582868842975168 0.001000518567519656 -0.040177020195449983 -0.026809773018130215 -0.049224616066115862 0.060599083240676026 0.04644983455486023 -0.05015927940426769 0.117458559140157 -0.051899293668068606 0.14689300804667957 -0.010671135813818254 -0.050226666723602903 0.16822308852266543 -0.05091306963643577
leaf_weight=0.21136874752119073 220.984140021028 2.6577273948350912 1.1013970151543606 3.5581785291433325 2.046720925718545 3.8507460951805115 4.078801705443766 0.2922499943524598 0.6515969573520124 0.24365562526509166 3.2317606136202812 0.5578511467319911 0.22300808457657695 0.22453888738527894
leaf_count=18 2666 112 17 17 15 79 1841 10 55 12 15 274 6 24
internal_value=-1.43487e-05 0.000749905 0.00121321 0.000589553 0.00154745 0.0301563 -0.0280037 0.017854 -0.00845082 0.0537676 -0.0308746 -0.0406211 -0.00192546 0.0582802
internal_weight=243.914 237.431 234.773 229.821 223.031 4.95214 6.48307 1.39887 1.10662 0.455024 6.78994 5.0842 1.0054 0.447547
internal_count=5161 2921 2809 2713 2681 96 2240 95 85 30 32 2145 304 30
is_linear=0
shrinkage=0.05


Tree=110
num_leaves=15
num_cat=0
split_feature=0 24 1 1 0 0 0 1 1 1 0 1 1 24
split_gain=1.24272 3.53395 10.4482 4.49348 2.92179 2.77263 2.69236 5.14357 2.86253 5.29014 1.74828 1.62733 1.92837 1.57365
threshold=0.76044697939704353 1.0000000180025095e-35 0.8953802416488984 0.86807079128272646 0.73253381676195806 0.73727351164797261 0.71209106984969073 0.76776695526695538 0.89871356456603169 0.88589511754068728 0.47641299510458396 0.93643953676272573 0.94998610725201449 1.0000000180025095e-35
decision_type=2 2 2 2 2 2 2 2 2 2 2 2 2 2
left_child=4 3 -3 -2 6 -6 8 -8 9 -1 -10 -5 -13 -7
right_child=1 2 -4 11 5 13 7 -9 10 -11 -12 12 -14 -15
leaf_value=0.0024416859563232093 -0.037999868583752532 0.064926403977925012 -0.03011806914932677 0.00995461511236489 0.055331352356780251 0.019029070867671725 0.026187991654112161 -0.045254732391347904 0.081065278888538067 -0.041632997472108101 0.019610134928481418 -0.07278000644620887 0.0031737480197922608 -0.024813707055016579
leaf_weight=159.36286936351098 13.190631227567794 5.6434484692290408 5.9297965094447136 12.389160942286251 4.6170668005943325 9.9334575692191702 3.6862364483531547 7.9587374003604054 1.3175110071897496 7.1119746491312972 9.5149452239274961 1.4495914354920378 1.9731561560183764 2.5778209776617578
leaf_count=4539 80 37 52 67 29 67 29 54 13 59 86 9 40 29
internal_value=0.000867483 -0.00713078 0.0162284 -0.0164521 0.00244228 0.0222163 0.000649792 -0.0226394 0.00217935 0.000558771 0.0270847 0.00152356 -0.028994 0.00999571
internal_weight=246.656 40.5758 11.5732 29.0025 206.081 17.1283 188.952 11.645 177.307 166.475 10.8325 15.8119 3.42275 12.5113
internal_count=5190 285 89 196 4905 125 4780 83 4697 4598 99 116 49 96
is_linear=0
shrinkage=0.05


Tree=111
num_leaves=15
num_cat=0
split_feature=2 2 1 1 1 2 18 1 1 2 2 2 2 2
split_gain=1.31001 1.19826 1.5735 2.63713 2.57709 2.07636 1.95659 1.36952 3.7244 3.69479 2.9564 1.23072 0.838042 0.730768
threshold=0.19004724919795993 0.61814457178115856 0.6254770992366413 0.62306961273461636 0.63349834983498365 0.32923825085163122 1.0000000180025095e-35 0.88998899889989003 0.86807079128272646 0.69769075512886058 0.80057606101036083 0.33255384862422949 0.74332118034362804 0.83573564887046825
decision_type=2 2 2 2 2 2 2 2 2 2 2 2 2 2
left_child=-1 2 3 6 -4 -6 -2 8 9 -3 12 -5 -9 -12
right_child=1 7 4 11 5 -7 -8 10 -10 -11 13 -13 -14 -15
leaf_value=-0.050488861997575255 0.0098667073082892368 0.016218123853361445 -0.057930785139673383 0.11371729234184128 -0.026127404879136163 -0.00058172347523383799 -0.037457971498626529 -0.015437848522610084 0.050625179130686537 -0.04315886954699303 0.065373220517179087 0.02877899871500568 0.0068386173554841508 0.021365377586487919
leaf_weight=1.2389690873678763 27.643946526688531 13.813028834760194 2.0770610738545647 0.82880911440588423 8.3821788644418103 155.86074170470238 2.3714144581463179 13.129482677206402 6.0482184365391722 3.2332042157649985 1.6022845190018409 0.87854041904211044 6.2230524383485308 2.2937074285000563
leaf_count=742 1099 77 169 25 1248 1552 49 89 31 16 18 8 51 36
internal_value=0.000794701 0.00105469 -0.000638945 0.00956601 -0.00258537 -0.00188545 0.00612774 0.00829232 0.0169163 0.00495593 -0.000274489 0.0700111 -0.00827457 0.0394643
internal_weight=245.625 244.386 198.043 31.7227 166.32 164.243 30.0154 46.343 23.0945 17.0462 23.2485 1.70735 19.3525 3.89599
internal_count=5210 4468 4150 1181 2969 2800 1148 318 124 93 194 33 140 54
is_linear=0
shrinkage=0.05


Tree=112
num_leaves=15
num_cat=0
split_feature=1 1 0 2 1 2 0 2 1 0 1 1 2 1
split_gain=1.4192 3.7882 2.92344 6.0731 2.8705 3.80037 6.09815 5.32866 4.47031 3.62206 2.76456 2.43402 2.4069 5.30635
threshold=0.88589511754068728 0.88669519548725939 0.70438540332906541 0.69769075512886058 0.84924242424242424 0.5587105154991151 0.69482604817127569 0.46561728417873388 0.86807079128272646 0.76044697939704353 0.9240384615384617 0.8447574334898279 0.5587105154991151 0.8128434065934067
decision_type=2 2 2 2 2 2 2 2 2 2 2 2 2 2
left_child=4 -2 -3 -4 11 7 -7 8 -6 -8 -5 12 13 -1
right_child=1 2 3 10 5 6 9 -9 -10 -11 -12 -13 -14 -15
leaf_value=0.0022455211930897659 -0.049272383430636925 0.016225485851595219 -0.034860544881765015 0.033603444137811737 0.068679234362749114 -0.062530950772723318 0.065578411200544182 0.070078075192715458 -0.046114257906760832 0.0019590149890036184 -0.014038752883964379 -0.039766081705953964 0.015537557578557121 -0.028670261672517156
leaf_weight=127.3561427188688 4.7476991042494765 14.185606664977966 13.752358213067057 7.157442241907118 1.3153665254358222 2.8942887261509886 3.0305445790290824 6.3762016333639622 2.3873538919724524 8.5468696579337102 5.299527445808053 3.6684039738029233 25.550847537815571 15.577181972214019
leaf_count=4226 37 121 91 39 19 17 15 33 32 43 78 25 138 236
internal_value=0.000971761 -0.00702353 -0.00205794 -0.0119537 0.00280665 0.0188011 0.0023839 0.0423735 -0.00533464 0.0186123 0.0133352 0.000525689 0.00140296 -0.00112375
internal_weight=241.846 45.1426 40.3949 26.2093 196.703 24.5506 14.4717 10.0789 3.70272 11.5774 12.457 172.153 168.484 142.933
internal_count=5150 366 329 208 4784 159 75 84 51 58 117 4625 4600 4462
is_linear=0
shrinkage=0.05


Tree=113
num_leaves=15
num_cat=0
split_feature=1 2 0 1 0 0 18 2 2 0 0 0 2 1
split_gain=1.34639 2.88259 2.72064 2.32138 5.54894 10.6874 2.29535 2.49828 2.65451 2.0244 1.66238 1.90602 1.78744 1.58101
threshold=0.6254770992366413 0.32923825085163122 0.41732874569909295 0.74589722894807653 0.58735708735708747 0.62375456249383465 1.0000000180025095e-35 0.22072704136371615 0.23472332954406741 0.37271518777002333 0.50125628140703526 0.49494743288761872 0.47274640202522283 0.73797965788257069
decision_type=2 2 2 2 2 2 2 2 2 2 2 2 2 2
left_child=2 3 -1 9 -5 -6 7 -4 -9 -2 11 12 -3 -12
right_child=1 10 6 4 5 -7 -8 8 -10 -11 13 -13 -14 -15
leaf_value=-0.070620876452238177 0.064001237826353294 0.002007535822750242 -0.050103410256251125 -0.022339388165581647 0.43968315530150409 -0.050917334450018274 -0.035547246656624114 0.12872877412616088 0.017899842105269136 -0.050726943024775317 0.0075407644001720458 0.057471837481900406 0.048296995364412794 -0.0034939695492445912
leaf_weight=1.0045632722321922 0.40982136130332758 14.344711538404232 1.3271175333065972 1.9921796994749459 0.20382079121191043 0.2437800751067698 2.2547487809788427 0.55155155155807989 26.433171851094812 6.222812122432515 42.174968509934843 2.2786496467888346 2.4402539003640404 140.91972463484854
leaf_count=30 5 94 930 165 16 21 51 115 666 1335 533 13 21 1227
internal_value=0.000712941 -0.000726506 0.0103437 -0.0282985 0.0134028 0.172484 0.0130046 0.0168713 0.0201651 -0.043638 0.000510862 0.0145624 0.00873725 -0.000952172
internal_weight=242.802 211.231 31.5712 9.07241 2.43978 0.447601 30.5666 28.3118 26.9847 6.63263 202.158 19.0636 16.785 183.095
internal_count=5222 3430 1792 1542 202 37 1762 1711 781 1340 1888 128 115 1760
is_linear=0
shrinkage=0.05


Tree=114
num_leaves=15
num_cat=0
split_feature=7 24 0 0 16 2 1 24 2 0 0 2 0 2
split_gain=2.49497 1.63385 2.37371 2.79108 1.07162 1.20094 2.13159 1.41192 0.942724 0.358149 2.0262 0.0218568 0.0109978 0.00102029
threshold=1.0000000180025095e-35 0.2142857142857143 0.65989690721649474 0.59284802043422746 1.0000000180025095e-35 0.63598412275314342 0.88589511754068728 1.0000000180025095e-35 0.48335838317871099 0.65232809127351232 0.65050445685179747 0.65082308650016796 0.85825892857142871 0.38034155964851385
decision_type=2 2 2 2 2 2 2 2 2 2 2 2 2 2
left_child=1 4 3 8 5 6 -1 -7 -3 10 -6 -11 13 -2
right_child=12 2 -4 -5 9 7 -8 -9 -10 11 -12 -13 -14 -15
leaf_value=-0.00053124020596036941 -0.052291426894510717 -0.029965672818364521 -0.017614779356237575 0.11331941507634942 -0.052633897318026236 0.002340164597538448 -0.017398910095090311 0.02601120987871914 0.054882982644341653 -0.051563454826443006 0.10873219225376869 -0.066604607412036193 -0.064642482278775518 -0.055393477969700115
leaf_weight=172.58472931425786 0.33027928968658615 0.70875609212089263 1.5868248110637067 1.2599808550439773 0.8972681988961988 29.246852530166507 21.009932182729244 8.0290884030982834 0.60836341045796871 0.48995831701904524 0.24838760495185852 0.47633785009384155 0.34022457897663105 1.3426299113780258
leaf_count=4394 90 32 20 21 116 202 180 61 5 33 1 3 2 21
internal_value=-0.00101945 -0.000548923 0.0304951 0.0601182 -0.00110375 -0.00077942 -0.00236181 0.00743881 0.00922501 -0.0365582 -0.0176484 -0.058978 -0.0564477 -0.054781
internal_weight=239.16 237.146 4.16393 2.5771 232.983 230.871 193.595 37.2759 1.31712 2.11195 1.14566 0.966296 2.01313 1.67291
internal_count=5181 5068 78 58 4990 4837 4574 263 37 153 117 36 113 111
is_linear=0
shrinkage=0.05


Tree=115
num_leaves=15
num_cat=0
split_feature=1 1 2 2 1 1 1 2 2 1 1 2 2 2
split_gain=1.42546 2.16513 1.75361 3.38686 2.91071 1.73883 2.43017 2.57415 1.57604 3.82076 3.3103 0.0569675 0.00781154 0.00105045
threshold=0.53169171254277647 0.49473450836936045 0.3212703168392182 0.29665777087211614 0.52883062600930952 0.54358379062895745 0.55205254515599356 0.33099012076854711 0.40462234616279608 0.84924242424242424 0.75573053368328968 0.38893811404705053 0.32733616232872015 0.32923825085163122
decision_type=2 2 2 2 2 2 2 2 2 2 2 2 2 2
left_child=1 12 3 4 -3 11 7 -7 9 -8 -10 13 -1 -2
right_child=5 2 -4 -5 -6 6 8 -9 10 -11 -12 -13 -14 -15
leaf_value=-0.052993360807903733 -0.050998409167110785 -0.0509064164902919 0.0094536605710150608 0.17396163314169774 0.16355734196455257 -0.051172183240773307 -0.010990850433514792 0.12485831252728528 0.012620090281115645 0.044226093186842341 -0.0024729754384892593 -0.074937218089736662 -0.065667415237810833 -0.054955053862112073
leaf_weight=0.36755735555197988 0.55270192737225332 0.49924704746808879 1.2683338001370428 0.6496199332177639 0.23160247341729701 0.2870371532626439 53.251432115910575 0.7512066587805748 50.849603073205799 3.3287287699058643 127.2187411505729 0.42192761600017548 0.18166342377662659 0.24084931612014771
leaf_count=51 112 142 8 9 18 79 3423 4 338 45 939 2 1 3
internal_value=4.90784e-06 0.0331634 0.0518969 0.0908925 0.0170561 -0.00044271 -0.000135086 0.0761922 -0.00047281 -0.00774232 0.00183703 -0.0600923 -0.0571855 -0.0521993
internal_weight=240.1 3.19802 2.6488 1.38047 0.73085 236.902 235.687 1.03824 234.649 56.5802 178.068 1.21548 0.549221 0.793551
internal_count=5174 229 177 169 160 4945 4828 83 4745 3468 1277 117 52 115
is_linear=0
shrinkage=0.05


Tree=116
num_leaves=15
num_cat=0
split_feature=2 0 0 0 0 0 1 0 1 1 24 0 0 24
split_gain=1.92791 3.54664 3.01138 2.56748 4.87255 5.071 3.81281 2.07968 2.46911 1.5021 2.4501 0.955249 2.64961 1.71603
threshold=0.60103935003280651 0.71791895314478704 0.82807881773399028 0.74682730923694784 0.72438780609695164 0.71209106984969073 0.78705964422741548 0.77388922702373719 0.84924242424242424 0.85620300751879708 1.0000000180025095e-35 0.77388922702373719 0.75106837606837618 1.0000000180025095e-35
decision_type=2 2 2 2 2 2 2 2 2 2 2 2 2 2
left_child=2 9 3 4 5 -1 -6 -5 -9 -2 -11 12 -3 -13
right_child=1 11 -4 7 6 -7 -8 8 -10 10 -12 13 -14 -15
leaf_value=-0.0019563315544926176 0.052671716373544314 -0.0084966446399119266 0.083671738021898007 -0.049151064167880135 0.073318946429149198 -0.048078570101047352 0.0085117110609292494 -0.030177983048451314 0.042364022215823083 -0.009140071086636609 0.065188696535265517 -0.011336223743061275 0.035623022098991083 0.016878760310126594
leaf_weight=161.84354317560792 5.3850896209478361 7.1612632703036052 1.0056364759802807 5.3016676302067918 3.6320684878155571 6.1873774733394376 6.0499049806967378 3.3128819297999144 1.8160190284252165 3.4463620856404305 1.6345090018585322 19.981889922171835 6.4842071048915386 7.3790094032883635
leaf_count=4553 39 44 7 63 27 53 44 34 12 34 22 126 37 55
internal_value=-0.000286441 0.00829306 -0.00262114 -0.00308238 -0.00166733 -0.00365468 0.0328233 -0.0271917 -0.00449262 0.0342724 0.0147714 0.00166242 0.0124686 -0.00372687
internal_weight=240.621 51.4723 189.149 188.143 177.713 168.031 9.68197 10.4306 5.1289 10.466 5.08087 41.0064 13.6455 27.3609
internal_count=5150 357 4793 4786 4677 4606 71 109 46 95 56 262 81 181
is_linear=0
shrinkage=0.05


Tree=117
num_leaves=15
num_cat=0
split_feature=15 0 2 2 2 0 0 2 0 0 24 1 1 0
split_gain=1.42755 1.72962 3.65787 2.1768 1.76121 2.33682 1.53916 2.89071 3.43173 4.07688 2.56337 6.83205 5.50934 1.80169
threshold=1.0000000180025095e-35 0.50442616529573059 0.37738516926765447 0.40641809999942785 0.2452235817909241 0.45481763745236808 0.76986128625472894 0.60103935003280651 0.75106837606837618 0.72438780609695164 1.0000000180025095e-35 0.8953802416488984 0.86807079128272646 0.75106837606837618
decision_type=2 2 2 2 2 2 2 2 2 2 2 2 2 2
left_child=6 4 -3 -4 -2 -6 7 8 9 -1 12 -12 -8 -9
right_child=1 2 3 -5 5 -7 10 13 -10 -11 11 -13 -14 -15
leaf_value=-0.002379643866819884 -0.05034063021951142 -0.043345217816928849 0.063708550863966415 0.0089450852022369583 0.023923614697286027 0.11765152197458878 -0.047675117148416594 0.0099686998104401136 -0.058133063081271079 0.030793783227665357 0.059688700598329453 -0.035095967046665968 0.0015159529526003045 0.043479460956956505
leaf_weight=154.02961000712821 0.40293295565061571 2.9453224175376809 2.2025509998202315 10.301649613305925 1.65679003787227 1.110912352800369 9.8656957820057922 16.822809820994738 2.6136616487056008 9.854153916705398 3.9541266672313204 3.6616755574941635 13.454760711640118 5.266718015074729
leaf_count=4144 153 211 15 74 23 16 61 132 33 75 25 33 101 28
internal_value=0.000395054 0.0136872 0.00678369 0.0185914 0.0473259 0.0615445 -0.000732398 0.000963304 -0.00129149 -0.000384961 -0.0110694 0.0141163 -0.0192943 0.0179585
internal_weight=238.143 18.6202 15.4495 12.5042 3.17064 2.7677 219.523 188.587 166.497 163.884 30.9363 7.6158 23.3205 22.0895
internal_count=5124 492 300 89 192 39 4632 4412 4252 4219 220 58 162 160
is_linear=0
shrinkage=0.05


Tree=118
num_leaves=14
num_cat=0
split_feature=2 1 1 0 0 0 0 0 0 0 2 2 2
split_gain=3.20622 1.49062 3.00579 1.36074 1.62705 0.980304 2.62486 0.00206457 9.94948e-05 0.000195808 6.06951e-05 2.9028e-05 7.4809e-07
threshold=0.25840035080909735 0.53169171254277647 0.52883062600930952 0.40100502512562819 0.41191250369494536 0.90815370196813505 0.8452991452991454 0.37271518777002333 0.47512376237623766 0.47387914230019501 0.25708521902561193 0.24420300871133807 0.23370204865932467
decision_type=2 2 2 2 2 2 2 2 2 2 2 2 2
left_child=1 2 11 -2 -5 6 -6 -3 9 -9 -10 12 -1
right_child=3 7 -4 4 5 -7 -8 8 10 -11 -12 -13 -14
leaf_value=-0.050106654760680158 -0.035383013539363212 -0.054014080799163339 0.18658405968821368 0.071273732583132979 0.0009212782623833184 0.033033095226519371 -0.028309909865543888 -0.050525991247796088 -0.050151728339219326 -0.0527117690157059 -0.051474392116502489 -0.051318163591865064 -0.050281451176402515
leaf_weight=0.22502033592900161 2.6768390033394089 0.42604055069386948 0.20848759240470827 0.80859807739034195 219.29590846423525 2.25423939526081 7.9585766121745101 0.97661828197306044 2.7474219232681212 0.1144704723265022 0.089562467765062936 0.064793027471750975 0.084083732450380921
leaf_count=146 24 8 13 11 3049 22 48 307 1489 10 15 6 17
internal_value=-0.000784299 -0.0406597 0.0344661 6.05493e-05 0.000472488 0.000223044 -0.000102414 -0.0507081 -0.0503495 -0.0507553 -0.0501935 -0.0503559 -0.0501542
internal_weight=237.931 4.9365 0.582385 232.994 230.317 229.509 227.254 4.35411 3.92807 1.09109 2.83698 0.373897 0.309104
internal_count=5165 2011 182 3154 3130 3119 3097 1829 1821 317 1504 169 163
is_linear=0
shrinkage=0.05


Tree=119
num_leaves=15
num_cat=0
split_feature=15 1 2 0 1 2 2 0 1 8 0 1 1 24
split_gain=2.78335 1.59126 2.40959 1.82047 2.38225 1.79824 1.25237 4.34569 2.158 2.14097 1.75979 2.68886 4.68792 1.81368
threshold=1.0000000180025095e-35 0.90054945054945057 0.46561728417873388 0.53640862495581487 0.61746550472040684 0.37738516926765447 0.53128173947334301 0.61586840832123857 0.69597423510466994 1.0000000180025095e-35 0.46741109357931798 0.52672378620971039 0.59229629629629643 0.2142857142857143
decision_type=2 2 2 2 2 2 2 2 2 2 2 2 2 2
left_child=6 2 3 4 -2 -5 10 -8 -9 -10 11 -1 -13 -12
right_child=1 -3 -4 5 -6 -7 7 8 9 -11 13 12 -14 -15
leaf_value=0.089903957980561777 -0.055885245370463646 -0.01444255755172973 0.054667880415543504 -0.055236258901327287 0.04543689514869912 0.0080121119668313916 0.039939914284271204 -0.055893090191025799 -0.040969914234204152 0.00023117948412116316 -0.010075895577763958 -0.075857382584409397 0.012878140238729614 0.051208682300948785
leaf_weight=0.9470816880348164 0.66831095493398773 3.5231101457029572 4.2702296636998645 1.5426428292412309 4.3961955778067932 4.1390702910721302 6.4211515597999087 1.871542915701865 3.2953990511596194 73.005292494781315 118.06167555332649 1.6736395788611833 13.449291728844399 1.2197239776724007
leaf_count=32 140 29 28 129 138 31 56 9 21 448 3701 93 274 37
internal_value=-0.0028056 0.0157995 0.0228948 0.0102691 0.0320665 -0.00916046 -0.00437386 0.000398601 -0.00284936 -0.00154828 -0.0073566 0.00817612 0.00305787 -0.00944922
internal_weight=238.484 18.5396 15.0164 10.7462 5.06451 5.68171 219.945 84.5934 78.1722 76.3007 135.351 16.07 15.1229 119.281
internal_count=5166 495 466 438 278 160 4671 534 478 469 4137 399 367 3738
is_linear=0
shrinkage=0.05


Tree=120
num_leaves=15
num_cat=0
split_feature=2 0 0 0 1 2 1 1 24 2 2 1 0 0
split_gain=1.36639 2.51655 1.37196 2.90337 2.82858 1.75873 1.84758 1.80871 1.38792 2.71701 1.92708 1.18887 2.16513 1.16089
threshold=0.61814457178115856 0.77388922702373719 0.73986301369863028 0.72797744890768157 0.78007441091360075 0.49978657066822058 0.81057781919850902 0.85620300751879708 1.0000000180025095e-35 0.58047154545784008 0.59123077988624584 0.81375640520299575 0.70897583429229005 0.63390485390002427
decision_type=2 2 2 2 2 2 2 2 2 2 2 2 2 2
left_child=2 11 3 8 -5 -4 -7 -8 9 -1 -10 12 -2 -13
right_child=1 -3 5 4 -6 6 7 -9 10 -11 -12 13 -14 -15
leaf_value=0.0030237533129754256 0.033678213963079788 -0.0023075112503149731 -0.054459937657050733 0.072871063300438577 0.003990712509918024 0.022543749079011497 -0.046684937322847959 -0.0015911048337567341 -0.011591529599212103 -0.027385029559565784 0.043095576708143346 -0.015456035346636379 -0.039528846052165723 0.032136127133035465
leaf_weight=122.90861068875529 2.0423197783529785 24.508060794323683 2.4610406165011218 2.6332576146814963 3.4342901315540075 3.5163554195314637 3.76764476764947 5.4263930581510067 39.232841112534516 7.8126357942819586 1.6798817925155152 1.4071592837572087 1.9981389939785001 14.328647241927682
leaf_count=3378 18 168 46 16 22 22 35 44 1250 42 15 21 12 98
internal_value=0.000478994 0.00839943 -0.00133957 -0.000107391 0.0338841 -0.0157719 -0.00828097 -0.0200702 -0.00130905 0.00120635 -0.00934607 0.0216682 -0.00252507 0.0278802
internal_weight=237.157 44.2843 192.873 177.702 6.06755 15.1714 12.7104 9.19404 171.634 130.721 40.9127 19.7763 4.04046 15.7358
internal_count=5187 317 4870 4723 38 147 101 79 4685 3420 1265 149 30 119
is_linear=0
shrinkage=0.05


Tree=121
num_leaves=15
num_cat=0
split_feature=2 1 2 1 1 2 2 0 0 1 1 1 0 5
split_gain=1.16302 2.07974 5.70172 7.65432 5.83421 7.51679 2.42838 3.01881 2.93033 2.37081 1.9979 2.85692 2.62231 13.3896
threshold=0.40462234616279608 0.73797965788257069 0.41791377961635595 0.6834388185654009 0.72804314329738073 0.49211168289184576 0.45155596733093267 0.63670033670033688 0.47641299510458396 0.79431909750201457 0.84924242424242424 0.80473787496495663 0.59498901558740469 1.0000000180025095e-35
decision_type=2 2 2 2 2 2 2 2 2 2 2 2 2 2
left_child=10 2 3 -2 -4 -6 8 9 -3 -8 11 12 -1 -14
right_child=1 6 4 -5 5 -7 7 -9 -10 -11 -12 -13 13 -15
leaf_value=0.001098172039074409 0.11960682179959255 0.051859455530151755 -0.0026073691920799852 -0.0099814870359121524 0.11204274006108575 -0.0024012731018519949 -0.0021455944092789408 -0.0022288430344297189 -0.026399307758581281 0.029666169512860271 0.031752228033826317 -0.053942725371879489 0.21222495491811755 -0.036619789639226442
leaf_weight=41.492756310384721 2.6788123007863751 1.3121194913983334 31.55655992589891 1.9830382727086542 2.741482362151145 3.0102022401988506 9.4998712055385131 90.637597689870745 13.535543654114006 15.272615397348998 3.4146822444163254 3.1451392971212035 0.56663250119890918 11.751830238616092
leaf_count=2912 20 6 186 25 18 15 52 638 180 110 46 140 29 789
internal_value=0.000575666 0.00266892 0.0123485 0.0644831 0.00583397 0.0521473 -0.000449901 0.00199879 -0.0194834 0.0174668 -0.00539602 -0.00762316 -0.00491589 -0.0251733
internal_weight=232.599 172.228 41.9701 4.66185 37.3082 5.75168 130.258 115.41 14.8477 24.7725 60.371 56.9564 53.8112 12.3185
internal_count=5166 1250 264 45 219 33 986 800 186 162 3916 3870 3730 818
is_linear=0
shrinkage=0.05


Tree=122
num_leaves=15
num_cat=0
split_feature=0 0 0 0 0 0 0 2 2 2 2 0 2 2
split_gain=1.16826 2.9659 1.89627 2.47362 1.65403 2.90954 1.51162 1.43353 1.34021 1.22109 1.18719 3.17973 0.142006 0.0096555
threshold=0.46741109357931798 0.46588642106663125 0.48666429587482224 0.48759991801598696 0.45738498789346255 0.45481763745236808 0.45189340813464246 0.23370204865932467 0.4792556911706925 0.25943374633789068 0.39532108604907995 0.47387914230019501 0.39532108604907995 0.33099012076854711
decision_type=2 2 2 2 2 2 2 2 2 2 2 2 2 2
left_child=1 4 8 -4 5 6 -1 -5 10 -9 11 -2 13 -6
right_child=2 -3 3 7 12 -7 -8 9 -10 -11 -12 -13 -14 -15
leaf_value=0.012256827871112538 0.049940869728160392 0.10181334919147018 0.081504370008412722 -0.050090107851755585 -0.050300625567829854 0.10401736795859753 -0.032874291132232156 0.042847753047830749 0.033554540675272491 -0.0012948953938316668 -0.065343478802765392 -0.057467297815350565 -0.02348644449603278 -0.062370374779078863
leaf_weight=14.281336274929357 1.0993237994844087 0.86058228136971493 0.90556328202364866 1.4954652958549548 0.22201749176019692 0.80044440971687336 2.132409365323837 1.5785566953709338 0.73849632591009129 207.64012705883943 2.2960400506854057 1.8463650445337405 0.40453046187758446 0.6532042920589447
leaf_count=331 61 18 21 1108 76 25 53 420 5 2840 11 197 3 5
internal_value=-0.000693715 0.0110781 -0.00174077 -0.000956127 0.00685594 0.010933 0.00639357 -0.00131051 -0.0295065 -0.000961839 -0.0383911 -0.0173828 -0.0479852 -0.0593086
internal_weight=236.954 19.3545 217.6 211.62 18.4939 17.2142 16.4137 210.714 5.98023 209.219 5.24173 2.94569 1.27975 0.875222
internal_count=5174 511 4663 4389 493 409 384 4368 274 3260 269 258 84 81
is_linear=0
shrinkage=0.05


Tree=123
num_leaves=15
num_cat=0
split_feature=2 1 1 2 1 1 24 2 0 0 0 0 0 1
split_gain=1.07549 0.986937 1.62213 1.6745 1.78014 1.02959 1.00931 1.44434 0.542689 0.000352165 0.000218575 7.60046e-06 2.98554e-06 2.7858e-08
threshold=0.19004724919795993 0.93777654867256655 0.93643953676272573 0.19343338906764987 0.67826876513317191 0.93046281372323292 1.0000000180025095e-35 0.77906072139740001 0.65160027238678941 0.37271518777002333 0.85825892857142871 0.64316770186335415 0.42802617230098156 0.53169171254277647
decision_type=2 2 2 2 2 2 2 2 2 2 2 2 2 2
left_child=9 2 3 4 -2 -5 7 8 -3 -1 11 -8 -11 -14
right_child=1 6 -4 5 -6 -7 10 -9 -10 12 -12 -13 13 -15
leaf_value=-0.052573853940244768 -0.051046019611177454 0.0017806243812245087 -0.041409846934098438 0.0010294255940564258 0.21902937867223146 0.048011426500791723 0.052137591310030144 -0.042795861715610485 0.043138281088853044 -0.050326022819021245 0.053386788349513915 0.052399449443072801 -0.050079726185001332 -0.050051312299275834
leaf_weight=0.17340383119881053 0.093146189872640117 1.4269682243466371 2.2324770390987387 226.42382309644017 0.17686334054451436 1.1721520051360119 0.60712514538317897 1.0492895878851412 1.7859056778252123 0.11914209951646626 0.69438586384057988 0.50978625006973743 0.10065756493713707 0.60324988217325881
leaf_count=4 37 15 18 4263 5 8 17 26 23 25 14 14 85 627
internal_value=0.0013099 0.00152861 0.00100348 0.00141902 0.12586 0.00127139 0.0214234 0.0081359 0.0247697 -0.050526 0.0526902 0.0522571 -0.0500946 -0.0500554
internal_weight=237.168 236.172 230.098 227.866 0.27001 227.596 6.07346 4.26216 3.21287 0.996453 1.8113 1.11691 0.82305 0.703907
internal_count=5181 4440 4331 4313 42 4271 109 64 38 741 45 31 737 712
is_linear=0
shrinkage=0.05


Tree=124
num_leaves=12
num_cat=0
split_feature=0 1 0 0 1 1 1 0 0 0 0
split_gain=1.37836 1.06261 2.04149 2.36946 1.72281 1.26402 1.06255 2.08129 1.6942 1.41777 0.262639
threshold=0.92761627906976762 0.91847585290208245 0.52290209790209796 0.8050766283524905 0.93643953676272573 0.94998610725201449 0.9042287075640264 0.89214649620301845 0.8755952380952382 0.76044697939704353 0.66147789218655362
decision_type=2 2 2 2 2 2 2 2 2 2 2
left_child=1 6 -3 5 -5 -4 7 8 -1 10 -8
right_child=-2 2 3 4 -6 -7 9 -9 -10 -11 -12
leaf_value=-0.00070492960273414252 0.059397135863489686 0.053980564505681922 -0.043288868501105686 0.046426695598638532 -0.016728448145627638 -5.8598257947017455e-05 0.023834478094656796 0.0646624062793342 -0.050762269642272539 -0.004490653252968926 0.047875741469625074
leaf_weight=206.45538783079246 0.95135139301419158 1.0311358533799637 7.181855905801056 1.950138747692107 2.4196692742407322 2.2116072177886963 2.1854603290557844 1.2095938026905049 1.7042716294527043 3.9930561110377312 2.365754846483469
leaf_count=4908 15 22 51 11 39 42 13 5 8 23 17
internal_value=-0.000664248 -0.00090979 -0.013877 -0.0189608 0.0114562 -0.0331107 -2.94329e-05 -0.00073475 -0.00111477 0.0172537 0.0363313
internal_weight=233.659 232.708 14.7944 13.7633 4.36981 9.39346 217.914 209.369 208.16 8.54427 4.55122
internal_count=5154 5139 165 143 50 93 4974 4921 4916 53 30
is_linear=0
shrinkage=0.05


Tree=125
num_leaves=8
num_cat=0
split_feature=0 0 2 1 24 2 0
split_gain=1.41069 2.15687 2.24251 1.85122 2.74204 1.69254 0.00134078
threshold=0.92761627906976762 0.8755952380952382 0.80057606101036083 0.91847585290208245 1.0000000180025095e-35 0.74332118034362804 0.83678646934460899
decision_type=2 2 2 2 2 2 2
left_child=1 2 3 5 -5 -1 -4
right_child=-2 -3 6 4 -6 -7 -8
leaf_value=-0.00034737420456697996 0.058384058657518834 -0.035138798107625026 0.055282541352740723 -0.036533636467229895 0.014111326185553727 0.038835777672973887 0.058093042836946641
leaf_weight=216.24010865512537 0.99929493293166061 4.5771036930382243 0.81818359903991111 8.1468023080378753 3.9775023795664302 2.7915890961885443 0.8816048689186573
leaf_count=4959 17 26 16 74 50 19 14
internal_value=-0.000898586 -0.00114809 -0.000479957 -0.000900722 -0.019919 0.00015202 0.0567402
internal_weight=238.432 237.433 232.856 231.156 12.1243 219.032 1.69979
internal_count=5175 5158 5132 5102 124 4978 30
is_linear=0
shrinkage=0.05


Tree=126
num_leaves=15
num_cat=0
split_feature=1 1 1 1 2 0 0 0 0 15 0 1 2 0
split_gain=1.6392 1.35726 3.34107 2.65684 5.39988 2.2362 3.19962 8.3956 3.32209 1.4393 1.33616 1.15417 1.09535 1.06382
threshold=0.94998610725201449 0.6254770992366413 0.64316770186335415 0.64801773604590529 0.37738516926765447 0.64165023936919197 0.55110075526273505 0.54377448475557844 0.5632435389033229 1.0000000180025095e-35 0.63053270661966321 0.62988330796549985 0.40462234616279608 0.74682730923694784
decision_type=2 2 2 2 2 2 2 2 2 2 2 2 2 2
left_child=1 5 9 4 -4 6 7 -1 -8 11 -2 -3 -11 -5
right_child=10 2 3 13 -6 -7 8 -9 -10 12 -12 -13 -14 -15
leaf_value=0.007638225761989601 -0.015221337575788944 0.0041395102209997635 -0.054156420353240399 0.00097312411872521967 0.17184167185485325 0.061519639062820652 -0.07043873879108796 0.12082383046377257 -0.00146723015542948 -0.052590599533402255 0.045316814967660456 -0.06348506409387128 0.077369798085619654 -0.0079785645622941822
leaf_weight=16.816855340846825 1.2308962102979411 0.76178142137359728 0.45401469600619637 151.17363707552431 0.63256927952170372 1.9449457710725244 2.1980767908389671 1.8152030996861857 8.4862988309469056 0.26718805235577736 3.5122297061607242 3.6740126211079769 0.41235639154911041 42.525774573441595
leaf_count=1005 18 54 54 2557 5 28 170 107 463 41 78 293 2 276
internal_value=0.00050978 -8.72423e-05 -0.00160234 -0.000554814 0.0774114 0.00960105 0.0061566 0.0186652 -0.0156566 -0.0414907 0.0296065 -0.0518716 0.0262711 -0.000992176
internal_weight=235.906 231.163 199.901 194.786 1.08658 31.2614 29.3164 18.6321 10.6844 5.11534 4.74313 4.43579 0.679544 193.699
internal_count=5151 5055 3282 2892 59 1773 1745 1112 633 390 96 347 43 2833
is_linear=0
shrinkage=0.05


Tree=127
num_leaves=13
num_cat=0
split_feature=2 0 0 0 2 0 0 0 2 2 0 0
split_gain=1.92886 1.19008 0.950754 2.74969 1.81516 0.00167727 4.85927e-05 2.19933e-05 3.41911e-06 9.92766e-08 3.83056e-08 1.27002e-08
threshold=0.22072704136371615 0.37271518777002333 0.90815370196813505 0.8755952380952382 0.80057606101036083 0.37271518777002333 0.42802617230098156 0.42471814765426119 0.20429062843322757 0.19004724919795993 0.55110075526273505 0.54778212654924996
decision_type=2 2 2 2 2 2 2 2 2 2 2 2
left_child=5 -2 3 4 -3 -1 7 8 -7 11 -11 -8
right_child=1 2 -4 -5 -6 6 9 -9 -10 10 -12 -13
leaf_value=-0.054047487161051205 -0.048244774106398998 -0.00045340684672612921 0.031781863466047132 -0.043959281278030338 0.056185036380465396 -0.050235902786646358 -0.050056560244253305 -0.051360154288021521 -0.05066751077983065 -0.05008761713456477 -0.050060101409657123 -0.05004102283283357
leaf_weight=0.34380295500159164 1.3109186366200436 227.37154456356075 2.2627409733831874 3.6304320283234111 1.4234511302784074 0.091289408737793454 0.4888331012916749 0.10500025516375899 0.092257347423583269 0.45764968177536502 0.17479529761476442 0.17993140668841079
leaf_count=6 13 3809 25 20 28 25 488 6 9 321 163 224
internal_value=-0.00114494 -0.000737449 -0.000472083 -0.000786086 -0.00010103 -0.0508808 -0.050196 -0.050783 -0.0504528 -0.0500658 -0.05008 -0.0500524
internal_weight=237.933 235.999 234.688 232.425 228.795 1.93356 1.58976 0.288547 0.183547 1.30121 0.632445 0.668765
internal_count=5137 3895 3882 3857 3837 1242 1236 40 34 1196 484 712
is_linear=0
shrinkage=0.05


Tree=128
num_leaves=15
num_cat=0
split_feature=2 1 2 0 0 2 0 0 0 0 1 0 0 1
split_gain=2.62807 1.35138 2.81346 2.43743 2.13636 2.02094 5.73737 1.20591 1.19168 1.58882 0.666677 0.00141957 5.67581e-05 4.63089e-06
threshold=0.23370204865932467 0.6254770992366413 0.32923825085163122 0.39357170517619727 0.41732874569909295 0.29826903343200689 0.55110075526273505 0.64165023936919197 0.40100502512562819 0.50125628140703526 0.78471275559883169 0.37271518777002333 0.42802617230098156 0.64038834951456314
decision_type=2 2 2 2 2 2 2 2 2 2 2 2 2 2
left_child=11 4 3 -3 -2 6 -6 -7 -4 -10 -5 -1 13 -13
right_child=1 2 8 10 5 7 -8 -9 9 -11 -12 12 -14 -15
leaf_value=-0.053857680199377138 -0.075635805443607179 0.040419727950676367 -0.042088152375035007 -0.050746000470461156 0.082013380509303208 0.0041911245113889035 -0.050662312690170234 0.041914007792120705 0.015372491135928798 -0.00048813608699388905 -0.0083835226161944037 -0.050901091498932877 -0.050093488566015712 -0.050546383254479424
leaf_weight=0.30386297404766027 0.70070624537766235 1.0201153270900238 1.6236418858170498 5.0666166386799887 2.953251046594235 23.741452116053555 1.1253268242580814 2.3261543698608866 17.335322011262178 177.09353249985725 1.1371907941065726 0.23406563210301135 1.806767451460473 0.15162094496190548
leaf_count=6 13 9 10 918 257 265 192 15 119 1749 97 29 1447 21
internal_value=0.000376304 0.000920419 -0.000559367 -0.0312035 0.010672 0.0126781 0.0454066 0.00755734 0.000569772 0.000926001 -0.0429807 -0.0506549 -0.050211 -0.0507616
internal_weight=236.62 234.123 203.276 7.22392 30.8469 30.1462 4.07858 26.0676 196.052 194.429 6.20381 2.49632 2.19245 0.385687
internal_count=5147 3644 2902 1024 742 729 449 280 1878 1868 1015 1503 1497 50
is_linear=0
shrinkage=0.05


Tree=129
num_leaves=15
num_cat=0
split_feature=2 0 2 0 2 0 0 2 2 2 0 0 2 2
split_gain=1.31817 1.62147 4.07226 2.8001 2.95406 2.69788 2.3286 4.30465 1.7361 1.38812 1.07272 2.61027 1.51121 2.69947
threshold=0.29514934122562414 0.71209106984969073 0.63598412275314342 0.70036496350364974 0.50654283165931713 0.72438780609695164 0.73986301369863028 0.53128173947334301 0.30053666234016424 0.5234651267528535 0.46741109357931798 0.46588642106663125 0.22167789936065677 0.22072704136371615
decision_type=2 2 2 2 2 2 2 2 2 2 2 2 2 2
left_child=10 2 3 8 -5 -3 7 -7 -2 -8 11 12 13 -1
right_child=1 5 -4 4 -6 6 9 -9 -10 -11 -12 -13 -14 -15
leaf_value=0.0059381488313448513 0.058492750967550772 -0.035186344314236603 0.049072941284657473 0.00059660406220385267 0.065094131385104184 0.054350673057553228 -0.038505406518979303 -0.0079872842611381709 0.0012426981492438041 -0.0039128654738968217 -0.028077118097637799 0.17761635074586316 -0.031837096931853652 0.21879111087225575
leaf_weight=0.82480559690156841 1.3363845639396448 6.5302717555314294 5.0054252585396162 3.4387436443939796 3.6700047999620438 4.8984224637970311 3.1085850610397747 6.371351202018559 145.54928954946809 43.226887160912156 6.6632164367474616 0.21046430524438609 1.8379787747981025 0.18178591737523675
leaf_count=180 82 51 52 44 19 35 54 37 1806 292 2308 17 179 6
internal_value=0.00119733 0.00198242 0.00468944 0.00324681 0.0338945 -0.00472861 -0.00127585 0.019108 0.00176357 -0.00623363 -0.0168288 0.00770432 -0.00486715 0.0443784
internal_weight=232.854 223.135 159 153.994 7.10875 64.1355 57.6052 11.2698 146.886 46.3355 9.71825 3.05503 2.84457 1.00659
internal_count=5162 2472 2003 1951 63 469 418 72 1888 346 2690 382 365 186
is_linear=0
shrinkage=0.05


Tree=130
num_leaves=15
num_cat=0
split_feature=2 0 1 2 2 0 2 1 1 2 1 1 1 2
split_gain=1.50382 4.70945 3.61751 2.65369 1.56112 4.37032 1.36161 1.12777 1.25468 2.357 1.08976 0.322426 0.798885 0.0144256
threshold=0.74332118034362804 0.8452991452991454 0.91847585290208245 0.80057606101036083 0.51899543404579174 0.65232809127351232 0.66245102882385265 0.49473450836936045 0.51191151446398198 0.31449054181575781 0.88589511754068728 0.91331186258722508 0.99600000000000011 0.32733616232872015
decision_type=2 2 2 2 2 2 2 2 2 2 2 2 2 2
left_child=2 -2 7 -3 -4 -6 -7 13 9 -9 -10 -5 -13 -1
right_child=1 3 4 11 5 6 -8 8 10 -11 -12 12 -14 -15
leaf_value=-0.05272146861164119 0.058410674676143241 -0.037969113374149419 -0.06931646141479636 0.0036725172670069883 0.056295435147648731 -0.018960128966742235 -0.065141579245335951 0.13337276270696583 0.0027842674989101584 -0.0041447629173685966 -0.0085102875944224297 0.063375686871079348 0.0026180596874782591 -0.066587321687319206
leaf_weight=0.37876258796313678 4.5322986319661123 3.4756642580032349 1.9326170161366452 1.2347346395254137 1.5495442636311034 4.1210741251707077 2.605012983083725 0.51900514919543528 190.58319083219976 0.77967694401741028 24.051796486601233 1.1855378635227682 0.99520245194435109 0.37161672115325928
leaf_count=54 59 16 18 6 31 30 20 58 4667 4 169 11 22 2
internal_value=0.00112331 0.0188246 0.000232101 -0.00721122 -0.0288552 -0.0194062 -0.0368462 0.00160244 0.00181508 0.0508127 0.00151861 0.0240887 0.0356483 -0.0595884
internal_weight=238.316 11.4234 226.892 6.89114 10.2082 8.27563 6.72609 216.684 215.934 1.29868 214.635 3.41547 2.18074 0.750379
internal_count=5167 114 5053 55 99 81 50 4954 4898 62 4836 39 33 56
is_linear=0
shrinkage=0.05


Tree=131
num_leaves=15
num_cat=0
split_feature=2 2 0 0 0 0 1 24 2 1 2 1 1 0
split_gain=1.77083 1.04014 1.32912 1.78399 2.95384 1.32117 1.46622 2.62629 1.24638 1.23526 3.14625 2.25133 0.310142 0.00125856
threshold=0.22072704136371615 0.61814457178115856 0.82807881773399028 0.74682730923694784 0.73253381676195806 0.71791895314478704 0.85620300751879708 1.0000000180025095e-35 0.5234651267528535 0.92705099778270528 0.80057606101036083 0.86807079128272646 0.81509971509971524 0.37271518777002333
decision_type=2 2 2 2 2 2 2 2 2 2 2 2 2 2
left_child=13 2 3 4 -2 6 12 -8 -5 11 -11 -7 -3 -1
right_child=1 5 -4 8 -6 9 7 -9 -10 10 -12 -13 -14 -15
leaf_value=-0.053882043711708918 -0.0014580463670559424 0.034139779418817455 0.049709040123257102 -0.053957092376261999 0.031187645907330936 -0.0091495982344740254 -0.029722921770916622 0.060599633443987645 -0.01236617387558632 -0.040505349358452736 0.032812299600447063 0.019142361498154896 0.06225803675779519 -0.050175344675214652
leaf_weight=0.27313900925218959 167.61709350545425 2.0278755091130729 1.2822360917925824 2.2263152291998258 7.2278563794679931 11.609899096190931 2.2111228927969937 1.2653756495565174 9.4365533115342242 4.3754436373710623 2.1984478421509266 17.831085294485092 1.8990354314446447 1.4171411446295676
leaf_count=5 3437 18 8 45 49 55 25 18 73 46 47 96 13 1227
internal_value=0.000217068 0.000589847 -0.00102271 -0.00137149 -0.000108517 0.00756437 0.0268014 0.00315267 -0.0203054 0.00360991 -0.0159864 0.00798557 0.0477376 -0.0507743
internal_weight=232.899 231.208 187.79 186.508 174.845 43.4183 7.40341 3.4765 11.6629 36.0149 6.57389 29.441 3.92691 1.69028
internal_count=5162 3930 3612 3604 3486 318 74 43 118 244 93 151 31 1232
is_linear=0
shrinkage=0.05


Tree=132
num_leaves=15
num_cat=0
split_feature=24 0 15 0 1 2 2 2 1 0 0 1 0 0
split_gain=1.32002 3.49076 3.19592 2.59405 3.31499 2.60115 3.24785 2.70019 2.34435 2.34371 2.29898 3.88012 2.36628 2.15555
threshold=1.0000000180025095e-35 0.8015748031496065 1.0000000180025095e-35 0.77970588235294136 0.86807079128272646 0.53128173947334301 0.57182794809341442 0.60103935003280651 0.9240384615384617 0.85825892857142871 0.72438780609695164 0.81057781919850902 0.71209106984969073 0.63510737628384695
decision_type=2 2 2 2 2 2 2 2 2 2 2 2 2 2
left_child=3 2 13 5 -5 10 -7 -8 -6 -3 12 -12 -1 -2
right_child=1 9 -4 4 8 6 7 -9 -10 -11 11 -13 -14 -15
leaf_value=0.001177192030852167 -0.0068744971465134102 0.056910929923884447 0.0079594712485399413 -0.039785663116596551 0.019801638118224347 0.033765800498313923 -0.014551480842754328 0.016698611625959568 -0.02827104863177245 -0.0065340278793618884 0.055768450065805213 -0.0324745469497245 -0.047092099323131409 -0.032544182369341042
leaf_weight=105.07126915623667 18.157018843718106 3.5627308636903754 17.563510732812574 7.4327825037762549 7.3685899898409826 16.264385648071766 10.426043814048173 20.511588804423809 3.8670433089137077 2.4611990302801132 4.4903470987919709 1.7240150757133959 2.6018798655131823 14.8806673316285
leaf_count=3291 677 25 486 47 41 82 52 141 43 21 33 23 27 192
internal_value=0.001666 -0.00499118 -0.00927455 0.00376307 -0.0138808 0.00580779 0.0156769 0.00616727 0.00325614 0.0309892 0.00171743 0.0312877 1.07833e-05 -0.0184365
internal_weight=236.383 56.6251 50.6012 179.758 18.6684 161.09 47.202 30.9376 11.2356 6.02393 113.888 6.21436 107.673 33.0377
internal_count=5181 1401 1355 3780 131 3649 275 193 84 46 3374 56 3318 869
is_linear=0
shrinkage=0.05


Tree=133
num_leaves=15
num_cat=0
split_feature=1 1 20 2 1 0 2 1 0 2 0 0 0 2
split_gain=1.02321 3.12929 3.06604 2.76219 2.68115 2.06661 2.74637 1.96667 2.6431 4.78929 2.55183 3.63334 2.39762 1.80438
threshold=0.88589511754068728 0.89258241758241763 1.0000000180025095e-35 0.69769075512886058 0.84924242424242424 0.72797744890768157 0.51899543404579174 0.81853972798854702 0.69891215346824198 0.43765561282634741 0.6844476055002372 0.66224329968673878 0.63510737628384695 0.62718835473060619
decision_type=2 2 2 2 2 2 2 2 2 2 2 2 2 2
left_child=4 5 3 -3 7 6 -2 8 12 -10 11 -9 -1 -12
right_child=1 2 -4 -5 -6 -7 -8 10 9 -11 13 -13 -14 -15
leaf_value=0.0035423828821413111 -0.01206134239065744 -0.052574059046537391 0.0086199688857092165 0.0087268894259466528 0.018447252488291731 -0.0021989134517839174 -0.087269682157557066 -0.011874867331844501 -0.053806367354744256 0.023866747173952457 -0.042767314010208383 0.062177223586273957 -0.012518845728174428 -0.0029198363613814437
leaf_weight=92.256409744295524 2.1704101935029012 4.4696465451270333 26.848591778427362 3.1206432310864329 23.694169547408819 3.1368343234062195 2.7542283311486244 6.5595202706754225 2.1702951652696383 23.192747615743428 7.904281812719999 2.2160152662545443 31.058594275789801 4.4350032806396484
leaf_count=3795 22 47 228 32 159 21 17 84 54 152 63 21 481 20
internal_value=0.0011483 -0.00587657 0.000687597 -0.027371 0.00269134 -0.0339189 -0.0541235 0.000492644 0.00252054 0.0172203 -0.0137866 0.00682491 -0.00050286 -0.0284453
internal_weight=235.987 42.5004 34.4389 7.59029 193.487 8.06147 4.92464 169.793 148.678 25.363 21.1148 8.77554 123.315 12.3393
internal_count=5196 367 307 79 4829 60 39 4670 4482 206 188 105 4276 83
is_linear=0
shrinkage=0.05


Tree=134
num_leaves=12
num_cat=0
split_feature=0 24 7 0 0 0 2 0 2 2 0
split_gain=1.85036 1.33196 3.76493 1.62504 1.91579 1.56165 1.76058 1.22899 0.863104 0.00509165 0.000375591
threshold=0.90815370196813505 0.2142857142857143 1.0000000180025095e-35 0.59284802043422746 0.65232809127351232 0.8755952380952382 0.80057606101036083 0.46952439273321089 0.48335838317871099 0.54172670841217052 0.71209106984969073
decision_type=2 2 2 2 2 2 2 2 2 2 2
left_child=1 5 3 8 -5 6 7 -1 -3 10 -4
right_child=-2 2 9 4 -6 -7 -8 -9 -10 -11 -12
leaf_value=0.011861172611821786 0.048796129547155009 -0.034189590317850085 -0.056123075043683981 0.12974226593934021 0.036566962673930448 -0.035518768755666494 0.05588052218651092 -0.0016975680361140282 0.04981756657556137 -0.062411977193889238 -0.053690615579238023
leaf_weight=18.190535887435544 1.9423044603317965 0.65125940716825359 0.36780448319041148 0.97047416307032142 1.278398063033819 3.1826340034604064 1.3884930796921242 205.72875766718062 0.57632587663829327 0.37245208397507668 0.27913135848939419
leaf_count=489 24 28 32 15 19 17 27 4489 5 3 6
internal_value=0.000196123 -0.000209034 0.0267422 0.051519 0.0767757 -0.000739335 -0.000248051 -0.000596096 0.00525003 -0.0577548 -0.0550735
internal_weight=234.929 232.986 4.49585 3.47646 2.24887 228.49 225.308 223.919 1.22759 1.01939 0.646936
internal_count=5154 5130 108 67 34 5022 5005 4978 33 41 38
is_linear=0
shrinkage=0.05


end of trees

feature_importances:
Column_0=637
Column_2=566
Column_1=460
Column_15=53
Column_24=46
Column_16=41
Column_3=16
Column_7=12
Column_5=10
Column_18=9
Column_20=4
Column_8=3
Column_17=2
Column_6=1

parameters:
[boosting: gbdt]
[objective: binary]
[metric: binary_logloss]
[tree_learner: serial]
[device_type: cpu]
[data_sample_strategy: bagging]
[data: ]
[valid: ]
[num_iterations: 350]
[learning_rate: 0.05]
[num_leaves: 15]
[num_threads: 2]
[seed: 42]
[deterministic: 0]
[force_col_wise: 0]
[force_row_wise: 0]
[histogram_pool_size: -1]
[max_depth: 5]
[min_data_in_leaf: 15]
[min_sum_hessian_in_leaf: 0.001]
[bagging_fraction: 0.9]
[pos_bagging_fraction: 1]
[neg_bagging_fraction: 1]
[bagging_freq: 1]
[bagging_seed: 400]
[bagging_by_query: 0]
[feature_fraction: 0.9]
[feature_fraction_bynode: 1]
[feature_fraction_seed: 30056]
[extra_trees: 0]
[extra_seed: 12879]
[early_stopping_round: 0]
[early_stopping_min_delta: 0]
[first_metric_only: 0]
[max_delta_step: 0]
[lambda_l1: 0]
[lambda_l2: 0]
[linear_lambda: 0]
[min_gain_to_split: 0]
[drop_rate: 0.1]
[max_drop: 50]
[skip_drop: 0.5]
[xgboost_dart_mode: 0]
[uniform_drop: 0]
[drop_seed: 17869]
[top_rate: 0.2]
[other_rate: 0.1]
[min_data_per_group: 100]
[max_cat_threshold: 32]
[cat_l2: 10]
[cat_smooth: 10]
[max_cat_to_onehot: 4]
[top_k: 20]
[monotone_constraints: ]
[monotone_constraints_method: basic]
[monotone_penalty: 0]
[feature_contri: ]
[forcedsplits_filename: ]
[refit_decay_rate: 0.9]
[cegb_tradeoff: 1]
[cegb_penalty_split: 0]
[cegb_penalty_feature_lazy: ]
[cegb_penalty_feature_coupled: ]
[path_smooth: 0]
[interaction_constraints: ]
[verbosity: -1]
[saved_feature_importance_type: 0]
[use_quantized_grad: 0]
[num_grad_quant_bins: 4]
[quant_train_renew_leaf: 0]
[stochastic_rounding: 1]
[linear_tree: 0]
[max_bin: 255]
[max_bin_by_feature: ]
[min_data_in_bin: 3]
[bin_construct_sample_cnt: 200000]
[data_random_seed: 175]
[is_enable_sparse: 1]
[enable_bundle: 1]
[use_missing: 1]
[zero_as_missing: 0]
[feature_pre_filter: 1]
[pre_partition: 0]
[two_round: 0]
[header: 0]
[label_column: ]
[weight_column: ]
[group_column: ]
[ignore_column: ]
[categorical_feature: ]
[forcedbins_filename: ]
[precise_float_parser: 0]
[parser_config_file: ]
[objective_seed: 16083]
[num_class: 1]
[is_unbalance: 0]
[scale_pos_weight: 1]
[sigmoid: 1]
[boost_from_average: 1]
[reg_sqrt: 0]
[alpha: 0.9]
[fair_c: 1]
[poisson_max_delta_step: 0.7]
[tweedie_variance_power: 1.5]
[lambdarank_truncation_level: 30]
[lambdarank_norm: 1]
[label_gain: ]
[lambdarank_position_bias_regularization: 0]
[eval_at: ]
[multi_error_top_k: 1]
[auc_mu_weights: ]
[num_machines: 1]
[local_listen_port: 12400]
[time_out: 120]
[machine_list_filename: ]
[machines: ]
[gpu_platform_id: -1]
[gpu_device_id: -1]
[gpu_device_id_list: ]
[gpu_use_dp: 0]
[num_gpu: 1]

end of parameters

pandas_categorical:null
